OPEN FAILED: SerialException("could not open port 'COM16': FileNotFoundError(2, 'El sistema no puede encontrar el archivo especificado.', None, 2)")
OPEN FAILED: SerialException("could not open port 'COM16': FileNotFoundError(2, 'El sistema no puede encontrar el archivo especificado.', None, 2)")
OPEN FAILED: SerialException("could not open port 'COM16': FileNotFoundError(2, 'El sistema no puede encontrar el archivo especificado.', None, 2)")
OPEN FAILED: SerialException("could not open port 'COM16': FileNotFoundError(2, 'El sistema no puede encontrar el archivo especificado.', None, 2)")
OPEN FAILED: SerialException("could not open port 'COM16': FileNotFoundError(2, 'El sistema no puede encontrar el archivo especificado.', None, 2)")
OPEN FAILED: SerialException("could not open port 'COM16': FileNotFoundError(2, 'El sistema no puede encontrar el archivo especificado.', None, 2)")
OPEN FAILED: SerialException("could not open port 'COM16': FileNotFoundError(2, 'El sistema no puede encontrar el archivo especificado.', None, 2)")
OPEN FAILED: SerialException("could not open port 'COM16': FileNotFoundError(2, 'El sistema no puede encontrar el archivo especificado.', None, 2)")
OPEN FAILED: SerialException("could not open port 'COM16': FileNotFoundError(2, 'El sistema no puede encontrar el archivo especificado.', None, 2)")
OPEN FAILED: SerialException("could not open port 'COM16': FileNotFoundError(2, 'El sistema no puede encontrar el archivo especificado.', None, 2)")
OPEN FAILED: SerialException("could not open port 'COM16': FileNotFoundError(2, 'El sistema no puede encontrar el archivo especificado.', None, 2)")
OPEN FAILED: SerialException("could not open port 'COM16': FileNotFoundError(2, 'El sistema no puede encontrar el archivo especificado.', None, 2)")
OPEN FAILED: SerialException("could not open port 'COM16': FileNotFoundError(2, 'El sistema no puede encontrar el archivo especificado.', None, 2)")
OPEN FAILED: SerialException("could not open port 'COM16': FileNotFoundError(2, 'El sistema no puede encontrar el archivo especificado.', None, 2)")
OPEN FAILED: SerialException("could not open port 'COM16': FileNotFoundError(2, 'El sistema no puede encontrar el archivo especificado.', None, 2)")
OPEN FAILED: SerialException("could not open port 'COM16': FileNotFoundError(2, 'El sistema no puede encontrar el archivo especificado.', None, 2)")
OPEN FAILED: SerialException("could not open port 'COM16': FileNotFoundError(2, 'El sistema no puede encontrar el archivo especificado.', None, 2)")
OPEN FAILED: SerialException("could not open port 'COM16': FileNotFoundError(2, 'El sistema no puede encontrar el archivo especificado.', None, 2)")
OPEN FAILED: SerialException("could not open port 'COM16': FileNotFoundError(2, 'El sistema no puede encontrar el archivo especificado.', None, 2)")
OPEN FAILED: SerialException("could not open port 'COM16': FileNotFoundError(2, 'El sistema no puede encontrar el archivo especificado.', None, 2)")
OPEN FAILED: SerialException("could not open port 'COM16': FileNotFoundError(2, 'El sistema no puede encontrar el archivo especificado.', None, 2)")
OPEN FAILED: SerialException("could not open port 'COM16': FileNotFoundError(2, 'El sistema no puede encontrar el archivo especificado.', None, 2)")
OPEN FAILED: SerialException("could not open port 'COM16': FileNotFoundError(2, 'El sistema no puede encontrar el archivo especificado.', None, 2)")
OPEN FAILED: SerialException("could not open port 'COM16': FileNotFoundError(2, 'El sistema no puede encontrar el archivo especificado.', None, 2)")
OPEN FAILED: SerialException("could not open port 'COM16': FileNotFoundError(2, 'El sistema no puede encontrar el archivo especificado.', None, 2)")
OPEN FAILED: SerialException("could not open port 'COM16': FileNotFoundError(2, 'El sistema no puede encontrar el archivo especificado.', None, 2)")
OPEN FAILED: SerialException("could not open port 'COM16': FileNotFoundError(2, 'El sistema no puede encontrar el archivo especificado.', None, 2)")
OPEN FAILED: SerialException("could not open port 'COM16': FileNotFoundError(2, 'El sistema no puede encontrar el archivo especificado.', None, 2)")
OPEN FAILED: SerialException("could not open port 'COM16': FileNotFoundError(2, 'El sistema no puede encontrar el archivo especificado.', None, 2)")
OPEN FAILED: SerialException("could not open port 'COM16': FileNotFoundError(2, 'El sistema no puede encontrar el archivo especificado.', None, 2)")
OPEN FAILED: SerialException("could not open port 'COM16': FileNotFoundError(2, 'El sistema no puede encontrar el archivo especificado.', None, 2)")
OPEN FAILED: SerialException("could not open port 'COM16': FileNotFoundError(2, 'El sistema no puede encontrar el archivo especificado.', None, 2)")
OPEN FAILED: SerialException("could not open port 'COM16': FileNotFoundError(2, 'El sistema no puede encontrar el archivo especificado.', None, 2)")
OPEN FAILED: SerialException("could not open port 'COM16': FileNotFoundError(2, 'El sistema no puede encontrar el archivo especificado.', None, 2)")
OPEN FAILED: SerialException("could not open port 'COM16': FileNotFoundError(2, 'El sistema no puede encontrar el archivo especificado.', None, 2)")
OPEN FAILED: SerialException("could not open port 'COM16': FileNotFoundError(2, 'El sistema no puede encontrar el archivo especificado.', None, 2)")
OPEN FAILED: SerialException("could not open port 'COM16': FileNotFoundError(2, 'El sistema no puede encontrar el archivo especificado.', None, 2)")
OPEN FAILED: SerialException("could not open port 'COM16': FileNotFoundError(2, 'El sistema no puede encontrar el archivo especificado.', None, 2)")
OPEN FAILED: SerialException("could not open port 'COM16': FileNotFoundError(2, 'El sistema no puede encontrar el archivo especificado.', None, 2)")
OPEN FAILED: SerialException("could not open port 'COM16': FileNotFoundError(2, 'El sistema no puede encontrar el archivo especificado.', None, 2)")
OPEN FAILED: SerialException("could not open port 'COM16': FileNotFoundError(2, 'El sistema no puede encontrar el archivo especificado.', None, 2)")
OPEN FAILED: SerialException("could not open port 'COM16': FileNotFoundError(2, 'El sistema no puede encontrar el archivo especificado.', None, 2)")
OPEN FAILED: SerialException("could not open port 'COM16': FileNotFoundError(2, 'El sistema no puede encontrar el archivo especificado.', None, 2)")
OPEN FAILED: SerialException("could not open port 'COM16': FileNotFoundError(2, 'El sistema no puede encontrar el archivo especificado.', None, 2)")
OPEN FAILED: SerialException("could not open port 'COM16': FileNotFoundError(2, 'El sistema no puede encontrar el archivo especificado.', None, 2)")
OPEN FAILED: SerialException("could not open port 'COM16': FileNotFoundError(2, 'El sistema no puede encontrar el archivo especificado.', None, 2)")
OPEN FAILED: SerialException("could not open port 'COM16': FileNotFoundError(2, 'El sistema no puede encontrar el archivo especificado.', None, 2)")
OPEN FAILED: SerialException("could not open port 'COM16': FileNotFoundError(2, 'El sistema no puede encontrar el archivo especificado.', None, 2)")
OPEN FAILED: SerialException("could not open port 'COM16': FileNotFoundError(2, 'El sistema no puede encontrar el archivo especificado.', None, 2)")
OPEN FAILED: SerialException("could not open port 'COM16': FileNotFoundError(2, 'El sistema no puede encontrar el archivo especificado.', None, 2)")
OPEN FAILED: SerialException("could not open port 'COM16': FileNotFoundError(2, 'El sistema no puede encontrar el archivo especificado.', None, 2)")
OPEN FAILED: SerialException("could not open port 'COM16': FileNotFoundError(2, 'El sistema no puede encontrar el archivo especificado.', None, 2)")
OPEN FAILED: SerialException("could not open port 'COM16': FileNotFoundError(2, 'El sistema no puede encontrar el archivo especificado.', None, 2)")
OPEN FAILED: SerialException("could not open port 'COM16': FileNotFoundError(2, 'El sistema no puede encontrar el archivo especificado.', None, 2)")
OPEN FAILED: SerialException("could not open port 'COM16': FileNotFoundError(2, 'El sistema no puede encontrar el archivo especificado.', None, 2)")
OPEN FAILED: SerialException("could not open port 'COM16': FileNotFoundError(2, 'El sistema no puede encontrar el archivo especificado.', None, 2)")
OPEN FAILED: SerialException("could not open port 'COM16': FileNotFoundError(2, 'El sistema no puede encontrar el archivo especificado.', None, 2)")
OPEN FAILED: SerialException("could not open port 'COM16': FileNotFoundError(2, 'El sistema no puede encontrar el archivo especificado.', None, 2)")
OPEN FAILED: SerialException("could not open port 'COM16': FileNotFoundError(2, 'El sistema no puede encontrar el archivo especificado.', None, 2)")
OPEN FAILED: SerialException("could not open port 'COM16': FileNotFoundError(2, 'El sistema no puede encontrar el archivo especificado.', None, 2)")
OPEN FAILED: SerialException("could not open port 'COM16': FileNotFoundError(2, 'El sistema no puede encontrar el archivo especificado.', None, 2)")
OPEN FAILED: SerialException("could not open port 'COM16': FileNotFoundError(2, 'El sistema no puede encontrar el archivo especificado.', None, 2)")
OPEN FAILED: SerialException("could not open port 'COM16': FileNotFoundError(2, 'El sistema no puede encontrar el archivo especificado.', None, 2)")
OPEN FAILED: SerialException("could not open port 'COM16': FileNotFoundError(2, 'El sistema no puede encontrar el archivo especificado.', None, 2)")
OPEN FAILED: SerialException("could not open port 'COM16': FileNotFoundError(2, 'El sistema no puede encontrar el archivo especificado.', None, 2)")
OPEN FAILED: SerialException("could not open port 'COM16': FileNotFoundError(2, 'El sistema no puede encontrar el archivo especificado.', None, 2)")
OPEN FAILED: SerialException("could not open port 'COM16': FileNotFoundError(2, 'El sistema no puede encontrar el archivo especificado.', None, 2)")
OPEN FAILED: SerialException("could not open port 'COM16': FileNotFoundError(2, 'El sistema no puede encontrar el archivo especificado.', None, 2)")
OPEN FAILED: SerialException("could not open port 'COM16': FileNotFoundError(2, 'El sistema no puede encontrar el archivo especificado.', None, 2)")
OPEN FAILED: SerialException("could not open port 'COM16': FileNotFoundError(2, 'El sistema no puede encontrar el archivo especificado.', None, 2)")
OPEN FAILED: SerialException("could not open port 'COM16': FileNotFoundError(2, 'El sistema no puede encontrar el archivo especificado.', None, 2)")
OPEN FAILED: SerialException("could not open port 'COM16': FileNotFoundError(2, 'El sistema no puede encontrar el archivo especificado.', None, 2)")
OPEN FAILED: SerialException("could not open port 'COM16': FileNotFoundError(2, 'El sistema no puede encontrar el archivo especificado.', None, 2)")
OPEN FAILED: SerialException("could not open port 'COM16': FileNotFoundError(2, 'El sistema no puede encontrar el archivo especificado.', None, 2)")
OPEN FAILED: SerialException("could not open port 'COM16': FileNotFoundError(2, 'El sistema no puede encontrar el archivo especificado.', None, 2)")
OPEN FAILED: SerialException("could not open port 'COM16': FileNotFoundError(2, 'El sistema no puede encontrar el archivo especificado.', None, 2)")
OPEN FAILED: SerialException("could not open port 'COM16': FileNotFoundError(2, 'El sistema no puede encontrar el archivo especificado.', None, 2)")
OPEN FAILED: SerialException("could not open port 'COM16': FileNotFoundError(2, 'El sistema no puede encontrar el archivo especificado.', None, 2)")
OPEN FAILED: SerialException("could not open port 'COM16': FileNotFoundError(2, 'El sistema no puede encontrar el archivo especificado.', None, 2)")
OPEN FAILED: SerialException("could not open port 'COM16': FileNotFoundError(2, 'El sistema no puede encontrar el archivo especificado.', None, 2)")
OPEN FAILED: SerialException("could not open port 'COM16': FileNotFoundError(2, 'El sistema no puede encontrar el archivo especificado.', None, 2)")
OPEN FAILED: SerialException("could not open port 'COM16': FileNotFoundError(2, 'El sistema no puede encontrar el archivo especificado.', None, 2)")
OPEN FAILED: SerialException("could not open port 'COM16': FileNotFoundError(2, 'El sistema no puede encontrar el archivo especificado.', None, 2)")
OPEN FAILED: SerialException("could not open port 'COM16': FileNotFoundError(2, 'El sistema no puede encontrar el archivo especificado.', None, 2)")
OPEN FAILED: SerialException("could not open port 'COM16': FileNotFoundError(2, 'El sistema no puede encontrar el archivo especificado.', None, 2)")
OPEN FAILED: SerialException("could not open port 'COM16': FileNotFoundError(2, 'El sistema no puede encontrar el archivo especificado.', None, 2)")
OPEN FAILED: SerialException("could not open port 'COM16': FileNotFoundError(2, 'El sistema no puede encontrar el archivo especificado.', None, 2)")
OPEN FAILED: SerialException("could not open port 'COM16': FileNotFoundError(2, 'El sistema no puede encontrar el archivo especificado.', None, 2)")
OPEN FAILED: SerialException("could not open port 'COM16': FileNotFoundError(2, 'El sistema no puede encontrar el archivo especificado.', None, 2)")
OPEN FAILED: SerialException("could not open port 'COM16': FileNotFoundError(2, 'El sistema no puede encontrar el archivo especificado.', None, 2)")
OPEN FAILED: SerialException("could not open port 'COM16': FileNotFoundError(2, 'El sistema no puede encontrar el archivo especificado.', None, 2)")
OPEN FAILED: SerialException("could not open port 'COM16': FileNotFoundError(2, 'El sistema no puede encontrar el archivo especificado.', None, 2)")
OPEN FAILED: SerialException("could not open port 'COM16': FileNotFoundError(2, 'El sistema no puede encontrar el archivo especificado.', None, 2)")
OPEN FAILED: SerialException("could not open port 'COM16': FileNotFoundError(2, 'El sistema no puede encontrar el archivo especificado.', None, 2)")
OPEN FAILED: SerialException("could not open port 'COM16': FileNotFoundError(2, 'El sistema no puede encontrar el archivo especificado.', None, 2)")
OPEN FAILED: SerialException("could not open port 'COM16': FileNotFoundError(2, 'El sistema no puede encontrar el archivo especificado.', None, 2)")
OPEN FAILED: SerialException("could not open port 'COM16': FileNotFoundError(2, 'El sistema no puede encontrar el archivo especificado.', None, 2)")
OPEN FAILED: SerialException("could not open port 'COM16': FileNotFoundError(2, 'El sistema no puede encontrar el archivo especificado.', None, 2)")
OPEN FAILED: SerialException("could not open port 'COM16': FileNotFoundError(2, 'El sistema no puede encontrar el archivo especificado.', None, 2)")
OPEN FAILED: SerialException("could not open port 'COM16': FileNotFoundError(2, 'El sistema no puede encontrar el archivo especificado.', None, 2)")
=== COM16 abierto, capturando 120s (el open resetea la placa) ===
[   0.3s] Deep-sleep wake #140 (cause=4)
[   0.3s] Last reset reason: 8 = DEEPSLEEP
[   0.3s] Node address: 4 (Module B sees this as +RCV addr=4)
[   0.3s] Tick: sensor_read 1/3, lora_trans 2/4
[   0.3s] 
[   0.3s] [sleep] nothing due - no rails powered - sleeping 10s
READ FAILED after 0.3s: SerialException("ClearCommError failed (PermissionError(13, 'El dispositivo no reconoce el comando.', None, 22))")
=== fin ===
OPEN FAILED: SerialException("could not open port 'COM16': FileNotFoundError(2, 'El sistema no puede encontrar el archivo especificado.', None, 2)")
OPEN FAILED: SerialException("could not open port 'COM16': FileNotFoundError(2, 'El sistema no puede encontrar el archivo especificado.', None, 2)")
OPEN FAILED: SerialException("could not open port 'COM16': FileNotFoundError(2, 'El sistema no puede encontrar el archivo especificado.', None, 2)")
OPEN FAILED: SerialException("could not open port 'COM16': FileNotFoundError(2, 'El sistema no puede encontrar el archivo especificado.', None, 2)")
OPEN FAILED: SerialException("could not open port 'COM16': FileNotFoundError(2, 'El sistema no puede encontrar el archivo especificado.', None, 2)")
OPEN FAILED: SerialException("could not open port 'COM16': FileNotFoundError(2, 'El sistema no puede encontrar el archivo especificado.', None, 2)")
OPEN FAILED: SerialException("could not open port 'COM16': FileNotFoundError(2, 'El sistema no puede encontrar el archivo especificado.', None, 2)")
OPEN FAILED: SerialException("could not open port 'COM16': FileNotFoundError(2, 'El sistema no puede encontrar el archivo especificado.', None, 2)")
OPEN FAILED: SerialException("could not open port 'COM16': FileNotFoundError(2, 'El sistema no puede encontrar el archivo especificado.', None, 2)")
OPEN FAILED: SerialException("could not open port 'COM16': FileNotFoundError(2, 'El sistema no puede encontrar el archivo especificado.', None, 2)")
OPEN FAILED: SerialException("could not open port 'COM16': FileNotFoundError(2, 'El sistema no puede encontrar el archivo especificado.', None, 2)")
OPEN FAILED: SerialException("could not open port 'COM16': FileNotFoundError(2, 'El sistema no puede encontrar el archivo especificado.', None, 2)")
OPEN FAILED: SerialException("could not open port 'COM16': FileNotFoundError(2, 'El sistema no puede encontrar el archivo especificado.', None, 2)")
OPEN FAILED: SerialException("could not open port 'COM16': FileNotFoundError(2, 'El sistema no puede encontrar el archivo especificado.', None, 2)")
OPEN FAILED: SerialException("could not open port 'COM16': FileNotFoundError(2, 'El sistema no puede encontrar el archivo especificado.', None, 2)")
OPEN FAILED: SerialException("could not open port 'COM16': FileNotFoundError(2, 'El sistema no puede encontrar el archivo especificado.', None, 2)")
OPEN FAILED: SerialException("could not open port 'COM16': FileNotFoundError(2, 'El sistema no puede encontrar el archivo especificado.', None, 2)")
OPEN FAILED: SerialException("could not open port 'COM16': FileNotFoundError(2, 'El sistema no puede encontrar el archivo especificado.', None, 2)")
OPEN FAILED: SerialException("could not open port 'COM16': FileNotFoundError(2, 'El sistema no puede encontrar el archivo especificado.', None, 2)")
OPEN FAILED: SerialException("could not open port 'COM16': FileNotFoundError(2, 'El sistema no puede encontrar el archivo especificado.', None, 2)")
OPEN FAILED: SerialException("could not open port 'COM16': FileNotFoundError(2, 'El sistema no puede encontrar el archivo especificado.', None, 2)")
OPEN FAILED: SerialException("could not open port 'COM16': FileNotFoundError(2, 'El sistema no puede encontrar el archivo especificado.', None, 2)")
OPEN FAILED: SerialException("could not open port 'COM16': FileNotFoundError(2, 'El sistema no puede encontrar el archivo especificado.', None, 2)")
OPEN FAILED: SerialException("could not open port 'COM16': FileNotFoundError(2, 'El sistema no puede encontrar el archivo especificado.', None, 2)")
OPEN FAILED: SerialException("could not open port 'COM16': FileNotFoundError(2, 'El sistema no puede encontrar el archivo especificado.', None, 2)")
OPEN FAILED: SerialException("could not open port 'COM16': FileNotFoundError(2, 'El sistema no puede encontrar el archivo especificado.', None, 2)")
OPEN FAILED: SerialException("could not open port 'COM16': FileNotFoundError(2, 'El sistema no puede encontrar el archivo especificado.', None, 2)")
OPEN FAILED: SerialException("could not open port 'COM16': FileNotFoundError(2, 'El sistema no puede encontrar el archivo especificado.', None, 2)")
OPEN FAILED: SerialException("could not open port 'COM16': FileNotFoundError(2, 'El sistema no puede encontrar el archivo especificado.', None, 2)")
OPEN FAILED: SerialException("could not open port 'COM16': FileNotFoundError(2, 'El sistema no puede encontrar el archivo especificado.', None, 2)")
OPEN FAILED: SerialException("could not open port 'COM16': FileNotFoundError(2, 'El sistema no puede encontrar el archivo especificado.', None, 2)")
OPEN FAILED: SerialException("could not open port 'COM16': FileNotFoundError(2, 'El sistema no puede encontrar el archivo especificado.', None, 2)")
OPEN FAILED: SerialException("could not open port 'COM16': FileNotFoundError(2, 'El sistema no puede encontrar el archivo especificado.', None, 2)")
OPEN FAILED: SerialException("could not open port 'COM16': FileNotFoundError(2, 'El sistema no puede encontrar el archivo especificado.', None, 2)")
OPEN FAILED: SerialException("could not open port 'COM16': FileNotFoundError(2, 'El sistema no puede encontrar el archivo especificado.', None, 2)")
OPEN FAILED: SerialException("could not open port 'COM16': FileNotFoundError(2, 'El sistema no puede encontrar el archivo especificado.', None, 2)")
OPEN FAILED: SerialException("could not open port 'COM16': FileNotFoundError(2, 'El sistema no puede encontrar el archivo especificado.', None, 2)")
OPEN FAILED: SerialException("could not open port 'COM16': FileNotFoundError(2, 'El sistema no puede encontrar el archivo especificado.', None, 2)")
OPEN FAILED: SerialException("could not open port 'COM16': FileNotFoundError(2, 'El sistema no puede encontrar el archivo especificado.', None, 2)")
OPEN FAILED: SerialException("could not open port 'COM16': FileNotFoundError(2, 'El sistema no puede encontrar el archivo especificado.', None, 2)")
OPEN FAILED: SerialException("could not open port 'COM16': FileNotFoundError(2, 'El sistema no puede encontrar el archivo especificado.', None, 2)")
OPEN FAILED: SerialException("could not open port 'COM16': FileNotFoundError(2, 'El sistema no puede encontrar el archivo especificado.', None, 2)")
OPEN FAILED: SerialException("could not open port 'COM16': FileNotFoundError(2, 'El sistema no puede encontrar el archivo especificado.', None, 2)")
OPEN FAILED: SerialException("could not open port 'COM16': FileNotFoundError(2, 'El sistema no puede encontrar el archivo especificado.', None, 2)")
OPEN FAILED: SerialException("could not open port 'COM16': FileNotFoundError(2, 'El sistema no puede encontrar el archivo especificado.', None, 2)")
OPEN FAILED: SerialException("could not open port 'COM16': FileNotFoundError(2, 'El sistema no puede encontrar el archivo especificado.', None, 2)")
OPEN FAILED: SerialException("could not open port 'COM16': FileNotFoundError(2, 'El sistema no puede encontrar el archivo especificado.', None, 2)")
OPEN FAILED: SerialException("could not open port 'COM16': FileNotFoundError(2, 'El sistema no puede encontrar el archivo especificado.', None, 2)")
OPEN FAILED: SerialException("could not open port 'COM16': FileNotFoundError(2, 'El sistema no puede encontrar el archivo especificado.', None, 2)")
OPEN FAILED: SerialException("could not open port 'COM16': FileNotFoundError(2, 'El sistema no puede encontrar el archivo especificado.', None, 2)")
OPEN FAILED: SerialException("could not open port 'COM16': FileNotFoundError(2, 'El sistema no puede encontrar el archivo especificado.', None, 2)")
OPEN FAILED: SerialException("could not open port 'COM16': FileNotFoundError(2, 'El sistema no puede encontrar el archivo especificado.', None, 2)")
OPEN FAILED: SerialException("could not open port 'COM16': FileNotFoundError(2, 'El sistema no puede encontrar el archivo especificado.', None, 2)")
OPEN FAILED: SerialException("could not open port 'COM16': FileNotFoundError(2, 'El sistema no puede encontrar el archivo especificado.', None, 2)")
OPEN FAILED: SerialException("could not open port 'COM16': FileNotFoundError(2, 'El sistema no puede encontrar el archivo especificado.', None, 2)")
OPEN FAILED: SerialException("could not open port 'COM16': FileNotFoundError(2, 'El sistema no puede encontrar el archivo especificado.', None, 2)")
OPEN FAILED: SerialException("could not open port 'COM16': FileNotFoundError(2, 'El sistema no puede encontrar el archivo especificado.', None, 2)")
OPEN FAILED: SerialException("could not open port 'COM16': FileNotFoundError(2, 'El sistema no puede encontrar el archivo especificado.', None, 2)")
OPEN FAILED: SerialException("could not open port 'COM16': FileNotFoundError(2, 'El sistema no puede encontrar el archivo especificado.', None, 2)")
OPEN FAILED: SerialException("could not open port 'COM16': FileNotFoundError(2, 'El sistema no puede encontrar el archivo especificado.', None, 2)")
OPEN FAILED: SerialException("could not open port 'COM16': FileNotFoundError(2, 'El sistema no puede encontrar el archivo especificado.', None, 2)")
OPEN FAILED: SerialException("could not open port 'COM16': FileNotFoundError(2, 'El sistema no puede encontrar el archivo especificado.', None, 2)")
OPEN FAILED: SerialException("could not open port 'COM16': FileNotFoundError(2, 'El sistema no puede encontrar el archivo especificado.', None, 2)")
OPEN FAILED: SerialException("could not open port 'COM16': FileNotFoundError(2, 'El sistema no puede encontrar el archivo especificado.', None, 2)")
OPEN FAILED: SerialException("could not open port 'COM16': FileNotFoundError(2, 'El sistema no puede encontrar el archivo especificado.', None, 2)")
OPEN FAILED: SerialException("could not open port 'COM16': FileNotFoundError(2, 'El sistema no puede encontrar el archivo especificado.', None, 2)")
OPEN FAILED: SerialException("could not open port 'COM16': FileNotFoundError(2, 'El sistema no puede encontrar el archivo especificado.', None, 2)")
OPEN FAILED: SerialException("could not open port 'COM16': FileNotFoundError(2, 'El sistema no puede encontrar el archivo especificado.', None, 2)")
OPEN FAILED: SerialException("could not open port 'COM16': FileNotFoundError(2, 'El sistema no puede encontrar el archivo especificado.', None, 2)")
OPEN FAILED: SerialException("could not open port 'COM16': FileNotFoundError(2, 'El sistema no puede encontrar el archivo especificado.', None, 2)")
OPEN FAILED: SerialException("could not open port 'COM16': FileNotFoundError(2, 'El sistema no puede encontrar el archivo especificado.', None, 2)")
OPEN FAILED: SerialException("could not open port 'COM16': FileNotFoundError(2, 'El sistema no puede encontrar el archivo especificado.', None, 2)")
OPEN FAILED: SerialException("could not open port 'COM16': FileNotFoundError(2, 'El sistema no puede encontrar el archivo especificado.', None, 2)")
OPEN FAILED: SerialException("could not open port 'COM16': FileNotFoundError(2, 'El sistema no puede encontrar el archivo especificado.', None, 2)")
OPEN FAILED: SerialException("could not open port 'COM16': FileNotFoundError(2, 'El sistema no puede encontrar el archivo especificado.', None, 2)")
OPEN FAILED: SerialException("could not open port 'COM16': FileNotFoundError(2, 'El sistema no puede encontrar el archivo especificado.', None, 2)")
OPEN FAILED: SerialException("could not open port 'COM16': FileNotFoundError(2, 'El sistema no puede encontrar el archivo especificado.', None, 2)")
OPEN FAILED: SerialException("could not open port 'COM16': FileNotFoundError(2, 'El sistema no puede encontrar el archivo especificado.', None, 2)")
OPEN FAILED: SerialException("could not open port 'COM16': FileNotFoundError(2, 'El sistema no puede encontrar el archivo especificado.', None, 2)")
OPEN FAILED: SerialException("could not open port 'COM16': FileNotFoundError(2, 'El sistema no puede encontrar el archivo especificado.', None, 2)")
OPEN FAILED: SerialException("could not open port 'COM16': FileNotFoundError(2, 'El sistema no puede encontrar el archivo especificado.', None, 2)")
OPEN FAILED: SerialException("could not open port 'COM16': FileNotFoundError(2, 'El sistema no puede encontrar el archivo especificado.', None, 2)")
OPEN FAILED: SerialException("could not open port 'COM16': FileNotFoundError(2, 'El sistema no puede encontrar el archivo especificado.', None, 2)")
OPEN FAILED: SerialException("could not open port 'COM16': FileNotFoundError(2, 'El sistema no puede encontrar el archivo especificado.', None, 2)")
OPEN FAILED: SerialException("could not open port 'COM16': FileNotFoundError(2, 'El sistema no puede encontrar el archivo especificado.', None, 2)")
OPEN FAILED: SerialException("could not open port 'COM16': FileNotFoundError(2, 'El sistema no puede encontrar el archivo especificado.', None, 2)")
OPEN FAILED: SerialException("could not open port 'COM16': FileNotFoundError(2, 'El sistema no puede encontrar el archivo especificado.', None, 2)")
OPEN FAILED: SerialException("could not open port 'COM16': FileNotFoundError(2, 'El sistema no puede encontrar el archivo especificado.', None, 2)")
OPEN FAILED: SerialException("could not open port 'COM16': FileNotFoundError(2, 'El sistema no puede encontrar el archivo especificado.', None, 2)")
OPEN FAILED: SerialException("could not open port 'COM16': FileNotFoundError(2, 'El sistema no puede encontrar el archivo especificado.', None, 2)")
OPEN FAILED: SerialException("could not open port 'COM16': FileNotFoundError(2, 'El sistema no puede encontrar el archivo especificado.', None, 2)")
OPEN FAILED: SerialException("could not open port 'COM16': FileNotFoundError(2, 'El sistema no puede encontrar el archivo especificado.', None, 2)")
OPEN FAILED: SerialException("could not open port 'COM16': FileNotFoundError(2, 'El sistema no puede encontrar el archivo especificado.', None, 2)")
OPEN FAILED: SerialException("could not open port 'COM16': FileNotFoundError(2, 'El sistema no puede encontrar el archivo especificado.', None, 2)")
OPEN FAILED: SerialException("could not open port 'COM16': FileNotFoundError(2, 'El sistema no puede encontrar el archivo especificado.', None, 2)")
OPEN FAILED: SerialException("could not open port 'COM16': FileNotFoundError(2, 'El sistema no puede encontrar el archivo especificado.', None, 2)")
OPEN FAILED: SerialException("could not open port 'COM16': FileNotFoundError(2, 'El sistema no puede encontrar el archivo especificado.', None, 2)")
OPEN FAILED: SerialException("could not open port 'COM16': FileNotFoundError(2, 'El sistema no puede encontrar el archivo especificado.', None, 2)")
OPEN FAILED: SerialException("could not open port 'COM16': FileNotFoundError(2, 'El sistema no puede encontrar el archivo especificado.', None, 2)")
OPEN FAILED: SerialException("could not open port 'COM16': FileNotFoundError(2, 'El sistema no puede encontrar el archivo especificado.', None, 2)")
OPEN FAILED: SerialException("could not open port 'COM16': FileNotFoundError(2, 'El sistema no puede encontrar el archivo especificado.', None, 2)")
OPEN FAILED: SerialException("could not open port 'COM16': FileNotFoundError(2, 'El sistema no puede encontrar el archivo especificado.', None, 2)")
OPEN FAILED: SerialException("could not open port 'COM16': FileNotFoundError(2, 'El sistema no puede encontrar el archivo especificado.', None, 2)")
OPEN FAILED: SerialException("could not open port 'COM16': FileNotFoundError(2, 'El sistema no puede encontrar el archivo especificado.', None, 2)")
OPEN FAILED: SerialException("could not open port 'COM16': FileNotFoundError(2, 'El sistema no puede encontrar el archivo especificado.', None, 2)")
OPEN FAILED: SerialException("could not open port 'COM16': FileNotFoundError(2, 'El sistema no puede encontrar el archivo especificado.', None, 2)")
OPEN FAILED: SerialException("could not open port 'COM16': FileNotFoundError(2, 'El sistema no puede encontrar el archivo especificado.', None, 2)")
OPEN FAILED: SerialException("could not open port 'COM16': FileNotFoundError(2, 'El sistema no puede encontrar el archivo especificado.', None, 2)")
OPEN FAILED: SerialException("could not open port 'COM16': FileNotFoundError(2, 'El sistema no puede encontrar el archivo especificado.', None, 2)")
=== COM16 abierto, capturando 120s (el open resetea la placa) ===
[   0.3s] Deep-sleep wake #141 (cause=4)
[   0.3s] Last reset reason: 8 = DEEPSLEEP
[   0.3s] Node address: 4 (Module B sees this as +RCV addr=4)
[   0.3s] Tick: sensor_read 2/3, lora_trans 3/4
[   0.3s] 
[   0.3s] [sleep] nothing due - no rails powered - sleeping 10s
READ FAILED after 0.3s: SerialException("ClearCommError failed (PermissionError(13, 'El dispositivo no reconoce el comando.', None, 22))")
=== fin ===
OPEN FAILED: SerialException("could not open port 'COM16': FileNotFoundError(2, 'El sistema no puede encontrar el archivo especificado.', None, 2)")
OPEN FAILED: SerialException("could not open port 'COM16': FileNotFoundError(2, 'El sistema no puede encontrar el archivo especificado.', None, 2)")
OPEN FAILED: SerialException("could not open port 'COM16': FileNotFoundError(2, 'El sistema no puede encontrar el archivo especificado.', None, 2)")
OPEN FAILED: SerialException("could not open port 'COM16': FileNotFoundError(2, 'El sistema no puede encontrar el archivo especificado.', None, 2)")
OPEN FAILED: SerialException("could not open port 'COM16': FileNotFoundError(2, 'El sistema no puede encontrar el archivo especificado.', None, 2)")
OPEN FAILED: SerialException("could not open port 'COM16': FileNotFoundError(2, 'El sistema no puede encontrar el archivo especificado.', None, 2)")
OPEN FAILED: SerialException("could not open port 'COM16': FileNotFoundError(2, 'El sistema no puede encontrar el archivo especificado.', None, 2)")
OPEN FAILED: SerialException("could not open port 'COM16': FileNotFoundError(2, 'El sistema no puede encontrar el archivo especificado.', None, 2)")
OPEN FAILED: SerialException("could not open port 'COM16': FileNotFoundError(2, 'El sistema no puede encontrar el archivo especificado.', None, 2)")
OPEN FAILED: SerialException("could not open port 'COM16': FileNotFoundError(2, 'El sistema no puede encontrar el archivo especificado.', None, 2)")
OPEN FAILED: SerialException("could not open port 'COM16': FileNotFoundError(2, 'El sistema no puede encontrar el archivo especificado.', None, 2)")
OPEN FAILED: SerialException("could not open port 'COM16': FileNotFoundError(2, 'El sistema no puede encontrar el archivo especificado.', None, 2)")
OPEN FAILED: SerialException("could not open port 'COM16': FileNotFoundError(2, 'El sistema no puede encontrar el archivo especificado.', None, 2)")
OPEN FAILED: SerialException("could not open port 'COM16': FileNotFoundError(2, 'El sistema no puede encontrar el archivo especificado.', None, 2)")
OPEN FAILED: SerialException("could not open port 'COM16': FileNotFoundError(2, 'El sistema no puede encontrar el archivo especificado.', None, 2)")
OPEN FAILED: SerialException("could not open port 'COM16': FileNotFoundError(2, 'El sistema no puede encontrar el archivo especificado.', None, 2)")
OPEN FAILED: SerialException("could not open port 'COM16': FileNotFoundError(2, 'El sistema no puede encontrar el archivo especificado.', None, 2)")
OPEN FAILED: SerialException("could not open port 'COM16': FileNotFoundError(2, 'El sistema no puede encontrar el archivo especificado.', None, 2)")
OPEN FAILED: SerialException("could not open port 'COM16': FileNotFoundError(2, 'El sistema no puede encontrar el archivo especificado.', None, 2)")
OPEN FAILED: SerialException("could not open port 'COM16': FileNotFoundError(2, 'El sistema no puede encontrar el archivo especificado.', None, 2)")
OPEN FAILED: SerialException("could not open port 'COM16': FileNotFoundError(2, 'El sistema no puede encontrar el archivo especificado.', None, 2)")
OPEN FAILED: SerialException("could not open port 'COM16': FileNotFoundError(2, 'El sistema no puede encontrar el archivo especificado.', None, 2)")
OPEN FAILED: SerialException("could not open port 'COM16': FileNotFoundError(2, 'El sistema no puede encontrar el archivo especificado.', None, 2)")
OPEN FAILED: SerialException("could not open port 'COM16': FileNotFoundError(2, 'El sistema no puede encontrar el archivo especificado.', None, 2)")
OPEN FAILED: SerialException("could not open port 'COM16': FileNotFoundError(2, 'El sistema no puede encontrar el archivo especificado.', None, 2)")
OPEN FAILED: SerialException("could not open port 'COM16': FileNotFoundError(2, 'El sistema no puede encontrar el archivo especificado.', None, 2)")
OPEN FAILED: SerialException("could not open port 'COM16': FileNotFoundError(2, 'El sistema no puede encontrar el archivo especificado.', None, 2)")
OPEN FAILED: SerialException("could not open port 'COM16': FileNotFoundError(2, 'El sistema no puede encontrar el archivo especificado.', None, 2)")
OPEN FAILED: SerialException("could not open port 'COM16': FileNotFoundError(2, 'El sistema no puede encontrar el archivo especificado.', None, 2)")
OPEN FAILED: SerialException("could not open port 'COM16': FileNotFoundError(2, 'El sistema no puede encontrar el archivo especificado.', None, 2)")
OPEN FAILED: SerialException("could not open port 'COM16': FileNotFoundError(2, 'El sistema no puede encontrar el archivo especificado.', None, 2)")
OPEN FAILED: SerialException("could not open port 'COM16': FileNotFoundError(2, 'El sistema no puede encontrar el archivo especificado.', None, 2)")
OPEN FAILED: SerialException("could not open port 'COM16': FileNotFoundError(2, 'El sistema no puede encontrar el archivo especificado.', None, 2)")
OPEN FAILED: SerialException("could not open port 'COM16': FileNotFoundError(2, 'El sistema no puede encontrar el archivo especificado.', None, 2)")
OPEN FAILED: SerialException("could not open port 'COM16': FileNotFoundError(2, 'El sistema no puede encontrar el archivo especificado.', None, 2)")
OPEN FAILED: SerialException("could not open port 'COM16': FileNotFoundError(2, 'El sistema no puede encontrar el archivo especificado.', None, 2)")
OPEN FAILED: SerialException("could not open port 'COM16': FileNotFoundError(2, 'El sistema no puede encontrar el archivo especificado.', None, 2)")
OPEN FAILED: SerialException("could not open port 'COM16': FileNotFoundError(2, 'El sistema no puede encontrar el archivo especificado.', None, 2)")
OPEN FAILED: SerialException("could not open port 'COM16': FileNotFoundError(2, 'El sistema no puede encontrar el archivo especificado.', None, 2)")
OPEN FAILED: SerialException("could not open port 'COM16': FileNotFoundError(2, 'El sistema no puede encontrar el archivo especificado.', None, 2)")
OPEN FAILED: SerialException("could not open port 'COM16': FileNotFoundError(2, 'El sistema no puede encontrar el archivo especificado.', None, 2)")
OPEN FAILED: SerialException("could not open port 'COM16': FileNotFoundError(2, 'El sistema no puede encontrar el archivo especificado.', None, 2)")
OPEN FAILED: SerialException("could not open port 'COM16': FileNotFoundError(2, 'El sistema no puede encontrar el archivo especificado.', None, 2)")
OPEN FAILED: SerialException("could not open port 'COM16': FileNotFoundError(2, 'El sistema no puede encontrar el archivo especificado.', None, 2)")
OPEN FAILED: SerialException("could not open port 'COM16': FileNotFoundError(2, 'El sistema no puede encontrar el archivo especificado.', None, 2)")
OPEN FAILED: SerialException("could not open port 'COM16': FileNotFoundError(2, 'El sistema no puede encontrar el archivo especificado.', None, 2)")
OPEN FAILED: SerialException("could not open port 'COM16': FileNotFoundError(2, 'El sistema no puede encontrar el archivo especificado.', None, 2)")
OPEN FAILED: SerialException("could not open port 'COM16': FileNotFoundError(2, 'El sistema no puede encontrar el archivo especificado.', None, 2)")
OPEN FAILED: SerialException("could not open port 'COM16': FileNotFoundError(2, 'El sistema no puede encontrar el archivo especificado.', None, 2)")
OPEN FAILED: SerialException("could not open port 'COM16': FileNotFoundError(2, 'El sistema no puede encontrar el archivo especificado.', None, 2)")
OPEN FAILED: SerialException("could not open port 'COM16': FileNotFoundError(2, 'El sistema no puede encontrar el archivo especificado.', None, 2)")
OPEN FAILED: SerialException("could not open port 'COM16': FileNotFoundError(2, 'El sistema no puede encontrar el archivo especificado.', None, 2)")
OPEN FAILED: SerialException("could not open port 'COM16': FileNotFoundError(2, 'El sistema no puede encontrar el archivo especificado.', None, 2)")
OPEN FAILED: SerialException("could not open port 'COM16': FileNotFoundError(2, 'El sistema no puede encontrar el archivo especificado.', None, 2)")
OPEN FAILED: SerialException("could not open port 'COM16': FileNotFoundError(2, 'El sistema no puede encontrar el archivo especificado.', None, 2)")
OPEN FAILED: SerialException("could not open port 'COM16': FileNotFoundError(2, 'El sistema no puede encontrar el archivo especificado.', None, 2)")
OPEN FAILED: SerialException("could not open port 'COM16': FileNotFoundError(2, 'El sistema no puede encontrar el archivo especificado.', None, 2)")
OPEN FAILED: SerialException("could not open port 'COM16': FileNotFoundError(2, 'El sistema no puede encontrar el archivo especificado.', None, 2)")
OPEN FAILED: SerialException("could not open port 'COM16': FileNotFoundError(2, 'El sistema no puede encontrar el archivo especificado.', None, 2)")
OPEN FAILED: SerialException("could not open port 'COM16': FileNotFoundError(2, 'El sistema no puede encontrar el archivo especificado.', None, 2)")
OPEN FAILED: SerialException("could not open port 'COM16': FileNotFoundError(2, 'El sistema no puede encontrar el archivo especificado.', None, 2)")
OPEN FAILED: SerialException("could not open port 'COM16': FileNotFoundError(2, 'El sistema no puede encontrar el archivo especificado.', None, 2)")
OPEN FAILED: SerialException("could not open port 'COM16': FileNotFoundError(2, 'El sistema no puede encontrar el archivo especificado.', None, 2)")
OPEN FAILED: SerialException("could not open port 'COM16': FileNotFoundError(2, 'El sistema no puede encontrar el archivo especificado.', None, 2)")
OPEN FAILED: SerialException("could not open port 'COM16': FileNotFoundError(2, 'El sistema no puede encontrar el archivo especificado.', None, 2)")
OPEN FAILED: SerialException("could not open port 'COM16': FileNotFoundError(2, 'El sistema no puede encontrar el archivo especificado.', None, 2)")
OPEN FAILED: SerialException("could not open port 'COM16': FileNotFoundError(2, 'El sistema no puede encontrar el archivo especificado.', None, 2)")
OPEN FAILED: SerialException("could not open port 'COM16': FileNotFoundError(2, 'El sistema no puede encontrar el archivo especificado.', None, 2)")
OPEN FAILED: SerialException("could not open port 'COM16': FileNotFoundError(2, 'El sistema no puede encontrar el archivo especificado.', None, 2)")
OPEN FAILED: SerialException("could not open port 'COM16': FileNotFoundError(2, 'El sistema no puede encontrar el archivo especificado.', None, 2)")
OPEN FAILED: SerialException("could not open port 'COM16': FileNotFoundError(2, 'El sistema no puede encontrar el archivo especificado.', None, 2)")
OPEN FAILED: SerialException("could not open port 'COM16': FileNotFoundError(2, 'El sistema no puede encontrar el archivo especificado.', None, 2)")
OPEN FAILED: SerialException("could not open port 'COM16': FileNotFoundError(2, 'El sistema no puede encontrar el archivo especificado.', None, 2)")
OPEN FAILED: SerialException("could not open port 'COM16': FileNotFoundError(2, 'El sistema no puede encontrar el archivo especificado.', None, 2)")
OPEN FAILED: SerialException("could not open port 'COM16': FileNotFoundError(2, 'El sistema no puede encontrar el archivo especificado.', None, 2)")
OPEN FAILED: SerialException("could not open port 'COM16': FileNotFoundError(2, 'El sistema no puede encontrar el archivo especificado.', None, 2)")
OPEN FAILED: SerialException("could not open port 'COM16': FileNotFoundError(2, 'El sistema no puede encontrar el archivo especificado.', None, 2)")
OPEN FAILED: SerialException("could not open port 'COM16': FileNotFoundError(2, 'El sistema no puede encontrar el archivo especificado.', None, 2)")
OPEN FAILED: SerialException("could not open port 'COM16': FileNotFoundError(2, 'El sistema no puede encontrar el archivo especificado.', None, 2)")
OPEN FAILED: SerialException("could not open port 'COM16': FileNotFoundError(2, 'El sistema no puede encontrar el archivo especificado.', None, 2)")
OPEN FAILED: SerialException("could not open port 'COM16': FileNotFoundError(2, 'El sistema no puede encontrar el archivo especificado.', None, 2)")
OPEN FAILED: SerialException("could not open port 'COM16': FileNotFoundError(2, 'El sistema no puede encontrar el archivo especificado.', None, 2)")
OPEN FAILED: SerialException("could not open port 'COM16': FileNotFoundError(2, 'El sistema no puede encontrar el archivo especificado.', None, 2)")
OPEN FAILED: SerialException("could not open port 'COM16': FileNotFoundError(2, 'El sistema no puede encontrar el archivo especificado.', None, 2)")
OPEN FAILED: SerialException("could not open port 'COM16': FileNotFoundError(2, 'El sistema no puede encontrar el archivo especificado.', None, 2)")
OPEN FAILED: SerialException("could not open port 'COM16': FileNotFoundError(2, 'El sistema no puede encontrar el archivo especificado.', None, 2)")
OPEN FAILED: SerialException("could not open port 'COM16': FileNotFoundError(2, 'El sistema no puede encontrar el archivo especificado.', None, 2)")
OPEN FAILED: SerialException("could not open port 'COM16': FileNotFoundError(2, 'El sistema no puede encontrar el archivo especificado.', None, 2)")
OPEN FAILED: SerialException("could not open port 'COM16': FileNotFoundError(2, 'El sistema no puede encontrar el archivo especificado.', None, 2)")
OPEN FAILED: SerialException("could not open port 'COM16': FileNotFoundError(2, 'El sistema no puede encontrar el archivo especificado.', None, 2)")
OPEN FAILED: SerialException("could not open port 'COM16': FileNotFoundError(2, 'El sistema no puede encontrar el archivo especificado.', None, 2)")
OPEN FAILED: SerialException("could not open port 'COM16': FileNotFoundError(2, 'El sistema no puede encontrar el archivo especificado.', None, 2)")
OPEN FAILED: SerialException("could not open port 'COM16': FileNotFoundError(2, 'El sistema no puede encontrar el archivo especificado.', None, 2)")
OPEN FAILED: SerialException("could not open port 'COM16': FileNotFoundError(2, 'El sistema no puede encontrar el archivo especificado.', None, 2)")
OPEN FAILED: SerialException("could not open port 'COM16': FileNotFoundError(2, 'El sistema no puede encontrar el archivo especificado.', None, 2)")
OPEN FAILED: SerialException("could not open port 'COM16': FileNotFoundError(2, 'El sistema no puede encontrar el archivo especificado.', None, 2)")
OPEN FAILED: SerialException("could not open port 'COM16': FileNotFoundError(2, 'El sistema no puede encontrar el archivo especificado.', None, 2)")
OPEN FAILED: SerialException("could not open port 'COM16': FileNotFoundError(2, 'El sistema no puede encontrar el archivo especificado.', None, 2)")
OPEN FAILED: SerialException("could not open port 'COM16': FileNotFoundError(2, 'El sistema no puede encontrar el archivo especificado.', None, 2)")
OPEN FAILED: SerialException("could not open port 'COM16': FileNotFoundError(2, 'El sistema no puede encontrar el archivo especificado.', None, 2)")
OPEN FAILED: SerialException("could not open port 'COM16': FileNotFoundError(2, 'El sistema no puede encontrar el archivo especificado.', None, 2)")
OPEN FAILED: SerialException("could not open port 'COM16': FileNotFoundError(2, 'El sistema no puede encontrar el archivo especificado.', None, 2)")
OPEN FAILED: SerialException("could not open port 'COM16': FileNotFoundError(2, 'El sistema no puede encontrar el archivo especificado.', None, 2)")
OPEN FAILED: SerialException("could not open port 'COM16': FileNotFoundError(2, 'El sistema no puede encontrar el archivo especificado.', None, 2)")
OPEN FAILED: SerialException("could not open port 'COM16': FileNotFoundError(2, 'El sistema no puede encontrar el archivo especificado.', None, 2)")
OPEN FAILED: SerialException("could not open port 'COM16': FileNotFoundError(2, 'El sistema no puede encontrar el archivo especificado.', None, 2)")
OPEN FAILED: SerialException("could not open port 'COM16': FileNotFoundError(2, 'El sistema no puede encontrar el archivo especificado.', None, 2)")
OPEN FAILED: SerialException("could not open port 'COM16': FileNotFoundError(2, 'El sistema no puede encontrar el archivo especificado.', None, 2)")
OPEN FAILED: SerialException("could not open port 'COM16': FileNotFoundError(2, 'El sistema no puede encontrar el archivo especificado.', None, 2)")
OPEN FAILED: SerialException("could not open port 'COM16': FileNotFoundError(2, 'El sistema no puede encontrar el archivo especificado.', None, 2)")
OPEN FAILED: SerialException("could not open port 'COM16': FileNotFoundError(2, 'El sistema no puede encontrar el archivo especificado.', None, 2)")
OPEN FAILED: SerialException("could not open port 'COM16': FileNotFoundError(2, 'El sistema no puede encontrar el archivo especificado.', None, 2)")
OPEN FAILED: SerialException("could not open port 'COM16': FileNotFoundError(2, 'El sistema no puede encontrar el archivo especificado.', None, 2)")
=== COM16 abierto, capturando 120s (el open resetea la placa) ===
[   2.5s] 3V3: about to assert
[   2.5s] 3V3: asserted
[   2.8s] 3V3: settled
[   2.8s] 5V: about to assert (plain write)
[   2.8s] 5V: asserted
[   3.4s] 5V: settled
[   3.4s] LoRa: about to assert
[   3.4s] LoRa: asserted
[   3.4s] BMV080 EN: GPIO15 -> LOW
[   3.7s] rails up
[   3.7s] [PowerManager] enable3V3Sensors (stub - bench has no gating FET yet)
[   3.7s] --- I2C scan (after rails, before sensor init) ---
[   4.0s]   ACK at 0x57
[   4.0s]   ACK at 0x74
[   4.0s]   ACK at 0x76
[   4.0s] [bme probe right after scan] 0x76 (addr-probe=0) chip ID = 0x61 (0x61 = BME69x, CORRECT)
[   4.0s] [  4088][E][Wire.cpp:499] requestFrom(): i2cWriteReadNonStop returned Error -1
[   4.0s] [bme probe right after scan] 0x77 accepted the register write but returned no data
[   4.0s] Waiting 5000ms for BMV080 startup...
[   9.0s] [bme probe after BMV080 wait, before begin] 0x76 (addr-probe=0) chip ID = 0x61 (0x61 = BME69x, CORRECT)
[   9.0s] [  9096][E][Wire.cpp:499] requestFrom(): i2cWriteReadNonStop returned Error -1
[   9.0s] [bme probe after BMV080 wait, before begin] 0x77 accepted the register write but returned no data
[   9.0s] [step] bme690.begin ...
[   9.0s] BME690: OK (bound to 0x76)
[   9.0s] SEN0466: SKIPPED (210s settle - excluded from the sleeping cycle)
[   9.0s] [step] cm1106.begin (SWAPPED: now before bmv080) ...
[  12.1s] [step] cm1106.begin returned ...
[  12.1s] [step] bmv080.begin (SWAPPED: now after cm1106) ...
[  12.7s] BMV080: OK
[  12.7s] [step] calypso.begin next ...
[  12.7s] [step] calypso.begin returned - radio next ...
[  12.7s] Configuring RYLR998 (link parameters must match pp1-lora-receiver):
[  12.7s]   -> AT
[  12.7s]   <- +OK
[  12.7s]   -> AT+ADDRESS=4
[  12.7s]   <- +OK
[  12.7s]   -> AT+NETWORKID=5
[  12.7s]   <- +OK
[  12.7s]   -> AT+BAND=868000000
[  12.7s]   <- +OK
[  12.7s]   -> AT+PARAMETER=7,7,1,12
[  12.7s]   <- +OK
[  12.7s]   -> AT+CRFOP=14
[  12.7s]   <- +OK
[  12.7s] LoRa TX power -> 14 dBm: OK
[  12.7s] Radio init OK
[  12.7s] Setup complete.
[  12.7s] 
[  12.7s] [sentinel] bme=OK(T25.1 H46.0) co=NotInit(0.00)  (40ms)
[  12.7s] [store] reading 2/4 kept (tick 142)
[  14.3s] [tx] sensor rails off for the transmit
[  14.9s] TX [0..1/2] 114 bytes: B,2,25.1,45.9,944.5,7240,0.0,0.0,0.0,667,0.0,0.0,0,0.0,0,3;25.1,46.0,944.5,7240,0.0,0.0,0.0,667,0.0,0.0,0,0.0,0,0;  (sent)
READ FAILED after 17.0s: SerialException("ClearCommError failed (PermissionError(13, 'El dispositivo no reconoce el comando.', None, 22))")
=== fin ===
OPEN FAILED: SerialException("could not open port 'COM16': FileNotFoundError(2, 'El sistema no puede encontrar el archivo especificado.', None, 2)")
OPEN FAILED: SerialException("could not open port 'COM16': FileNotFoundError(2, 'El sistema no puede encontrar el archivo especificado.', None, 2)")
OPEN FAILED: SerialException("could not open port 'COM16': FileNotFoundError(2, 'El sistema no puede encontrar el archivo especificado.', None, 2)")
OPEN FAILED: SerialException("could not open port 'COM16': FileNotFoundError(2, 'El sistema no puede encontrar el archivo especificado.', None, 2)")
OPEN FAILED: SerialException("could not open port 'COM16': FileNotFoundError(2, 'El sistema no puede encontrar el archivo especificado.', None, 2)")
OPEN FAILED: SerialException("could not open port 'COM16': FileNotFoundError(2, 'El sistema no puede encontrar el archivo especificado.', None, 2)")
OPEN FAILED: SerialException("could not open port 'COM16': FileNotFoundError(2, 'El sistema no puede encontrar el archivo especificado.', None, 2)")
OPEN FAILED: SerialException("could not open port 'COM16': FileNotFoundError(2, 'El sistema no puede encontrar el archivo especificado.', None, 2)")
OPEN FAILED: SerialException("could not open port 'COM16': FileNotFoundError(2, 'El sistema no puede encontrar el archivo especificado.', None, 2)")
OPEN FAILED: SerialException("could not open port 'COM16': FileNotFoundError(2, 'El sistema no puede encontrar el archivo especificado.', None, 2)")
OPEN FAILED: SerialException("could not open port 'COM16': FileNotFoundError(2, 'El sistema no puede encontrar el archivo especificado.', None, 2)")
OPEN FAILED: SerialException("could not open port 'COM16': FileNotFoundError(2, 'El sistema no puede encontrar el archivo especificado.', None, 2)")
OPEN FAILED: SerialException("could not open port 'COM16': FileNotFoundError(2, 'El sistema no puede encontrar el archivo especificado.', None, 2)")
OPEN FAILED: SerialException("could not open port 'COM16': FileNotFoundError(2, 'El sistema no puede encontrar el archivo especificado.', None, 2)")
OPEN FAILED: SerialException("could not open port 'COM16': FileNotFoundError(2, 'El sistema no puede encontrar el archivo especificado.', None, 2)")
OPEN FAILED: SerialException("could not open port 'COM16': FileNotFoundError(2, 'El sistema no puede encontrar el archivo especificado.', None, 2)")
OPEN FAILED: SerialException("could not open port 'COM16': FileNotFoundError(2, 'El sistema no puede encontrar el archivo especificado.', None, 2)")
OPEN FAILED: SerialException("could not open port 'COM16': FileNotFoundError(2, 'El sistema no puede encontrar el archivo especificado.', None, 2)")
OPEN FAILED: SerialException("could not open port 'COM16': FileNotFoundError(2, 'El sistema no puede encontrar el archivo especificado.', None, 2)")
OPEN FAILED: SerialException("could not open port 'COM16': FileNotFoundError(2, 'El sistema no puede encontrar el archivo especificado.', None, 2)")
OPEN FAILED: SerialException("could not open port 'COM16': FileNotFoundError(2, 'El sistema no puede encontrar el archivo especificado.', None, 2)")
OPEN FAILED: SerialException("could not open port 'COM16': FileNotFoundError(2, 'El sistema no puede encontrar el archivo especificado.', None, 2)")
OPEN FAILED: SerialException("could not open port 'COM16': FileNotFoundError(2, 'El sistema no puede encontrar el archivo especificado.', None, 2)")
OPEN FAILED: SerialException("could not open port 'COM16': FileNotFoundError(2, 'El sistema no puede encontrar el archivo especificado.', None, 2)")
OPEN FAILED: SerialException("could not open port 'COM16': FileNotFoundError(2, 'El sistema no puede encontrar el archivo especificado.', None, 2)")
OPEN FAILED: SerialException("could not open port 'COM16': FileNotFoundError(2, 'El sistema no puede encontrar el archivo especificado.', None, 2)")
OPEN FAILED: SerialException("could not open port 'COM16': FileNotFoundError(2, 'El sistema no puede encontrar el archivo especificado.', None, 2)")
OPEN FAILED: SerialException("could not open port 'COM16': FileNotFoundError(2, 'El sistema no puede encontrar el archivo especificado.', None, 2)")
OPEN FAILED: SerialException("could not open port 'COM16': FileNotFoundError(2, 'El sistema no puede encontrar el archivo especificado.', None, 2)")
OPEN FAILED: SerialException("could not open port 'COM16': FileNotFoundError(2, 'El sistema no puede encontrar el archivo especificado.', None, 2)")
OPEN FAILED: SerialException("could not open port 'COM16': FileNotFoundError(2, 'El sistema no puede encontrar el archivo especificado.', None, 2)")
OPEN FAILED: SerialException("could not open port 'COM16': FileNotFoundError(2, 'El sistema no puede encontrar el archivo especificado.', None, 2)")
OPEN FAILED: SerialException("could not open port 'COM16': FileNotFoundError(2, 'El sistema no puede encontrar el archivo especificado.', None, 2)")
OPEN FAILED: SerialException("could not open port 'COM16': FileNotFoundError(2, 'El sistema no puede encontrar el archivo especificado.', None, 2)")
OPEN FAILED: SerialException("could not open port 'COM16': FileNotFoundError(2, 'El sistema no puede encontrar el archivo especificado.', None, 2)")
OPEN FAILED: SerialException("could not open port 'COM16': FileNotFoundError(2, 'El sistema no puede encontrar el archivo especificado.', None, 2)")
OPEN FAILED: SerialException("could not open port 'COM16': FileNotFoundError(2, 'El sistema no puede encontrar el archivo especificado.', None, 2)")
OPEN FAILED: SerialException("could not open port 'COM16': FileNotFoundError(2, 'El sistema no puede encontrar el archivo especificado.', None, 2)")
OPEN FAILED: SerialException("could not open port 'COM16': FileNotFoundError(2, 'El sistema no puede encontrar el archivo especificado.', None, 2)")
OPEN FAILED: SerialException("could not open port 'COM16': FileNotFoundError(2, 'El sistema no puede encontrar el archivo especificado.', None, 2)")
OPEN FAILED: SerialException("could not open port 'COM16': FileNotFoundError(2, 'El sistema no puede encontrar el archivo especificado.', None, 2)")
OPEN FAILED: SerialException("could not open port 'COM16': FileNotFoundError(2, 'El sistema no puede encontrar el archivo especificado.', None, 2)")
OPEN FAILED: SerialException("could not open port 'COM16': FileNotFoundError(2, 'El sistema no puede encontrar el archivo especificado.', None, 2)")
OPEN FAILED: SerialException("could not open port 'COM16': FileNotFoundError(2, 'El sistema no puede encontrar el archivo especificado.', None, 2)")
OPEN FAILED: SerialException("could not open port 'COM16': FileNotFoundError(2, 'El sistema no puede encontrar el archivo especificado.', None, 2)")
OPEN FAILED: SerialException("could not open port 'COM16': FileNotFoundError(2, 'El sistema no puede encontrar el archivo especificado.', None, 2)")
OPEN FAILED: SerialException("could not open port 'COM16': FileNotFoundError(2, 'El sistema no puede encontrar el archivo especificado.', None, 2)")
OPEN FAILED: SerialException("could not open port 'COM16': FileNotFoundError(2, 'El sistema no puede encontrar el archivo especificado.', None, 2)")
OPEN FAILED: SerialException("could not open port 'COM16': FileNotFoundError(2, 'El sistema no puede encontrar el archivo especificado.', None, 2)")
OPEN FAILED: SerialException("could not open port 'COM16': FileNotFoundError(2, 'El sistema no puede encontrar el archivo especificado.', None, 2)")
OPEN FAILED: SerialException("could not open port 'COM16': FileNotFoundError(2, 'El sistema no puede encontrar el archivo especificado.', None, 2)")
OPEN FAILED: SerialException("could not open port 'COM16': FileNotFoundError(2, 'El sistema no puede encontrar el archivo especificado.', None, 2)")
OPEN FAILED: SerialException("could not open port 'COM16': FileNotFoundError(2, 'El sistema no puede encontrar el archivo especificado.', None, 2)")
OPEN FAILED: SerialException("could not open port 'COM16': FileNotFoundError(2, 'El sistema no puede encontrar el archivo especificado.', None, 2)")
OPEN FAILED: SerialException("could not open port 'COM16': FileNotFoundError(2, 'El sistema no puede encontrar el archivo especificado.', None, 2)")
OPEN FAILED: SerialException("could not open port 'COM16': FileNotFoundError(2, 'El sistema no puede encontrar el archivo especificado.', None, 2)")
OPEN FAILED: SerialException("could not open port 'COM16': FileNotFoundError(2, 'El sistema no puede encontrar el archivo especificado.', None, 2)")
OPEN FAILED: SerialException("could not open port 'COM16': FileNotFoundError(2, 'El sistema no puede encontrar el archivo especificado.', None, 2)")
OPEN FAILED: SerialException("could not open port 'COM16': FileNotFoundError(2, 'El sistema no puede encontrar el archivo especificado.', None, 2)")
OPEN FAILED: SerialException("could not open port 'COM16': FileNotFoundError(2, 'El sistema no puede encontrar el archivo especificado.', None, 2)")
OPEN FAILED: SerialException("could not open port 'COM16': FileNotFoundError(2, 'El sistema no puede encontrar el archivo especificado.', None, 2)")
OPEN FAILED: SerialException("could not open port 'COM16': FileNotFoundError(2, 'El sistema no puede encontrar el archivo especificado.', None, 2)")
OPEN FAILED: SerialException("could not open port 'COM16': FileNotFoundError(2, 'El sistema no puede encontrar el archivo especificado.', None, 2)")
OPEN FAILED: SerialException("could not open port 'COM16': FileNotFoundError(2, 'El sistema no puede encontrar el archivo especificado.', None, 2)")
OPEN FAILED: SerialException("could not open port 'COM16': FileNotFoundError(2, 'El sistema no puede encontrar el archivo especificado.', None, 2)")
OPEN FAILED: SerialException("could not open port 'COM16': FileNotFoundError(2, 'El sistema no puede encontrar el archivo especificado.', None, 2)")
OPEN FAILED: SerialException("could not open port 'COM16': FileNotFoundError(2, 'El sistema no puede encontrar el archivo especificado.', None, 2)")
OPEN FAILED: SerialException("could not open port 'COM16': FileNotFoundError(2, 'El sistema no puede encontrar el archivo especificado.', None, 2)")
OPEN FAILED: SerialException("could not open port 'COM16': FileNotFoundError(2, 'El sistema no puede encontrar el archivo especificado.', None, 2)")
OPEN FAILED: SerialException("could not open port 'COM16': FileNotFoundError(2, 'El sistema no puede encontrar el archivo especificado.', None, 2)")
OPEN FAILED: SerialException("could not open port 'COM16': FileNotFoundError(2, 'El sistema no puede encontrar el archivo especificado.', None, 2)")
OPEN FAILED: SerialException("could not open port 'COM16': FileNotFoundError(2, 'El sistema no puede encontrar el archivo especificado.', None, 2)")
OPEN FAILED: SerialException("could not open port 'COM16': FileNotFoundError(2, 'El sistema no puede encontrar el archivo especificado.', None, 2)")
OPEN FAILED: SerialException("could not open port 'COM16': FileNotFoundError(2, 'El sistema no puede encontrar el archivo especificado.', None, 2)")
OPEN FAILED: SerialException("could not open port 'COM16': FileNotFoundError(2, 'El sistema no puede encontrar el archivo especificado.', None, 2)")
OPEN FAILED: SerialException("could not open port 'COM16': FileNotFoundError(2, 'El sistema no puede encontrar el archivo especificado.', None, 2)")
OPEN FAILED: SerialException("could not open port 'COM16': FileNotFoundError(2, 'El sistema no puede encontrar el archivo especificado.', None, 2)")
OPEN FAILED: SerialException("could not open port 'COM16': FileNotFoundError(2, 'El sistema no puede encontrar el archivo especificado.', None, 2)")
OPEN FAILED: SerialException("could not open port 'COM16': FileNotFoundError(2, 'El sistema no puede encontrar el archivo especificado.', None, 2)")
OPEN FAILED: SerialException("could not open port 'COM16': FileNotFoundError(2, 'El sistema no puede encontrar el archivo especificado.', None, 2)")
OPEN FAILED: SerialException("could not open port 'COM16': FileNotFoundError(2, 'El sistema no puede encontrar el archivo especificado.', None, 2)")
OPEN FAILED: SerialException("could not open port 'COM16': FileNotFoundError(2, 'El sistema no puede encontrar el archivo especificado.', None, 2)")
OPEN FAILED: SerialException("could not open port 'COM16': FileNotFoundError(2, 'El sistema no puede encontrar el archivo especificado.', None, 2)")
OPEN FAILED: SerialException("could not open port 'COM16': FileNotFoundError(2, 'El sistema no puede encontrar el archivo especificado.', None, 2)")
OPEN FAILED: SerialException("could not open port 'COM16': FileNotFoundError(2, 'El sistema no puede encontrar el archivo especificado.', None, 2)")
OPEN FAILED: SerialException("could not open port 'COM16': FileNotFoundError(2, 'El sistema no puede encontrar el archivo especificado.', None, 2)")
OPEN FAILED: SerialException("could not open port 'COM16': FileNotFoundError(2, 'El sistema no puede encontrar el archivo especificado.', None, 2)")
OPEN FAILED: SerialException("could not open port 'COM16': FileNotFoundError(2, 'El sistema no puede encontrar el archivo especificado.', None, 2)")
OPEN FAILED: SerialException("could not open port 'COM16': FileNotFoundError(2, 'El sistema no puede encontrar el archivo especificado.', None, 2)")
OPEN FAILED: SerialException("could not open port 'COM16': FileNotFoundError(2, 'El sistema no puede encontrar el archivo especificado.', None, 2)")
OPEN FAILED: SerialException("could not open port 'COM16': FileNotFoundError(2, 'El sistema no puede encontrar el archivo especificado.', None, 2)")
OPEN FAILED: SerialException("could not open port 'COM16': FileNotFoundError(2, 'El sistema no puede encontrar el archivo especificado.', None, 2)")
OPEN FAILED: SerialException("could not open port 'COM16': FileNotFoundError(2, 'El sistema no puede encontrar el archivo especificado.', None, 2)")
OPEN FAILED: SerialException("could not open port 'COM16': FileNotFoundError(2, 'El sistema no puede encontrar el archivo especificado.', None, 2)")
OPEN FAILED: SerialException("could not open port 'COM16': FileNotFoundError(2, 'El sistema no puede encontrar el archivo especificado.', None, 2)")
OPEN FAILED: SerialException("could not open port 'COM16': FileNotFoundError(2, 'El sistema no puede encontrar el archivo especificado.', None, 2)")
OPEN FAILED: SerialException("could not open port 'COM16': FileNotFoundError(2, 'El sistema no puede encontrar el archivo especificado.', None, 2)")
OPEN FAILED: SerialException("could not open port 'COM16': FileNotFoundError(2, 'El sistema no puede encontrar el archivo especificado.', None, 2)")
OPEN FAILED: SerialException("could not open port 'COM16': FileNotFoundError(2, 'El sistema no puede encontrar el archivo especificado.', None, 2)")
OPEN FAILED: SerialException("could not open port 'COM16': FileNotFoundError(2, 'El sistema no puede encontrar el archivo especificado.', None, 2)")
OPEN FAILED: SerialException("could not open port 'COM16': FileNotFoundError(2, 'El sistema no puede encontrar el archivo especificado.', None, 2)")
OPEN FAILED: SerialException("could not open port 'COM16': FileNotFoundError(2, 'El sistema no puede encontrar el archivo especificado.', None, 2)")
OPEN FAILED: SerialException("could not open port 'COM16': FileNotFoundError(2, 'El sistema no puede encontrar el archivo especificado.', None, 2)")
OPEN FAILED: SerialException("could not open port 'COM16': FileNotFoundError(2, 'El sistema no puede encontrar el archivo especificado.', None, 2)")
OPEN FAILED: SerialException("could not open port 'COM16': FileNotFoundError(2, 'El sistema no puede encontrar el archivo especificado.', None, 2)")
OPEN FAILED: SerialException("could not open port 'COM16': FileNotFoundError(2, 'El sistema no puede encontrar el archivo especificado.', None, 2)")
OPEN FAILED: SerialException("could not open port 'COM16': FileNotFoundError(2, 'El sistema no puede encontrar el archivo especificado.', None, 2)")
OPEN FAILED: SerialException("could not open port 'COM16': FileNotFoundError(2, 'El sistema no puede encontrar el archivo especificado.', None, 2)")
OPEN FAILED: SerialException("could not open port 'COM16': FileNotFoundError(2, 'El sistema no puede encontrar el archivo especificado.', None, 2)")
OPEN FAILED: SerialException("could not open port 'COM16': FileNotFoundError(2, 'El sistema no puede encontrar el archivo especificado.', None, 2)")
OPEN FAILED: SerialException("could not open port 'COM16': FileNotFoundError(2, 'El sistema no puede encontrar el archivo especificado.', None, 2)")
OPEN FAILED: SerialException("could not open port 'COM16': FileNotFoundError(2, 'El sistema no puede encontrar el archivo especificado.', None, 2)")
=== COM16 abierto, capturando 120s (el open resetea la placa) ===
READ FAILED after 0.3s: SerialException("ClearCommError failed (PermissionError(13, 'El dispositivo no reconoce el comando.', None, 22))")
=== fin ===
OPEN FAILED: SerialException("could not open port 'COM16': FileNotFoundError(2, 'El sistema no puede encontrar el archivo especificado.', None, 2)")
OPEN FAILED: SerialException("could not open port 'COM16': FileNotFoundError(2, 'El sistema no puede encontrar el archivo especificado.', None, 2)")
OPEN FAILED: SerialException("could not open port 'COM16': FileNotFoundError(2, 'El sistema no puede encontrar el archivo especificado.', None, 2)")
OPEN FAILED: SerialException("could not open port 'COM16': FileNotFoundError(2, 'El sistema no puede encontrar el archivo especificado.', None, 2)")
OPEN FAILED: SerialException("could not open port 'COM16': FileNotFoundError(2, 'El sistema no puede encontrar el archivo especificado.', None, 2)")
OPEN FAILED: SerialException("could not open port 'COM16': FileNotFoundError(2, 'El sistema no puede encontrar el archivo especificado.', None, 2)")
OPEN FAILED: SerialException("could not open port 'COM16': FileNotFoundError(2, 'El sistema no puede encontrar el archivo especificado.', None, 2)")
OPEN FAILED: SerialException("could not open port 'COM16': FileNotFoundError(2, 'El sistema no puede encontrar el archivo especificado.', None, 2)")
OPEN FAILED: SerialException("could not open port 'COM16': FileNotFoundError(2, 'El sistema no puede encontrar el archivo especificado.', None, 2)")
OPEN FAILED: SerialException("could not open port 'COM16': FileNotFoundError(2, 'El sistema no puede encontrar el archivo especificado.', None, 2)")
OPEN FAILED: SerialException("could not open port 'COM16': FileNotFoundError(2, 'El sistema no puede encontrar el archivo especificado.', None, 2)")
OPEN FAILED: SerialException("could not open port 'COM16': FileNotFoundError(2, 'El sistema no puede encontrar el archivo especificado.', None, 2)")
OPEN FAILED: SerialException("could not open port 'COM16': FileNotFoundError(2, 'El sistema no puede encontrar el archivo especificado.', None, 2)")
OPEN FAILED: SerialException("could not open port 'COM16': FileNotFoundError(2, 'El sistema no puede encontrar el archivo especificado.', None, 2)")
OPEN FAILED: SerialException("could not open port 'COM16': FileNotFoundError(2, 'El sistema no puede encontrar el archivo especificado.', None, 2)")
OPEN FAILED: SerialException("could not open port 'COM16': FileNotFoundError(2, 'El sistema no puede encontrar el archivo especificado.', None, 2)")
OPEN FAILED: SerialException("could not open port 'COM16': FileNotFoundError(2, 'El sistema no puede encontrar el archivo especificado.', None, 2)")
OPEN FAILED: SerialException("could not open port 'COM16': FileNotFoundError(2, 'El sistema no puede encontrar el archivo especificado.', None, 2)")
OPEN FAILED: SerialException("could not open port 'COM16': FileNotFoundError(2, 'El sistema no puede encontrar el archivo especificado.', None, 2)")
OPEN FAILED: SerialException("could not open port 'COM16': FileNotFoundError(2, 'El sistema no puede encontrar el archivo especificado.', None, 2)")
OPEN FAILED: SerialException("could not open port 'COM16': FileNotFoundError(2, 'El sistema no puede encontrar el archivo especificado.', None, 2)")
OPEN FAILED: SerialException("could not open port 'COM16': FileNotFoundError(2, 'El sistema no puede encontrar el archivo especificado.', None, 2)")
OPEN FAILED: SerialException("could not open port 'COM16': FileNotFoundError(2, 'El sistema no puede encontrar el archivo especificado.', None, 2)")
OPEN FAILED: SerialException("could not open port 'COM16': FileNotFoundError(2, 'El sistema no puede encontrar el archivo especificado.', None, 2)")
OPEN FAILED: SerialException("could not open port 'COM16': FileNotFoundError(2, 'El sistema no puede encontrar el archivo especificado.', None, 2)")
OPEN FAILED: SerialException("could not open port 'COM16': FileNotFoundError(2, 'El sistema no puede encontrar el archivo especificado.', None, 2)")
OPEN FAILED: SerialException("could not open port 'COM16': FileNotFoundError(2, 'El sistema no puede encontrar el archivo especificado.', None, 2)")
OPEN FAILED: SerialException("could not open port 'COM16': FileNotFoundError(2, 'El sistema no puede encontrar el archivo especificado.', None, 2)")
OPEN FAILED: SerialException("could not open port 'COM16': FileNotFoundError(2, 'El sistema no puede encontrar el archivo especificado.', None, 2)")
OPEN FAILED: SerialException("could not open port 'COM16': FileNotFoundError(2, 'El sistema no puede encontrar el archivo especificado.', None, 2)")
OPEN FAILED: SerialException("could not open port 'COM16': FileNotFoundError(2, 'El sistema no puede encontrar el archivo especificado.', None, 2)")
OPEN FAILED: SerialException("could not open port 'COM16': FileNotFoundError(2, 'El sistema no puede encontrar el archivo especificado.', None, 2)")
OPEN FAILED: SerialException("could not open port 'COM16': FileNotFoundError(2, 'El sistema no puede encontrar el archivo especificado.', None, 2)")
OPEN FAILED: SerialException("could not open port 'COM16': FileNotFoundError(2, 'El sistema no puede encontrar el archivo especificado.', None, 2)")
OPEN FAILED: SerialException("could not open port 'COM16': FileNotFoundError(2, 'El sistema no puede encontrar el archivo especificado.', None, 2)")
OPEN FAILED: SerialException("could not open port 'COM16': FileNotFoundError(2, 'El sistema no puede encontrar el archivo especificado.', None, 2)")
OPEN FAILED: SerialException("could not open port 'COM16': FileNotFoundError(2, 'El sistema no puede encontrar el archivo especificado.', None, 2)")
OPEN FAILED: SerialException("could not open port 'COM16': FileNotFoundError(2, 'El sistema no puede encontrar el archivo especificado.', None, 2)")
OPEN FAILED: SerialException("could not open port 'COM16': FileNotFoundError(2, 'El sistema no puede encontrar el archivo especificado.', None, 2)")
OPEN FAILED: SerialException("could not open port 'COM16': FileNotFoundError(2, 'El sistema no puede encontrar el archivo especificado.', None, 2)")
OPEN FAILED: SerialException("could not open port 'COM16': FileNotFoundError(2, 'El sistema no puede encontrar el archivo especificado.', None, 2)")
OPEN FAILED: SerialException("could not open port 'COM16': FileNotFoundError(2, 'El sistema no puede encontrar el archivo especificado.', None, 2)")
OPEN FAILED: SerialException("could not open port 'COM16': FileNotFoundError(2, 'El sistema no puede encontrar el archivo especificado.', None, 2)")
OPEN FAILED: SerialException("could not open port 'COM16': FileNotFoundError(2, 'El sistema no puede encontrar el archivo especificado.', None, 2)")
OPEN FAILED: SerialException("could not open port 'COM16': FileNotFoundError(2, 'El sistema no puede encontrar el archivo especificado.', None, 2)")
OPEN FAILED: SerialException("could not open port 'COM16': FileNotFoundError(2, 'El sistema no puede encontrar el archivo especificado.', None, 2)")
OPEN FAILED: SerialException("could not open port 'COM16': FileNotFoundError(2, 'El sistema no puede encontrar el archivo especificado.', None, 2)")
OPEN FAILED: SerialException("could not open port 'COM16': FileNotFoundError(2, 'El sistema no puede encontrar el archivo especificado.', None, 2)")
OPEN FAILED: SerialException("could not open port 'COM16': FileNotFoundError(2, 'El sistema no puede encontrar el archivo especificado.', None, 2)")
OPEN FAILED: SerialException("could not open port 'COM16': FileNotFoundError(2, 'El sistema no puede encontrar el archivo especificado.', None, 2)")
OPEN FAILED: SerialException("could not open port 'COM16': FileNotFoundError(2, 'El sistema no puede encontrar el archivo especificado.', None, 2)")
OPEN FAILED: SerialException("could not open port 'COM16': FileNotFoundError(2, 'El sistema no puede encontrar el archivo especificado.', None, 2)")
OPEN FAILED: SerialException("could not open port 'COM16': FileNotFoundError(2, 'El sistema no puede encontrar el archivo especificado.', None, 2)")
OPEN FAILED: SerialException("could not open port 'COM16': FileNotFoundError(2, 'El sistema no puede encontrar el archivo especificado.', None, 2)")
OPEN FAILED: SerialException("could not open port 'COM16': FileNotFoundError(2, 'El sistema no puede encontrar el archivo especificado.', None, 2)")
OPEN FAILED: SerialException("could not open port 'COM16': FileNotFoundError(2, 'El sistema no puede encontrar el archivo especificado.', None, 2)")
OPEN FAILED: SerialException("could not open port 'COM16': FileNotFoundError(2, 'El sistema no puede encontrar el archivo especificado.', None, 2)")
OPEN FAILED: SerialException("could not open port 'COM16': FileNotFoundError(2, 'El sistema no puede encontrar el archivo especificado.', None, 2)")
OPEN FAILED: SerialException("could not open port 'COM16': FileNotFoundError(2, 'El sistema no puede encontrar el archivo especificado.', None, 2)")
OPEN FAILED: SerialException("could not open port 'COM16': FileNotFoundError(2, 'El sistema no puede encontrar el archivo especificado.', None, 2)")
OPEN FAILED: SerialException("could not open port 'COM16': FileNotFoundError(2, 'El sistema no puede encontrar el archivo especificado.', None, 2)")
OPEN FAILED: SerialException("could not open port 'COM16': FileNotFoundError(2, 'El sistema no puede encontrar el archivo especificado.', None, 2)")
OPEN FAILED: SerialException("could not open port 'COM16': FileNotFoundError(2, 'El sistema no puede encontrar el archivo especificado.', None, 2)")
OPEN FAILED: SerialException("could not open port 'COM16': FileNotFoundError(2, 'El sistema no puede encontrar el archivo especificado.', None, 2)")
OPEN FAILED: SerialException("could not open port 'COM16': FileNotFoundError(2, 'El sistema no puede encontrar el archivo especificado.', None, 2)")
OPEN FAILED: SerialException("could not open port 'COM16': FileNotFoundError(2, 'El sistema no puede encontrar el archivo especificado.', None, 2)")
OPEN FAILED: SerialException("could not open port 'COM16': FileNotFoundError(2, 'El sistema no puede encontrar el archivo especificado.', None, 2)")
OPEN FAILED: SerialException("could not open port 'COM16': FileNotFoundError(2, 'El sistema no puede encontrar el archivo especificado.', None, 2)")
OPEN FAILED: SerialException("could not open port 'COM16': FileNotFoundError(2, 'El sistema no puede encontrar el archivo especificado.', None, 2)")
OPEN FAILED: SerialException("could not open port 'COM16': FileNotFoundError(2, 'El sistema no puede encontrar el archivo especificado.', None, 2)")
OPEN FAILED: SerialException("could not open port 'COM16': FileNotFoundError(2, 'El sistema no puede encontrar el archivo especificado.', None, 2)")
OPEN FAILED: SerialException("could not open port 'COM16': FileNotFoundError(2, 'El sistema no puede encontrar el archivo especificado.', None, 2)")
OPEN FAILED: SerialException("could not open port 'COM16': FileNotFoundError(2, 'El sistema no puede encontrar el archivo especificado.', None, 2)")
OPEN FAILED: SerialException("could not open port 'COM16': FileNotFoundError(2, 'El sistema no puede encontrar el archivo especificado.', None, 2)")
OPEN FAILED: SerialException("could not open port 'COM16': FileNotFoundError(2, 'El sistema no puede encontrar el archivo especificado.', None, 2)")
OPEN FAILED: SerialException("could not open port 'COM16': FileNotFoundError(2, 'El sistema no puede encontrar el archivo especificado.', None, 2)")
OPEN FAILED: SerialException("could not open port 'COM16': FileNotFoundError(2, 'El sistema no puede encontrar el archivo especificado.', None, 2)")
OPEN FAILED: SerialException("could not open port 'COM16': FileNotFoundError(2, 'El sistema no puede encontrar el archivo especificado.', None, 2)")
OPEN FAILED: SerialException("could not open port 'COM16': FileNotFoundError(2, 'El sistema no puede encontrar el archivo especificado.', None, 2)")
OPEN FAILED: SerialException("could not open port 'COM16': FileNotFoundError(2, 'El sistema no puede encontrar el archivo especificado.', None, 2)")
OPEN FAILED: SerialException("could not open port 'COM16': FileNotFoundError(2, 'El sistema no puede encontrar el archivo especificado.', None, 2)")
OPEN FAILED: SerialException("could not open port 'COM16': FileNotFoundError(2, 'El sistema no puede encontrar el archivo especificado.', None, 2)")
OPEN FAILED: SerialException("could not open port 'COM16': FileNotFoundError(2, 'El sistema no puede encontrar el archivo especificado.', None, 2)")
OPEN FAILED: SerialException("could not open port 'COM16': FileNotFoundError(2, 'El sistema no puede encontrar el archivo especificado.', None, 2)")
OPEN FAILED: SerialException("could not open port 'COM16': FileNotFoundError(2, 'El sistema no puede encontrar el archivo especificado.', None, 2)")
OPEN FAILED: SerialException("could not open port 'COM16': FileNotFoundError(2, 'El sistema no puede encontrar el archivo especificado.', None, 2)")
OPEN FAILED: SerialException("could not open port 'COM16': FileNotFoundError(2, 'El sistema no puede encontrar el archivo especificado.', None, 2)")
OPEN FAILED: SerialException("could not open port 'COM16': FileNotFoundError(2, 'El sistema no puede encontrar el archivo especificado.', None, 2)")
OPEN FAILED: SerialException("could not open port 'COM16': FileNotFoundError(2, 'El sistema no puede encontrar el archivo especificado.', None, 2)")
OPEN FAILED: SerialException("could not open port 'COM16': FileNotFoundError(2, 'El sistema no puede encontrar el archivo especificado.', None, 2)")
OPEN FAILED: SerialException("could not open port 'COM16': FileNotFoundError(2, 'El sistema no puede encontrar el archivo especificado.', None, 2)")
OPEN FAILED: SerialException("could not open port 'COM16': FileNotFoundError(2, 'El sistema no puede encontrar el archivo especificado.', None, 2)")
OPEN FAILED: SerialException("could not open port 'COM16': FileNotFoundError(2, 'El sistema no puede encontrar el archivo especificado.', None, 2)")
OPEN FAILED: SerialException("could not open port 'COM16': FileNotFoundError(2, 'El sistema no puede encontrar el archivo especificado.', None, 2)")
OPEN FAILED: SerialException("could not open port 'COM16': FileNotFoundError(2, 'El sistema no puede encontrar el archivo especificado.', None, 2)")
OPEN FAILED: SerialException("could not open port 'COM16': FileNotFoundError(2, 'El sistema no puede encontrar el archivo especificado.', None, 2)")
OPEN FAILED: SerialException("could not open port 'COM16': FileNotFoundError(2, 'El sistema no puede encontrar el archivo especificado.', None, 2)")
OPEN FAILED: SerialException("could not open port 'COM16': FileNotFoundError(2, 'El sistema no puede encontrar el archivo especificado.', None, 2)")
OPEN FAILED: SerialException("could not open port 'COM16': FileNotFoundError(2, 'El sistema no puede encontrar el archivo especificado.', None, 2)")
OPEN FAILED: SerialException("could not open port 'COM16': FileNotFoundError(2, 'El sistema no puede encontrar el archivo especificado.', None, 2)")
OPEN FAILED: SerialException("could not open port 'COM16': FileNotFoundError(2, 'El sistema no puede encontrar el archivo especificado.', None, 2)")
OPEN FAILED: SerialException("could not open port 'COM16': FileNotFoundError(2, 'El sistema no puede encontrar el archivo especificado.', None, 2)")
OPEN FAILED: SerialException("could not open port 'COM16': FileNotFoundError(2, 'El sistema no puede encontrar el archivo especificado.', None, 2)")
OPEN FAILED: SerialException("could not open port 'COM16': FileNotFoundError(2, 'El sistema no puede encontrar el archivo especificado.', None, 2)")
OPEN FAILED: SerialException("could not open port 'COM16': FileNotFoundError(2, 'El sistema no puede encontrar el archivo especificado.', None, 2)")
OPEN FAILED: SerialException("could not open port 'COM16': FileNotFoundError(2, 'El sistema no puede encontrar el archivo especificado.', None, 2)")
OPEN FAILED: SerialException("could not open port 'COM16': FileNotFoundError(2, 'El sistema no puede encontrar el archivo especificado.', None, 2)")
OPEN FAILED: SerialException("could not open port 'COM16': FileNotFoundError(2, 'El sistema no puede encontrar el archivo especificado.', None, 2)")
OPEN FAILED: SerialException("could not open port 'COM16': FileNotFoundError(2, 'El sistema no puede encontrar el archivo especificado.', None, 2)")
OPEN FAILED: SerialException("could not open port 'COM16': FileNotFoundError(2, 'El sistema no puede encontrar el archivo especificado.', None, 2)")
OPEN FAILED: SerialException("could not open port 'COM16': FileNotFoundError(2, 'El sistema no puede encontrar el archivo especificado.', None, 2)")
OPEN FAILED: SerialException("could not open port 'COM16': FileNotFoundError(2, 'El sistema no puede encontrar el archivo especificado.', None, 2)")
OPEN FAILED: SerialException("could not open port 'COM16': FileNotFoundError(2, 'El sistema no puede encontrar el archivo especificado.', None, 2)")
OPEN FAILED: SerialException("could not open port 'COM16': FileNotFoundError(2, 'El sistema no puede encontrar el archivo especificado.', None, 2)")
OPEN FAILED: SerialException("could not open port 'COM16': FileNotFoundError(2, 'El sistema no puede encontrar el archivo especificado.', None, 2)")
=== COM16 abierto, capturando 120s (el open resetea la placa) ===
[   0.3s] Deep-sleep wake #144 (cause=4)
[   0.3s] Last reset reason: 8 = DEEPSLEEP
[   0.3s] Node address: 4 (Module B sees this as +RCV addr=4)
[   0.3s] Tick: sensor_read 2/3, lora_trans 2/4
[   0.3s] 
[   0.3s] [sleep] nothing due - no rails powered - sleeping 10s
READ FAILED after 0.3s: SerialException("ClearCommError failed (PermissionError(13, 'El dispositivo no reconoce el comando.', None, 22))")
=== fin ===
OPEN FAILED: SerialException("could not open port 'COM16': FileNotFoundError(2, 'El sistema no puede encontrar el archivo especificado.', None, 2)")
OPEN FAILED: SerialException("could not open port 'COM16': FileNotFoundError(2, 'El sistema no puede encontrar el archivo especificado.', None, 2)")
OPEN FAILED: SerialException("could not open port 'COM16': FileNotFoundError(2, 'El sistema no puede encontrar el archivo especificado.', None, 2)")
OPEN FAILED: SerialException("could not open port 'COM16': FileNotFoundError(2, 'El sistema no puede encontrar el archivo especificado.', None, 2)")
OPEN FAILED: SerialException("could not open port 'COM16': FileNotFoundError(2, 'El sistema no puede encontrar el archivo especificado.', None, 2)")
OPEN FAILED: SerialException("could not open port 'COM16': FileNotFoundError(2, 'El sistema no puede encontrar el archivo especificado.', None, 2)")
OPEN FAILED: SerialException("could not open port 'COM16': FileNotFoundError(2, 'El sistema no puede encontrar el archivo especificado.', None, 2)")
OPEN FAILED: SerialException("could not open port 'COM16': FileNotFoundError(2, 'El sistema no puede encontrar el archivo especificado.', None, 2)")
OPEN FAILED: SerialException("could not open port 'COM16': FileNotFoundError(2, 'El sistema no puede encontrar el archivo especificado.', None, 2)")
OPEN FAILED: SerialException("could not open port 'COM16': FileNotFoundError(2, 'El sistema no puede encontrar el archivo especificado.', None, 2)")
OPEN FAILED: SerialException("could not open port 'COM16': FileNotFoundError(2, 'El sistema no puede encontrar el archivo especificado.', None, 2)")
OPEN FAILED: SerialException("could not open port 'COM16': FileNotFoundError(2, 'El sistema no puede encontrar el archivo especificado.', None, 2)")
OPEN FAILED: SerialException("could not open port 'COM16': FileNotFoundError(2, 'El sistema no puede encontrar el archivo especificado.', None, 2)")
OPEN FAILED: SerialException("could not open port 'COM16': FileNotFoundError(2, 'El sistema no puede encontrar el archivo especificado.', None, 2)")
OPEN FAILED: SerialException("could not open port 'COM16': FileNotFoundError(2, 'El sistema no puede encontrar el archivo especificado.', None, 2)")
OPEN FAILED: SerialException("could not open port 'COM16': FileNotFoundError(2, 'El sistema no puede encontrar el archivo especificado.', None, 2)")
OPEN FAILED: SerialException("could not open port 'COM16': FileNotFoundError(2, 'El sistema no puede encontrar el archivo especificado.', None, 2)")
OPEN FAILED: SerialException("could not open port 'COM16': FileNotFoundError(2, 'El sistema no puede encontrar el archivo especificado.', None, 2)")
OPEN FAILED: SerialException("could not open port 'COM16': FileNotFoundError(2, 'El sistema no puede encontrar el archivo especificado.', None, 2)")
OPEN FAILED: SerialException("could not open port 'COM16': FileNotFoundError(2, 'El sistema no puede encontrar el archivo especificado.', None, 2)")
OPEN FAILED: SerialException("could not open port 'COM16': FileNotFoundError(2, 'El sistema no puede encontrar el archivo especificado.', None, 2)")
OPEN FAILED: SerialException("could not open port 'COM16': FileNotFoundError(2, 'El sistema no puede encontrar el archivo especificado.', None, 2)")
OPEN FAILED: SerialException("could not open port 'COM16': FileNotFoundError(2, 'El sistema no puede encontrar el archivo especificado.', None, 2)")
OPEN FAILED: SerialException("could not open port 'COM16': FileNotFoundError(2, 'El sistema no puede encontrar el archivo especificado.', None, 2)")
OPEN FAILED: SerialException("could not open port 'COM16': FileNotFoundError(2, 'El sistema no puede encontrar el archivo especificado.', None, 2)")
OPEN FAILED: SerialException("could not open port 'COM16': FileNotFoundError(2, 'El sistema no puede encontrar el archivo especificado.', None, 2)")
OPEN FAILED: SerialException("could not open port 'COM16': FileNotFoundError(2, 'El sistema no puede encontrar el archivo especificado.', None, 2)")
OPEN FAILED: SerialException("could not open port 'COM16': FileNotFoundError(2, 'El sistema no puede encontrar el archivo especificado.', None, 2)")
OPEN FAILED: SerialException("could not open port 'COM16': FileNotFoundError(2, 'El sistema no puede encontrar el archivo especificado.', None, 2)")
OPEN FAILED: SerialException("could not open port 'COM16': FileNotFoundError(2, 'El sistema no puede encontrar el archivo especificado.', None, 2)")
OPEN FAILED: SerialException("could not open port 'COM16': FileNotFoundError(2, 'El sistema no puede encontrar el archivo especificado.', None, 2)")
OPEN FAILED: SerialException("could not open port 'COM16': FileNotFoundError(2, 'El sistema no puede encontrar el archivo especificado.', None, 2)")
OPEN FAILED: SerialException("could not open port 'COM16': FileNotFoundError(2, 'El sistema no puede encontrar el archivo especificado.', None, 2)")
OPEN FAILED: SerialException("could not open port 'COM16': FileNotFoundError(2, 'El sistema no puede encontrar el archivo especificado.', None, 2)")
OPEN FAILED: SerialException("could not open port 'COM16': FileNotFoundError(2, 'El sistema no puede encontrar el archivo especificado.', None, 2)")
OPEN FAILED: SerialException("could not open port 'COM16': FileNotFoundError(2, 'El sistema no puede encontrar el archivo especificado.', None, 2)")
OPEN FAILED: SerialException("could not open port 'COM16': FileNotFoundError(2, 'El sistema no puede encontrar el archivo especificado.', None, 2)")
OPEN FAILED: SerialException("could not open port 'COM16': FileNotFoundError(2, 'El sistema no puede encontrar el archivo especificado.', None, 2)")
OPEN FAILED: SerialException("could not open port 'COM16': FileNotFoundError(2, 'El sistema no puede encontrar el archivo especificado.', None, 2)")
OPEN FAILED: SerialException("could not open port 'COM16': FileNotFoundError(2, 'El sistema no puede encontrar el archivo especificado.', None, 2)")
OPEN FAILED: SerialException("could not open port 'COM16': FileNotFoundError(2, 'El sistema no puede encontrar el archivo especificado.', None, 2)")
OPEN FAILED: SerialException("could not open port 'COM16': FileNotFoundError(2, 'El sistema no puede encontrar el archivo especificado.', None, 2)")
OPEN FAILED: SerialException("could not open port 'COM16': FileNotFoundError(2, 'El sistema no puede encontrar el archivo especificado.', None, 2)")
OPEN FAILED: SerialException("could not open port 'COM16': FileNotFoundError(2, 'El sistema no puede encontrar el archivo especificado.', None, 2)")
OPEN FAILED: SerialException("could not open port 'COM16': FileNotFoundError(2, 'El sistema no puede encontrar el archivo especificado.', None, 2)")
OPEN FAILED: SerialException("could not open port 'COM16': FileNotFoundError(2, 'El sistema no puede encontrar el archivo especificado.', None, 2)")
OPEN FAILED: SerialException("could not open port 'COM16': FileNotFoundError(2, 'El sistema no puede encontrar el archivo especificado.', None, 2)")
OPEN FAILED: SerialException("could not open port 'COM16': FileNotFoundError(2, 'El sistema no puede encontrar el archivo especificado.', None, 2)")
OPEN FAILED: SerialException("could not open port 'COM16': FileNotFoundError(2, 'El sistema no puede encontrar el archivo especificado.', None, 2)")
OPEN FAILED: SerialException("could not open port 'COM16': FileNotFoundError(2, 'El sistema no puede encontrar el archivo especificado.', None, 2)")
OPEN FAILED: SerialException("could not open port 'COM16': FileNotFoundError(2, 'El sistema no puede encontrar el archivo especificado.', None, 2)")
OPEN FAILED: SerialException("could not open port 'COM16': FileNotFoundError(2, 'El sistema no puede encontrar el archivo especificado.', None, 2)")
OPEN FAILED: SerialException("could not open port 'COM16': FileNotFoundError(2, 'El sistema no puede encontrar el archivo especificado.', None, 2)")
OPEN FAILED: SerialException("could not open port 'COM16': FileNotFoundError(2, 'El sistema no puede encontrar el archivo especificado.', None, 2)")
OPEN FAILED: SerialException("could not open port 'COM16': FileNotFoundError(2, 'El sistema no puede encontrar el archivo especificado.', None, 2)")
OPEN FAILED: SerialException("could not open port 'COM16': FileNotFoundError(2, 'El sistema no puede encontrar el archivo especificado.', None, 2)")
OPEN FAILED: SerialException("could not open port 'COM16': FileNotFoundError(2, 'El sistema no puede encontrar el archivo especificado.', None, 2)")
OPEN FAILED: SerialException("could not open port 'COM16': FileNotFoundError(2, 'El sistema no puede encontrar el archivo especificado.', None, 2)")
OPEN FAILED: SerialException("could not open port 'COM16': FileNotFoundError(2, 'El sistema no puede encontrar el archivo especificado.', None, 2)")
OPEN FAILED: SerialException("could not open port 'COM16': FileNotFoundError(2, 'El sistema no puede encontrar el archivo especificado.', None, 2)")
OPEN FAILED: SerialException("could not open port 'COM16': FileNotFoundError(2, 'El sistema no puede encontrar el archivo especificado.', None, 2)")
OPEN FAILED: SerialException("could not open port 'COM16': FileNotFoundError(2, 'El sistema no puede encontrar el archivo especificado.', None, 2)")
OPEN FAILED: SerialException("could not open port 'COM16': FileNotFoundError(2, 'El sistema no puede encontrar el archivo especificado.', None, 2)")
OPEN FAILED: SerialException("could not open port 'COM16': FileNotFoundError(2, 'El sistema no puede encontrar el archivo especificado.', None, 2)")
OPEN FAILED: SerialException("could not open port 'COM16': FileNotFoundError(2, 'El sistema no puede encontrar el archivo especificado.', None, 2)")
OPEN FAILED: SerialException("could not open port 'COM16': FileNotFoundError(2, 'El sistema no puede encontrar el archivo especificado.', None, 2)")
OPEN FAILED: SerialException("could not open port 'COM16': FileNotFoundError(2, 'El sistema no puede encontrar el archivo especificado.', None, 2)")
OPEN FAILED: SerialException("could not open port 'COM16': FileNotFoundError(2, 'El sistema no puede encontrar el archivo especificado.', None, 2)")
OPEN FAILED: SerialException("could not open port 'COM16': FileNotFoundError(2, 'El sistema no puede encontrar el archivo especificado.', None, 2)")
OPEN FAILED: SerialException("could not open port 'COM16': FileNotFoundError(2, 'El sistema no puede encontrar el archivo especificado.', None, 2)")
OPEN FAILED: SerialException("could not open port 'COM16': FileNotFoundError(2, 'El sistema no puede encontrar el archivo especificado.', None, 2)")
OPEN FAILED: SerialException("could not open port 'COM16': FileNotFoundError(2, 'El sistema no puede encontrar el archivo especificado.', None, 2)")
OPEN FAILED: SerialException("could not open port 'COM16': FileNotFoundError(2, 'El sistema no puede encontrar el archivo especificado.', None, 2)")
OPEN FAILED: SerialException("could not open port 'COM16': FileNotFoundError(2, 'El sistema no puede encontrar el archivo especificado.', None, 2)")
OPEN FAILED: SerialException("could not open port 'COM16': FileNotFoundError(2, 'El sistema no puede encontrar el archivo especificado.', None, 2)")
OPEN FAILED: SerialException("could not open port 'COM16': FileNotFoundError(2, 'El sistema no puede encontrar el archivo especificado.', None, 2)")
OPEN FAILED: SerialException("could not open port 'COM16': FileNotFoundError(2, 'El sistema no puede encontrar el archivo especificado.', None, 2)")
OPEN FAILED: SerialException("could not open port 'COM16': FileNotFoundError(2, 'El sistema no puede encontrar el archivo especificado.', None, 2)")
OPEN FAILED: SerialException("could not open port 'COM16': FileNotFoundError(2, 'El sistema no puede encontrar el archivo especificado.', None, 2)")
OPEN FAILED: SerialException("could not open port 'COM16': FileNotFoundError(2, 'El sistema no puede encontrar el archivo especificado.', None, 2)")
OPEN FAILED: SerialException("could not open port 'COM16': FileNotFoundError(2, 'El sistema no puede encontrar el archivo especificado.', None, 2)")
OPEN FAILED: SerialException("could not open port 'COM16': FileNotFoundError(2, 'El sistema no puede encontrar el archivo especificado.', None, 2)")
OPEN FAILED: SerialException("could not open port 'COM16': FileNotFoundError(2, 'El sistema no puede encontrar el archivo especificado.', None, 2)")
OPEN FAILED: SerialException("could not open port 'COM16': FileNotFoundError(2, 'El sistema no puede encontrar el archivo especificado.', None, 2)")
OPEN FAILED: SerialException("could not open port 'COM16': FileNotFoundError(2, 'El sistema no puede encontrar el archivo especificado.', None, 2)")
OPEN FAILED: SerialException("could not open port 'COM16': FileNotFoundError(2, 'El sistema no puede encontrar el archivo especificado.', None, 2)")
OPEN FAILED: SerialException("could not open port 'COM16': FileNotFoundError(2, 'El sistema no puede encontrar el archivo especificado.', None, 2)")
OPEN FAILED: SerialException("could not open port 'COM16': FileNotFoundError(2, 'El sistema no puede encontrar el archivo especificado.', None, 2)")
OPEN FAILED: SerialException("could not open port 'COM16': FileNotFoundError(2, 'El sistema no puede encontrar el archivo especificado.', None, 2)")
OPEN FAILED: SerialException("could not open port 'COM16': FileNotFoundError(2, 'El sistema no puede encontrar el archivo especificado.', None, 2)")
OPEN FAILED: SerialException("could not open port 'COM16': FileNotFoundError(2, 'El sistema no puede encontrar el archivo especificado.', None, 2)")
OPEN FAILED: SerialException("could not open port 'COM16': FileNotFoundError(2, 'El sistema no puede encontrar el archivo especificado.', None, 2)")
OPEN FAILED: SerialException("could not open port 'COM16': FileNotFoundError(2, 'El sistema no puede encontrar el archivo especificado.', None, 2)")
OPEN FAILED: SerialException("could not open port 'COM16': FileNotFoundError(2, 'El sistema no puede encontrar el archivo especificado.', None, 2)")
OPEN FAILED: SerialException("could not open port 'COM16': FileNotFoundError(2, 'El sistema no puede encontrar el archivo especificado.', None, 2)")
OPEN FAILED: SerialException("could not open port 'COM16': FileNotFoundError(2, 'El sistema no puede encontrar el archivo especificado.', None, 2)")
OPEN FAILED: SerialException("could not open port 'COM16': FileNotFoundError(2, 'El sistema no puede encontrar el archivo especificado.', None, 2)")
OPEN FAILED: SerialException("could not open port 'COM16': FileNotFoundError(2, 'El sistema no puede encontrar el archivo especificado.', None, 2)")
OPEN FAILED: SerialException("could not open port 'COM16': FileNotFoundError(2, 'El sistema no puede encontrar el archivo especificado.', None, 2)")
OPEN FAILED: SerialException("could not open port 'COM16': FileNotFoundError(2, 'El sistema no puede encontrar el archivo especificado.', None, 2)")
OPEN FAILED: SerialException("could not open port 'COM16': FileNotFoundError(2, 'El sistema no puede encontrar el archivo especificado.', None, 2)")
OPEN FAILED: SerialException("could not open port 'COM16': FileNotFoundError(2, 'El sistema no puede encontrar el archivo especificado.', None, 2)")
OPEN FAILED: SerialException("could not open port 'COM16': FileNotFoundError(2, 'El sistema no puede encontrar el archivo especificado.', None, 2)")
OPEN FAILED: SerialException("could not open port 'COM16': FileNotFoundError(2, 'El sistema no puede encontrar el archivo especificado.', None, 2)")
OPEN FAILED: SerialException("could not open port 'COM16': FileNotFoundError(2, 'El sistema no puede encontrar el archivo especificado.', None, 2)")
OPEN FAILED: SerialException("could not open port 'COM16': FileNotFoundError(2, 'El sistema no puede encontrar el archivo especificado.', None, 2)")
OPEN FAILED: SerialException("could not open port 'COM16': FileNotFoundError(2, 'El sistema no puede encontrar el archivo especificado.', None, 2)")
OPEN FAILED: SerialException("could not open port 'COM16': FileNotFoundError(2, 'El sistema no puede encontrar el archivo especificado.', None, 2)")
OPEN FAILED: SerialException("could not open port 'COM16': FileNotFoundError(2, 'El sistema no puede encontrar el archivo especificado.', None, 2)")
OPEN FAILED: SerialException("could not open port 'COM16': FileNotFoundError(2, 'El sistema no puede encontrar el archivo especificado.', None, 2)")
OPEN FAILED: SerialException("could not open port 'COM16': FileNotFoundError(2, 'El sistema no puede encontrar el archivo especificado.', None, 2)")
OPEN FAILED: SerialException("could not open port 'COM16': FileNotFoundError(2, 'El sistema no puede encontrar el archivo especificado.', None, 2)")
OPEN FAILED: SerialException("could not open port 'COM16': FileNotFoundError(2, 'El sistema no puede encontrar el archivo especificado.', None, 2)")
=== COM16 abierto, capturando 120s (el open resetea la placa) ===
[   0.3s] Deep-sleep wake #145 (cause=4)
[   0.3s] Last reset reason: 8 = DEEPSLEEP
[   0.3s] Node address: 4 (Module B sees this as +RCV addr=4)
[   0.3s] Tick: sensor_read 3/3, lora_trans 3/4
[   0.3s] Boot #75 since last power loss
[   2.5s] 3V3: about to assert
[   2.5s] 3V3: asserted
[   2.8s] 3V3: settled
[   2.8s] 5V: about to assert (plain write)
[   2.8s] 5V: asserted
[   3.4s] 5V: settled
[   3.4s] LoRa: about to assert
[   3.4s] LoRa: asserted
[   3.4s] BMV080 EN: GPIO15 -> LOW
[   3.7s] rails up
[   3.7s] [PowerManager] enable3V3Sensors (stub - bench has no gating FET yet)
[   3.7s] --- I2C scan (after rails, before sensor init) ---
[   3.7s]   ACK at 0x57
[   3.7s]   ACK at 0x74
[   3.7s]   ACK at 0x76
[   3.7s] [bme probe right after scan] 0x76 (addr-probe=0) chip ID = 0x61 (0x61 = BME69x, CORRECT)
[   3.7s] [  4088][E][Wire.cpp:499] requestFrom(): i2cWriteReadNonStop returned Error -1
[   3.7s] [bme probe right after scan] 0x77 accepted the register write but returned no data
[   3.7s] Waiting 5000ms for BMV080 startup...
[   9.0s] [bme probe after BMV080 wait, before begin] 0x76 (addr-probe=0) chip ID = 0x61 (0x61 = BME69x, CORRECT)
[   9.0s] [  9096][E][Wire.cpp:499] requestFrom(): i2cWriteReadNonStop returned Error -1
[   9.0s] [bme probe after BMV080 wait, before begin] 0x77 accepted the register write but returned no data
[   9.0s] [step] bme690.begin ...
[   9.0s] BME690: OK (bound to 0x76)
[   9.0s] SEN0466: SKIPPED (210s settle - excluded from the sleeping cycle)
[   9.0s] [step] cm1106.begin (SWAPPED: now before bmv080) ...
[  11.8s] [step] cm1106.begin returned ...
[  12.1s] [step] bmv080.begin (SWAPPED: now after cm1106) ...
READ FAILED after 12.7s: SerialException("ClearCommError failed (PermissionError(13, 'El dispositivo no reconoce el comando.', None, 22))")
=== fin ===
OPEN FAILED: SerialException("could not open port 'COM16': FileNotFoundError(2, 'El sistema no puede encontrar el archivo especificado.', None, 2)")
OPEN FAILED: SerialException("could not open port 'COM16': FileNotFoundError(2, 'El sistema no puede encontrar el archivo especificado.', None, 2)")
OPEN FAILED: SerialException("could not open port 'COM16': FileNotFoundError(2, 'El sistema no puede encontrar el archivo especificado.', None, 2)")
OPEN FAILED: SerialException("could not open port 'COM16': FileNotFoundError(2, 'El sistema no puede encontrar el archivo especificado.', None, 2)")
OPEN FAILED: SerialException("could not open port 'COM16': FileNotFoundError(2, 'El sistema no puede encontrar el archivo especificado.', None, 2)")
OPEN FAILED: SerialException("could not open port 'COM16': FileNotFoundError(2, 'El sistema no puede encontrar el archivo especificado.', None, 2)")
OPEN FAILED: SerialException("could not open port 'COM16': FileNotFoundError(2, 'El sistema no puede encontrar el archivo especificado.', None, 2)")
OPEN FAILED: SerialException("could not open port 'COM16': FileNotFoundError(2, 'El sistema no puede encontrar el archivo especificado.', None, 2)")
OPEN FAILED: SerialException("could not open port 'COM16': FileNotFoundError(2, 'El sistema no puede encontrar el archivo especificado.', None, 2)")
OPEN FAILED: SerialException("could not open port 'COM16': FileNotFoundError(2, 'El sistema no puede encontrar el archivo especificado.', None, 2)")
OPEN FAILED: SerialException("could not open port 'COM16': FileNotFoundError(2, 'El sistema no puede encontrar el archivo especificado.', None, 2)")
OPEN FAILED: SerialException("could not open port 'COM16': FileNotFoundError(2, 'El sistema no puede encontrar el archivo especificado.', None, 2)")
OPEN FAILED: SerialException("could not open port 'COM16': FileNotFoundError(2, 'El sistema no puede encontrar el archivo especificado.', None, 2)")
OPEN FAILED: SerialException("could not open port 'COM16': FileNotFoundError(2, 'El sistema no puede encontrar el archivo especificado.', None, 2)")
OPEN FAILED: SerialException("could not open port 'COM16': FileNotFoundError(2, 'El sistema no puede encontrar el archivo especificado.', None, 2)")
OPEN FAILED: SerialException("could not open port 'COM16': FileNotFoundError(2, 'El sistema no puede encontrar el archivo especificado.', None, 2)")
OPEN FAILED: SerialException("could not open port 'COM16': FileNotFoundError(2, 'El sistema no puede encontrar el archivo especificado.', None, 2)")
OPEN FAILED: SerialException("could not open port 'COM16': FileNotFoundError(2, 'El sistema no puede encontrar el archivo especificado.', None, 2)")
OPEN FAILED: SerialException("could not open port 'COM16': FileNotFoundError(2, 'El sistema no puede encontrar el archivo especificado.', None, 2)")
OPEN FAILED: SerialException("could not open port 'COM16': FileNotFoundError(2, 'El sistema no puede encontrar el archivo especificado.', None, 2)")
OPEN FAILED: SerialException("could not open port 'COM16': FileNotFoundError(2, 'El sistema no puede encontrar el archivo especificado.', None, 2)")
OPEN FAILED: SerialException("could not open port 'COM16': FileNotFoundError(2, 'El sistema no puede encontrar el archivo especificado.', None, 2)")
OPEN FAILED: SerialException("could not open port 'COM16': FileNotFoundError(2, 'El sistema no puede encontrar el archivo especificado.', None, 2)")
OPEN FAILED: SerialException("could not open port 'COM16': FileNotFoundError(2, 'El sistema no puede encontrar el archivo especificado.', None, 2)")
OPEN FAILED: SerialException("could not open port 'COM16': FileNotFoundError(2, 'El sistema no puede encontrar el archivo especificado.', None, 2)")
OPEN FAILED: SerialException("could not open port 'COM16': FileNotFoundError(2, 'El sistema no puede encontrar el archivo especificado.', None, 2)")
OPEN FAILED: SerialException("could not open port 'COM16': FileNotFoundError(2, 'El sistema no puede encontrar el archivo especificado.', None, 2)")
OPEN FAILED: SerialException("could not open port 'COM16': FileNotFoundError(2, 'El sistema no puede encontrar el archivo especificado.', None, 2)")
OPEN FAILED: SerialException("could not open port 'COM16': FileNotFoundError(2, 'El sistema no puede encontrar el archivo especificado.', None, 2)")
OPEN FAILED: SerialException("could not open port 'COM16': FileNotFoundError(2, 'El sistema no puede encontrar el archivo especificado.', None, 2)")
OPEN FAILED: SerialException("could not open port 'COM16': FileNotFoundError(2, 'El sistema no puede encontrar el archivo especificado.', None, 2)")
OPEN FAILED: SerialException("could not open port 'COM16': FileNotFoundError(2, 'El sistema no puede encontrar el archivo especificado.', None, 2)")
OPEN FAILED: SerialException("could not open port 'COM16': FileNotFoundError(2, 'El sistema no puede encontrar el archivo especificado.', None, 2)")
OPEN FAILED: SerialException("could not open port 'COM16': FileNotFoundError(2, 'El sistema no puede encontrar el archivo especificado.', None, 2)")
OPEN FAILED: SerialException("could not open port 'COM16': FileNotFoundError(2, 'El sistema no puede encontrar el archivo especificado.', None, 2)")
OPEN FAILED: SerialException("could not open port 'COM16': FileNotFoundError(2, 'El sistema no puede encontrar el archivo especificado.', None, 2)")
OPEN FAILED: SerialException("could not open port 'COM16': FileNotFoundError(2, 'El sistema no puede encontrar el archivo especificado.', None, 2)")
OPEN FAILED: SerialException("could not open port 'COM16': FileNotFoundError(2, 'El sistema no puede encontrar el archivo especificado.', None, 2)")
OPEN FAILED: SerialException("could not open port 'COM16': FileNotFoundError(2, 'El sistema no puede encontrar el archivo especificado.', None, 2)")
OPEN FAILED: SerialException("could not open port 'COM16': FileNotFoundError(2, 'El sistema no puede encontrar el archivo especificado.', None, 2)")
OPEN FAILED: SerialException("could not open port 'COM16': FileNotFoundError(2, 'El sistema no puede encontrar el archivo especificado.', None, 2)")
OPEN FAILED: SerialException("could not open port 'COM16': FileNotFoundError(2, 'El sistema no puede encontrar el archivo especificado.', None, 2)")
OPEN FAILED: SerialException("could not open port 'COM16': FileNotFoundError(2, 'El sistema no puede encontrar el archivo especificado.', None, 2)")
OPEN FAILED: SerialException("could not open port 'COM16': FileNotFoundError(2, 'El sistema no puede encontrar el archivo especificado.', None, 2)")
OPEN FAILED: SerialException("could not open port 'COM16': FileNotFoundError(2, 'El sistema no puede encontrar el archivo especificado.', None, 2)")
OPEN FAILED: SerialException("could not open port 'COM16': FileNotFoundError(2, 'El sistema no puede encontrar el archivo especificado.', None, 2)")
OPEN FAILED: SerialException("could not open port 'COM16': FileNotFoundError(2, 'El sistema no puede encontrar el archivo especificado.', None, 2)")
OPEN FAILED: SerialException("could not open port 'COM16': FileNotFoundError(2, 'El sistema no puede encontrar el archivo especificado.', None, 2)")
OPEN FAILED: SerialException("could not open port 'COM16': FileNotFoundError(2, 'El sistema no puede encontrar el archivo especificado.', None, 2)")
OPEN FAILED: SerialException("could not open port 'COM16': FileNotFoundError(2, 'El sistema no puede encontrar el archivo especificado.', None, 2)")
OPEN FAILED: SerialException("could not open port 'COM16': FileNotFoundError(2, 'El sistema no puede encontrar el archivo especificado.', None, 2)")
OPEN FAILED: SerialException("could not open port 'COM16': FileNotFoundError(2, 'El sistema no puede encontrar el archivo especificado.', None, 2)")
OPEN FAILED: SerialException("could not open port 'COM16': FileNotFoundError(2, 'El sistema no puede encontrar el archivo especificado.', None, 2)")
OPEN FAILED: SerialException("could not open port 'COM16': FileNotFoundError(2, 'El sistema no puede encontrar el archivo especificado.', None, 2)")
OPEN FAILED: SerialException("could not open port 'COM16': FileNotFoundError(2, 'El sistema no puede encontrar el archivo especificado.', None, 2)")
OPEN FAILED: SerialException("could not open port 'COM16': FileNotFoundError(2, 'El sistema no puede encontrar el archivo especificado.', None, 2)")
OPEN FAILED: SerialException("could not open port 'COM16': FileNotFoundError(2, 'El sistema no puede encontrar el archivo especificado.', None, 2)")
OPEN FAILED: SerialException("could not open port 'COM16': FileNotFoundError(2, 'El sistema no puede encontrar el archivo especificado.', None, 2)")
OPEN FAILED: SerialException("could not open port 'COM16': FileNotFoundError(2, 'El sistema no puede encontrar el archivo especificado.', None, 2)")
OPEN FAILED: SerialException("could not open port 'COM16': FileNotFoundError(2, 'El sistema no puede encontrar el archivo especificado.', None, 2)")
OPEN FAILED: SerialException("could not open port 'COM16': FileNotFoundError(2, 'El sistema no puede encontrar el archivo especificado.', None, 2)")
OPEN FAILED: SerialException("could not open port 'COM16': FileNotFoundError(2, 'El sistema no puede encontrar el archivo especificado.', None, 2)")
OPEN FAILED: SerialException("could not open port 'COM16': FileNotFoundError(2, 'El sistema no puede encontrar el archivo especificado.', None, 2)")
OPEN FAILED: SerialException("could not open port 'COM16': FileNotFoundError(2, 'El sistema no puede encontrar el archivo especificado.', None, 2)")
OPEN FAILED: SerialException("could not open port 'COM16': FileNotFoundError(2, 'El sistema no puede encontrar el archivo especificado.', None, 2)")
OPEN FAILED: SerialException("could not open port 'COM16': FileNotFoundError(2, 'El sistema no puede encontrar el archivo especificado.', None, 2)")
OPEN FAILED: SerialException("could not open port 'COM16': FileNotFoundError(2, 'El sistema no puede encontrar el archivo especificado.', None, 2)")
OPEN FAILED: SerialException("could not open port 'COM16': FileNotFoundError(2, 'El sistema no puede encontrar el archivo especificado.', None, 2)")
OPEN FAILED: SerialException("could not open port 'COM16': FileNotFoundError(2, 'El sistema no puede encontrar el archivo especificado.', None, 2)")
OPEN FAILED: SerialException("could not open port 'COM16': FileNotFoundError(2, 'El sistema no puede encontrar el archivo especificado.', None, 2)")
OPEN FAILED: SerialException("could not open port 'COM16': FileNotFoundError(2, 'El sistema no puede encontrar el archivo especificado.', None, 2)")
OPEN FAILED: SerialException("could not open port 'COM16': FileNotFoundError(2, 'El sistema no puede encontrar el archivo especificado.', None, 2)")
OPEN FAILED: SerialException("could not open port 'COM16': FileNotFoundError(2, 'El sistema no puede encontrar el archivo especificado.', None, 2)")
OPEN FAILED: SerialException("could not open port 'COM16': FileNotFoundError(2, 'El sistema no puede encontrar el archivo especificado.', None, 2)")
OPEN FAILED: SerialException("could not open port 'COM16': FileNotFoundError(2, 'El sistema no puede encontrar el archivo especificado.', None, 2)")
OPEN FAILED: SerialException("could not open port 'COM16': FileNotFoundError(2, 'El sistema no puede encontrar el archivo especificado.', None, 2)")
OPEN FAILED: SerialException("could not open port 'COM16': FileNotFoundError(2, 'El sistema no puede encontrar el archivo especificado.', None, 2)")
OPEN FAILED: SerialException("could not open port 'COM16': FileNotFoundError(2, 'El sistema no puede encontrar el archivo especificado.', None, 2)")
OPEN FAILED: SerialException("could not open port 'COM16': FileNotFoundError(2, 'El sistema no puede encontrar el archivo especificado.', None, 2)")
OPEN FAILED: SerialException("could not open port 'COM16': FileNotFoundError(2, 'El sistema no puede encontrar el archivo especificado.', None, 2)")
OPEN FAILED: SerialException("could not open port 'COM16': FileNotFoundError(2, 'El sistema no puede encontrar el archivo especificado.', None, 2)")
OPEN FAILED: SerialException("could not open port 'COM16': FileNotFoundError(2, 'El sistema no puede encontrar el archivo especificado.', None, 2)")
OPEN FAILED: SerialException("could not open port 'COM16': FileNotFoundError(2, 'El sistema no puede encontrar el archivo especificado.', None, 2)")
OPEN FAILED: SerialException("could not open port 'COM16': FileNotFoundError(2, 'El sistema no puede encontrar el archivo especificado.', None, 2)")
OPEN FAILED: SerialException("could not open port 'COM16': FileNotFoundError(2, 'El sistema no puede encontrar el archivo especificado.', None, 2)")
OPEN FAILED: SerialException("could not open port 'COM16': FileNotFoundError(2, 'El sistema no puede encontrar el archivo especificado.', None, 2)")
OPEN FAILED: SerialException("could not open port 'COM16': FileNotFoundError(2, 'El sistema no puede encontrar el archivo especificado.', None, 2)")
OPEN FAILED: SerialException("could not open port 'COM16': FileNotFoundError(2, 'El sistema no puede encontrar el archivo especificado.', None, 2)")
OPEN FAILED: SerialException("could not open port 'COM16': FileNotFoundError(2, 'El sistema no puede encontrar el archivo especificado.', None, 2)")
OPEN FAILED: SerialException("could not open port 'COM16': FileNotFoundError(2, 'El sistema no puede encontrar el archivo especificado.', None, 2)")
OPEN FAILED: SerialException("could not open port 'COM16': FileNotFoundError(2, 'El sistema no puede encontrar el archivo especificado.', None, 2)")
OPEN FAILED: SerialException("could not open port 'COM16': FileNotFoundError(2, 'El sistema no puede encontrar el archivo especificado.', None, 2)")
OPEN FAILED: SerialException("could not open port 'COM16': FileNotFoundError(2, 'El sistema no puede encontrar el archivo especificado.', None, 2)")
OPEN FAILED: SerialException("could not open port 'COM16': FileNotFoundError(2, 'El sistema no puede encontrar el archivo especificado.', None, 2)")
OPEN FAILED: SerialException("could not open port 'COM16': FileNotFoundError(2, 'El sistema no puede encontrar el archivo especificado.', None, 2)")
OPEN FAILED: SerialException("could not open port 'COM16': FileNotFoundError(2, 'El sistema no puede encontrar el archivo especificado.', None, 2)")
OPEN FAILED: SerialException("could not open port 'COM16': FileNotFoundError(2, 'El sistema no puede encontrar el archivo especificado.', None, 2)")
OPEN FAILED: SerialException("could not open port 'COM16': FileNotFoundError(2, 'El sistema no puede encontrar el archivo especificado.', None, 2)")
OPEN FAILED: SerialException("could not open port 'COM16': FileNotFoundError(2, 'El sistema no puede encontrar el archivo especificado.', None, 2)")
OPEN FAILED: SerialException("could not open port 'COM16': FileNotFoundError(2, 'El sistema no puede encontrar el archivo especificado.', None, 2)")
OPEN FAILED: SerialException("could not open port 'COM16': FileNotFoundError(2, 'El sistema no puede encontrar el archivo especificado.', None, 2)")
OPEN FAILED: SerialException("could not open port 'COM16': FileNotFoundError(2, 'El sistema no puede encontrar el archivo especificado.', None, 2)")
OPEN FAILED: SerialException("could not open port 'COM16': FileNotFoundError(2, 'El sistema no puede encontrar el archivo especificado.', None, 2)")
OPEN FAILED: SerialException("could not open port 'COM16': FileNotFoundError(2, 'El sistema no puede encontrar el archivo especificado.', None, 2)")
OPEN FAILED: SerialException("could not open port 'COM16': FileNotFoundError(2, 'El sistema no puede encontrar el archivo especificado.', None, 2)")
OPEN FAILED: SerialException("could not open port 'COM16': FileNotFoundError(2, 'El sistema no puede encontrar el archivo especificado.', None, 2)")
OPEN FAILED: SerialException("could not open port 'COM16': FileNotFoundError(2, 'El sistema no puede encontrar el archivo especificado.', None, 2)")
OPEN FAILED: SerialException("could not open port 'COM16': FileNotFoundError(2, 'El sistema no puede encontrar el archivo especificado.', None, 2)")
OPEN FAILED: SerialException("could not open port 'COM16': FileNotFoundError(2, 'El sistema no puede encontrar el archivo especificado.', None, 2)")
OPEN FAILED: SerialException("could not open port 'COM16': FileNotFoundError(2, 'El sistema no puede encontrar el archivo especificado.', None, 2)")
OPEN FAILED: SerialException("could not open port 'COM16': FileNotFoundError(2, 'El sistema no puede encontrar el archivo especificado.', None, 2)")
OPEN FAILED: SerialException("could not open port 'COM16': FileNotFoundError(2, 'El sistema no puede encontrar el archivo especificado.', None, 2)")
OPEN FAILED: SerialException("could not open port 'COM16': FileNotFoundError(2, 'El sistema no puede encontrar el archivo especificado.', None, 2)")
=== COM16 abierto, capturando 120s (el open resetea la placa) ===
[   2.5s] 3V3: about to assert
[   2.5s] 3V3: asserted
[   2.8s] 3V3: settled
[   2.8s] 5V: about to assert (plain write)
[   2.8s] 5V: asserted
[   3.4s] 5V: settled
[   3.4s] LoRa: about to assert
[   3.4s] LoRa: asserted
[   3.4s] BMV080 EN: GPIO15 -> LOW
[   3.7s] rails up
[   3.7s] [PowerManager] enable3V3Sensors (stub - bench has no gating FET yet)
[   3.7s] --- I2C scan (after rails, before sensor init) ---
[   3.7s]   ACK at 0x57
[   3.7s]   ACK at 0x74
[   3.7s]   ACK at 0x76
[   3.7s] [bme probe right after scan] 0x76 (addr-probe=0) chip ID = 0x61 (0x61 = BME69x, CORRECT)
[   3.7s] [  4087][E][Wire.cpp:499] requestFrom(): i2cWriteReadNonStop returned Error -1
[   4.0s] [bme probe right after scan] 0x77 accepted the register write but returned no data
[   4.0s] Waiting 5000ms for BMV080 startup...
[   9.0s] [bme probe after BMV080 wait, before begin] 0x76 (addr-probe=0) chip ID = 0x61 (0x61 = BME69x, CORRECT)
[   9.0s] [  9095][E][Wire.cpp:499] requestFrom(): i2cWriteReadNonStop returned Error -1
[   9.0s] [bme probe after BMV080 wait, before begin] 0x77 accepted the register write but returned no data
[   9.0s] [step] bme690.begin ...
[   9.0s] BME690: OK (bound to 0x76)
[   9.0s] SEN0466: SKIPPED (210s settle - excluded from the sleeping cycle)
[   9.0s] [step] cm1106.begin (SWAPPED: now before bmv080) ...
[  11.8s] [step] cm1106.begin returned ...
[  12.1s] [step] bmv080.begin (SWAPPED: now after cm1106) ...
[  12.8s] BMV080: OK
[  12.8s] [step] calypso.begin next ...
[  12.8s] [step] calypso.begin returned - radio next ...
[  12.8s] Configuring RYLR998 (link parameters must match pp1-lora-receiver):
[  12.8s]   -> AT
[  12.8s]   <- +OK
[  12.8s]   -> AT+ADDRESS=4
[  12.8s]   <- +OK
[  12.8s]   -> AT+NETWORKID=5
[  12.8s]   <- +OK
[  12.8s]   -> AT+BAND=868000000
[  12.8s]   <- +OK
[  12.8s]   -> AT+PARAMETER=7,7,1,12
[  12.8s]   <- +OK
[  12.8s]   -> AT+CRFOP=14
[  12.8s]   <- +OK
[  12.8s] LoRa TX power -> 14 dBm: OK
[  12.8s] Radio init OK
[  12.8s] Setup complete.
[  12.8s] 
[  12.8s] [sentinel] bme=OK(T25.1 H46.1) co=NotInit(0.00)  (40ms)
[  14.3s] [tx] sensor rails off for the transmit
[  14.9s] TX [0..0/1] 70 bytes: 25.09,46.13,944.46,7239.82,0.00,0.00,0.00,667.00,0.00,0.00,0.00,0.00,0  (sent)
[  16.8s] [stat] STAT,146,8,0,11100,58,3120,86,0  (cap 3.62V = 86% usable, flags from wake 88, 58 tick(s) ago) (sent)
[  16.8s] 
[  16.8s] [sleep] tick work done - sleeping 10s
READ FAILED after 16.9s: SerialException("ClearCommError failed (PermissionError(13, 'El dispositivo no reconoce el comando.', None, 22))")
=== fin ===
OPEN FAILED: SerialException("could not open port 'COM16': FileNotFoundError(2, 'El sistema no puede encontrar el archivo especificado.', None, 2)")
OPEN FAILED: SerialException("could not open port 'COM16': FileNotFoundError(2, 'El sistema no puede encontrar el archivo especificado.', None, 2)")
OPEN FAILED: SerialException("could not open port 'COM16': FileNotFoundError(2, 'El sistema no puede encontrar el archivo especificado.', None, 2)")
OPEN FAILED: SerialException("could not open port 'COM16': FileNotFoundError(2, 'El sistema no puede encontrar el archivo especificado.', None, 2)")
OPEN FAILED: SerialException("could not open port 'COM16': FileNotFoundError(2, 'El sistema no puede encontrar el archivo especificado.', None, 2)")
OPEN FAILED: SerialException("could not open port 'COM16': FileNotFoundError(2, 'El sistema no puede encontrar el archivo especificado.', None, 2)")
OPEN FAILED: SerialException("could not open port 'COM16': FileNotFoundError(2, 'El sistema no puede encontrar el archivo especificado.', None, 2)")
OPEN FAILED: SerialException("could not open port 'COM16': FileNotFoundError(2, 'El sistema no puede encontrar el archivo especificado.', None, 2)")
OPEN FAILED: SerialException("could not open port 'COM16': FileNotFoundError(2, 'El sistema no puede encontrar el archivo especificado.', None, 2)")
OPEN FAILED: SerialException("could not open port 'COM16': FileNotFoundError(2, 'El sistema no puede encontrar el archivo especificado.', None, 2)")
OPEN FAILED: SerialException("could not open port 'COM16': FileNotFoundError(2, 'El sistema no puede encontrar el archivo especificado.', None, 2)")
OPEN FAILED: SerialException("could not open port 'COM16': FileNotFoundError(2, 'El sistema no puede encontrar el archivo especificado.', None, 2)")
OPEN FAILED: SerialException("could not open port 'COM16': FileNotFoundError(2, 'El sistema no puede encontrar el archivo especificado.', None, 2)")
OPEN FAILED: SerialException("could not open port 'COM16': FileNotFoundError(2, 'El sistema no puede encontrar el archivo especificado.', None, 2)")
OPEN FAILED: SerialException("could not open port 'COM16': FileNotFoundError(2, 'El sistema no puede encontrar el archivo especificado.', None, 2)")
OPEN FAILED: SerialException("could not open port 'COM16': FileNotFoundError(2, 'El sistema no puede encontrar el archivo especificado.', None, 2)")
OPEN FAILED: SerialException("could not open port 'COM16': FileNotFoundError(2, 'El sistema no puede encontrar el archivo especificado.', None, 2)")
OPEN FAILED: SerialException("could not open port 'COM16': FileNotFoundError(2, 'El sistema no puede encontrar el archivo especificado.', None, 2)")
OPEN FAILED: SerialException("could not open port 'COM16': FileNotFoundError(2, 'El sistema no puede encontrar el archivo especificado.', None, 2)")
OPEN FAILED: SerialException("could not open port 'COM16': FileNotFoundError(2, 'El sistema no puede encontrar el archivo especificado.', None, 2)")
OPEN FAILED: SerialException("could not open port 'COM16': FileNotFoundError(2, 'El sistema no puede encontrar el archivo especificado.', None, 2)")
OPEN FAILED: SerialException("could not open port 'COM16': FileNotFoundError(2, 'El sistema no puede encontrar el archivo especificado.', None, 2)")
OPEN FAILED: SerialException("could not open port 'COM16': FileNotFoundError(2, 'El sistema no puede encontrar el archivo especificado.', None, 2)")
OPEN FAILED: SerialException("could not open port 'COM16': FileNotFoundError(2, 'El sistema no puede encontrar el archivo especificado.', None, 2)")
OPEN FAILED: SerialException("could not open port 'COM16': FileNotFoundError(2, 'El sistema no puede encontrar el archivo especificado.', None, 2)")
OPEN FAILED: SerialException("could not open port 'COM16': FileNotFoundError(2, 'El sistema no puede encontrar el archivo especificado.', None, 2)")
OPEN FAILED: SerialException("could not open port 'COM16': FileNotFoundError(2, 'El sistema no puede encontrar el archivo especificado.', None, 2)")
OPEN FAILED: SerialException("could not open port 'COM16': FileNotFoundError(2, 'El sistema no puede encontrar el archivo especificado.', None, 2)")
OPEN FAILED: SerialException("could not open port 'COM16': FileNotFoundError(2, 'El sistema no puede encontrar el archivo especificado.', None, 2)")
OPEN FAILED: SerialException("could not open port 'COM16': FileNotFoundError(2, 'El sistema no puede encontrar el archivo especificado.', None, 2)")
OPEN FAILED: SerialException("could not open port 'COM16': FileNotFoundError(2, 'El sistema no puede encontrar el archivo especificado.', None, 2)")
OPEN FAILED: SerialException("could not open port 'COM16': FileNotFoundError(2, 'El sistema no puede encontrar el archivo especificado.', None, 2)")
OPEN FAILED: SerialException("could not open port 'COM16': FileNotFoundError(2, 'El sistema no puede encontrar el archivo especificado.', None, 2)")
OPEN FAILED: SerialException("could not open port 'COM16': FileNotFoundError(2, 'El sistema no puede encontrar el archivo especificado.', None, 2)")
OPEN FAILED: SerialException("could not open port 'COM16': FileNotFoundError(2, 'El sistema no puede encontrar el archivo especificado.', None, 2)")
OPEN FAILED: SerialException("could not open port 'COM16': FileNotFoundError(2, 'El sistema no puede encontrar el archivo especificado.', None, 2)")
OPEN FAILED: SerialException("could not open port 'COM16': FileNotFoundError(2, 'El sistema no puede encontrar el archivo especificado.', None, 2)")
OPEN FAILED: SerialException("could not open port 'COM16': FileNotFoundError(2, 'El sistema no puede encontrar el archivo especificado.', None, 2)")
OPEN FAILED: SerialException("could not open port 'COM16': FileNotFoundError(2, 'El sistema no puede encontrar el archivo especificado.', None, 2)")
OPEN FAILED: SerialException("could not open port 'COM16': FileNotFoundError(2, 'El sistema no puede encontrar el archivo especificado.', None, 2)")
OPEN FAILED: SerialException("could not open port 'COM16': FileNotFoundError(2, 'El sistema no puede encontrar el archivo especificado.', None, 2)")
OPEN FAILED: SerialException("could not open port 'COM16': FileNotFoundError(2, 'El sistema no puede encontrar el archivo especificado.', None, 2)")
OPEN FAILED: SerialException("could not open port 'COM16': FileNotFoundError(2, 'El sistema no puede encontrar el archivo especificado.', None, 2)")
OPEN FAILED: SerialException("could not open port 'COM16': FileNotFoundError(2, 'El sistema no puede encontrar el archivo especificado.', None, 2)")
OPEN FAILED: SerialException("could not open port 'COM16': FileNotFoundError(2, 'El sistema no puede encontrar el archivo especificado.', None, 2)")
OPEN FAILED: SerialException("could not open port 'COM16': FileNotFoundError(2, 'El sistema no puede encontrar el archivo especificado.', None, 2)")
OPEN FAILED: SerialException("could not open port 'COM16': FileNotFoundError(2, 'El sistema no puede encontrar el archivo especificado.', None, 2)")
OPEN FAILED: SerialException("could not open port 'COM16': FileNotFoundError(2, 'El sistema no puede encontrar el archivo especificado.', None, 2)")
OPEN FAILED: SerialException("could not open port 'COM16': FileNotFoundError(2, 'El sistema no puede encontrar el archivo especificado.', None, 2)")
OPEN FAILED: SerialException("could not open port 'COM16': FileNotFoundError(2, 'El sistema no puede encontrar el archivo especificado.', None, 2)")
OPEN FAILED: SerialException("could not open port 'COM16': FileNotFoundError(2, 'El sistema no puede encontrar el archivo especificado.', None, 2)")
OPEN FAILED: SerialException("could not open port 'COM16': FileNotFoundError(2, 'El sistema no puede encontrar el archivo especificado.', None, 2)")
OPEN FAILED: SerialException("could not open port 'COM16': FileNotFoundError(2, 'El sistema no puede encontrar el archivo especificado.', None, 2)")
OPEN FAILED: SerialException("could not open port 'COM16': FileNotFoundError(2, 'El sistema no puede encontrar el archivo especificado.', None, 2)")
OPEN FAILED: SerialException("could not open port 'COM16': FileNotFoundError(2, 'El sistema no puede encontrar el archivo especificado.', None, 2)")
OPEN FAILED: SerialException("could not open port 'COM16': FileNotFoundError(2, 'El sistema no puede encontrar el archivo especificado.', None, 2)")
OPEN FAILED: SerialException("could not open port 'COM16': FileNotFoundError(2, 'El sistema no puede encontrar el archivo especificado.', None, 2)")
OPEN FAILED: SerialException("could not open port 'COM16': FileNotFoundError(2, 'El sistema no puede encontrar el archivo especificado.', None, 2)")
OPEN FAILED: SerialException("could not open port 'COM16': FileNotFoundError(2, 'El sistema no puede encontrar el archivo especificado.', None, 2)")
OPEN FAILED: SerialException("could not open port 'COM16': FileNotFoundError(2, 'El sistema no puede encontrar el archivo especificado.', None, 2)")
OPEN FAILED: SerialException("could not open port 'COM16': FileNotFoundError(2, 'El sistema no puede encontrar el archivo especificado.', None, 2)")
OPEN FAILED: SerialException("could not open port 'COM16': FileNotFoundError(2, 'El sistema no puede encontrar el archivo especificado.', None, 2)")
OPEN FAILED: SerialException("could not open port 'COM16': FileNotFoundError(2, 'El sistema no puede encontrar el archivo especificado.', None, 2)")
OPEN FAILED: SerialException("could not open port 'COM16': FileNotFoundError(2, 'El sistema no puede encontrar el archivo especificado.', None, 2)")
OPEN FAILED: SerialException("could not open port 'COM16': FileNotFoundError(2, 'El sistema no puede encontrar el archivo especificado.', None, 2)")
OPEN FAILED: SerialException("could not open port 'COM16': FileNotFoundError(2, 'El sistema no puede encontrar el archivo especificado.', None, 2)")
OPEN FAILED: SerialException("could not open port 'COM16': FileNotFoundError(2, 'El sistema no puede encontrar el archivo especificado.', None, 2)")
OPEN FAILED: SerialException("could not open port 'COM16': FileNotFoundError(2, 'El sistema no puede encontrar el archivo especificado.', None, 2)")
OPEN FAILED: SerialException("could not open port 'COM16': FileNotFoundError(2, 'El sistema no puede encontrar el archivo especificado.', None, 2)")
OPEN FAILED: SerialException("could not open port 'COM16': FileNotFoundError(2, 'El sistema no puede encontrar el archivo especificado.', None, 2)")
OPEN FAILED: SerialException("could not open port 'COM16': FileNotFoundError(2, 'El sistema no puede encontrar el archivo especificado.', None, 2)")
OPEN FAILED: SerialException("could not open port 'COM16': FileNotFoundError(2, 'El sistema no puede encontrar el archivo especificado.', None, 2)")
OPEN FAILED: SerialException("could not open port 'COM16': FileNotFoundError(2, 'El sistema no puede encontrar el archivo especificado.', None, 2)")
OPEN FAILED: SerialException("could not open port 'COM16': FileNotFoundError(2, 'El sistema no puede encontrar el archivo especificado.', None, 2)")
OPEN FAILED: SerialException("could not open port 'COM16': FileNotFoundError(2, 'El sistema no puede encontrar el archivo especificado.', None, 2)")
OPEN FAILED: SerialException("could not open port 'COM16': FileNotFoundError(2, 'El sistema no puede encontrar el archivo especificado.', None, 2)")
OPEN FAILED: SerialException("could not open port 'COM16': FileNotFoundError(2, 'El sistema no puede encontrar el archivo especificado.', None, 2)")
OPEN FAILED: SerialException("could not open port 'COM16': FileNotFoundError(2, 'El sistema no puede encontrar el archivo especificado.', None, 2)")
OPEN FAILED: SerialException("could not open port 'COM16': FileNotFoundError(2, 'El sistema no puede encontrar el archivo especificado.', None, 2)")
OPEN FAILED: SerialException("could not open port 'COM16': FileNotFoundError(2, 'El sistema no puede encontrar el archivo especificado.', None, 2)")
OPEN FAILED: SerialException("could not open port 'COM16': FileNotFoundError(2, 'El sistema no puede encontrar el archivo especificado.', None, 2)")
OPEN FAILED: SerialException("could not open port 'COM16': FileNotFoundError(2, 'El sistema no puede encontrar el archivo especificado.', None, 2)")
OPEN FAILED: SerialException("could not open port 'COM16': FileNotFoundError(2, 'El sistema no puede encontrar el archivo especificado.', None, 2)")
OPEN FAILED: SerialException("could not open port 'COM16': FileNotFoundError(2, 'El sistema no puede encontrar el archivo especificado.', None, 2)")
OPEN FAILED: SerialException("could not open port 'COM16': FileNotFoundError(2, 'El sistema no puede encontrar el archivo especificado.', None, 2)")
OPEN FAILED: SerialException("could not open port 'COM16': FileNotFoundError(2, 'El sistema no puede encontrar el archivo especificado.', None, 2)")
OPEN FAILED: SerialException("could not open port 'COM16': FileNotFoundError(2, 'El sistema no puede encontrar el archivo especificado.', None, 2)")
OPEN FAILED: SerialException("could not open port 'COM16': FileNotFoundError(2, 'El sistema no puede encontrar el archivo especificado.', None, 2)")
OPEN FAILED: SerialException("could not open port 'COM16': FileNotFoundError(2, 'El sistema no puede encontrar el archivo especificado.', None, 2)")
OPEN FAILED: SerialException("could not open port 'COM16': FileNotFoundError(2, 'El sistema no puede encontrar el archivo especificado.', None, 2)")
OPEN FAILED: SerialException("could not open port 'COM16': FileNotFoundError(2, 'El sistema no puede encontrar el archivo especificado.', None, 2)")
OPEN FAILED: SerialException("could not open port 'COM16': FileNotFoundError(2, 'El sistema no puede encontrar el archivo especificado.', None, 2)")
OPEN FAILED: SerialException("could not open port 'COM16': FileNotFoundError(2, 'El sistema no puede encontrar el archivo especificado.', None, 2)")
OPEN FAILED: SerialException("could not open port 'COM16': FileNotFoundError(2, 'El sistema no puede encontrar el archivo especificado.', None, 2)")
OPEN FAILED: SerialException("could not open port 'COM16': FileNotFoundError(2, 'El sistema no puede encontrar el archivo especificado.', None, 2)")
OPEN FAILED: SerialException("could not open port 'COM16': FileNotFoundError(2, 'El sistema no puede encontrar el archivo especificado.', None, 2)")
OPEN FAILED: SerialException("could not open port 'COM16': FileNotFoundError(2, 'El sistema no puede encontrar el archivo especificado.', None, 2)")
OPEN FAILED: SerialException("could not open port 'COM16': FileNotFoundError(2, 'El sistema no puede encontrar el archivo especificado.', None, 2)")
OPEN FAILED: SerialException("could not open port 'COM16': FileNotFoundError(2, 'El sistema no puede encontrar el archivo especificado.', None, 2)")
OPEN FAILED: SerialException("could not open port 'COM16': FileNotFoundError(2, 'El sistema no puede encontrar el archivo especificado.', None, 2)")
OPEN FAILED: SerialException("could not open port 'COM16': FileNotFoundError(2, 'El sistema no puede encontrar el archivo especificado.', None, 2)")
OPEN FAILED: SerialException("could not open port 'COM16': FileNotFoundError(2, 'El sistema no puede encontrar el archivo especificado.', None, 2)")
OPEN FAILED: SerialException("could not open port 'COM16': FileNotFoundError(2, 'El sistema no puede encontrar el archivo especificado.', None, 2)")
OPEN FAILED: SerialException("could not open port 'COM16': FileNotFoundError(2, 'El sistema no puede encontrar el archivo especificado.', None, 2)")
OPEN FAILED: SerialException("could not open port 'COM16': FileNotFoundError(2, 'El sistema no puede encontrar el archivo especificado.', None, 2)")
OPEN FAILED: SerialException("could not open port 'COM16': FileNotFoundError(2, 'El sistema no puede encontrar el archivo especificado.', None, 2)")
OPEN FAILED: SerialException("could not open port 'COM16': FileNotFoundError(2, 'El sistema no puede encontrar el archivo especificado.', None, 2)")
OPEN FAILED: SerialException("could not open port 'COM16': FileNotFoundError(2, 'El sistema no puede encontrar el archivo especificado.', None, 2)")
OPEN FAILED: SerialException("could not open port 'COM16': FileNotFoundError(2, 'El sistema no puede encontrar el archivo especificado.', None, 2)")
OPEN FAILED: SerialException("could not open port 'COM16': FileNotFoundError(2, 'El sistema no puede encontrar el archivo especificado.', None, 2)")
OPEN FAILED: SerialException("could not open port 'COM16': FileNotFoundError(2, 'El sistema no puede encontrar el archivo especificado.', None, 2)")
OPEN FAILED: SerialException("could not open port 'COM16': FileNotFoundError(2, 'El sistema no puede encontrar el archivo especificado.', None, 2)")
=== COM16 abierto, capturando 120s (el open resetea la placa) ===
READ FAILED after 0.2s: SerialException("ClearCommError failed (PermissionError(13, 'El dispositivo no reconoce el comando.', None, 22))")
=== fin ===
OPEN FAILED: SerialException("could not open port 'COM16': FileNotFoundError(2, 'El sistema no puede encontrar el archivo especificado.', None, 2)")
OPEN FAILED: SerialException("could not open port 'COM16': FileNotFoundError(2, 'El sistema no puede encontrar el archivo especificado.', None, 2)")
OPEN FAILED: SerialException("could not open port 'COM16': FileNotFoundError(2, 'El sistema no puede encontrar el archivo especificado.', None, 2)")
OPEN FAILED: SerialException("could not open port 'COM16': FileNotFoundError(2, 'El sistema no puede encontrar el archivo especificado.', None, 2)")
OPEN FAILED: SerialException("could not open port 'COM16': FileNotFoundError(2, 'El sistema no puede encontrar el archivo especificado.', None, 2)")
OPEN FAILED: SerialException("could not open port 'COM16': FileNotFoundError(2, 'El sistema no puede encontrar el archivo especificado.', None, 2)")
OPEN FAILED: SerialException("could not open port 'COM16': FileNotFoundError(2, 'El sistema no puede encontrar el archivo especificado.', None, 2)")
OPEN FAILED: SerialException("could not open port 'COM16': FileNotFoundError(2, 'El sistema no puede encontrar el archivo especificado.', None, 2)")
OPEN FAILED: SerialException("could not open port 'COM16': FileNotFoundError(2, 'El sistema no puede encontrar el archivo especificado.', None, 2)")
OPEN FAILED: SerialException("could not open port 'COM16': FileNotFoundError(2, 'El sistema no puede encontrar el archivo especificado.', None, 2)")
OPEN FAILED: SerialException("could not open port 'COM16': FileNotFoundError(2, 'El sistema no puede encontrar el archivo especificado.', None, 2)")
OPEN FAILED: SerialException("could not open port 'COM16': FileNotFoundError(2, 'El sistema no puede encontrar el archivo especificado.', None, 2)")
OPEN FAILED: SerialException("could not open port 'COM16': FileNotFoundError(2, 'El sistema no puede encontrar el archivo especificado.', None, 2)")
OPEN FAILED: SerialException("could not open port 'COM16': FileNotFoundError(2, 'El sistema no puede encontrar el archivo especificado.', None, 2)")
OPEN FAILED: SerialException("could not open port 'COM16': FileNotFoundError(2, 'El sistema no puede encontrar el archivo especificado.', None, 2)")
OPEN FAILED: SerialException("could not open port 'COM16': FileNotFoundError(2, 'El sistema no puede encontrar el archivo especificado.', None, 2)")
OPEN FAILED: SerialException("could not open port 'COM16': FileNotFoundError(2, 'El sistema no puede encontrar el archivo especificado.', None, 2)")
OPEN FAILED: SerialException("could not open port 'COM16': FileNotFoundError(2, 'El sistema no puede encontrar el archivo especificado.', None, 2)")
OPEN FAILED: SerialException("could not open port 'COM16': FileNotFoundError(2, 'El sistema no puede encontrar el archivo especificado.', None, 2)")
OPEN FAILED: SerialException("could not open port 'COM16': FileNotFoundError(2, 'El sistema no puede encontrar el archivo especificado.', None, 2)")
OPEN FAILED: SerialException("could not open port 'COM16': FileNotFoundError(2, 'El sistema no puede encontrar el archivo especificado.', None, 2)")
OPEN FAILED: SerialException("could not open port 'COM16': FileNotFoundError(2, 'El sistema no puede encontrar el archivo especificado.', None, 2)")
OPEN FAILED: SerialException("could not open port 'COM16': FileNotFoundError(2, 'El sistema no puede encontrar el archivo especificado.', None, 2)")
OPEN FAILED: SerialException("could not open port 'COM16': FileNotFoundError(2, 'El sistema no puede encontrar el archivo especificado.', None, 2)")
OPEN FAILED: SerialException("could not open port 'COM16': FileNotFoundError(2, 'El sistema no puede encontrar el archivo especificado.', None, 2)")
OPEN FAILED: SerialException("could not open port 'COM16': FileNotFoundError(2, 'El sistema no puede encontrar el archivo especificado.', None, 2)")
OPEN FAILED: SerialException("could not open port 'COM16': FileNotFoundError(2, 'El sistema no puede encontrar el archivo especificado.', None, 2)")
OPEN FAILED: SerialException("could not open port 'COM16': FileNotFoundError(2, 'El sistema no puede encontrar el archivo especificado.', None, 2)")
OPEN FAILED: SerialException("could not open port 'COM16': FileNotFoundError(2, 'El sistema no puede encontrar el archivo especificado.', None, 2)")
OPEN FAILED: SerialException("could not open port 'COM16': FileNotFoundError(2, 'El sistema no puede encontrar el archivo especificado.', None, 2)")
OPEN FAILED: SerialException("could not open port 'COM16': FileNotFoundError(2, 'El sistema no puede encontrar el archivo especificado.', None, 2)")
OPEN FAILED: SerialException("could not open port 'COM16': FileNotFoundError(2, 'El sistema no puede encontrar el archivo especificado.', None, 2)")
OPEN FAILED: SerialException("could not open port 'COM16': FileNotFoundError(2, 'El sistema no puede encontrar el archivo especificado.', None, 2)")
OPEN FAILED: SerialException("could not open port 'COM16': FileNotFoundError(2, 'El sistema no puede encontrar el archivo especificado.', None, 2)")
OPEN FAILED: SerialException("could not open port 'COM16': FileNotFoundError(2, 'El sistema no puede encontrar el archivo especificado.', None, 2)")
OPEN FAILED: SerialException("could not open port 'COM16': FileNotFoundError(2, 'El sistema no puede encontrar el archivo especificado.', None, 2)")
OPEN FAILED: SerialException("could not open port 'COM16': FileNotFoundError(2, 'El sistema no puede encontrar el archivo especificado.', None, 2)")
OPEN FAILED: SerialException("could not open port 'COM16': FileNotFoundError(2, 'El sistema no puede encontrar el archivo especificado.', None, 2)")
OPEN FAILED: SerialException("could not open port 'COM16': FileNotFoundError(2, 'El sistema no puede encontrar el archivo especificado.', None, 2)")
OPEN FAILED: SerialException("could not open port 'COM16': FileNotFoundError(2, 'El sistema no puede encontrar el archivo especificado.', None, 2)")
OPEN FAILED: SerialException("could not open port 'COM16': FileNotFoundError(2, 'El sistema no puede encontrar el archivo especificado.', None, 2)")
OPEN FAILED: SerialException("could not open port 'COM16': FileNotFoundError(2, 'El sistema no puede encontrar el archivo especificado.', None, 2)")
OPEN FAILED: SerialException("could not open port 'COM16': FileNotFoundError(2, 'El sistema no puede encontrar el archivo especificado.', None, 2)")
OPEN FAILED: SerialException("could not open port 'COM16': FileNotFoundError(2, 'El sistema no puede encontrar el archivo especificado.', None, 2)")
OPEN FAILED: SerialException("could not open port 'COM16': FileNotFoundError(2, 'El sistema no puede encontrar el archivo especificado.', None, 2)")
OPEN FAILED: SerialException("could not open port 'COM16': FileNotFoundError(2, 'El sistema no puede encontrar el archivo especificado.', None, 2)")
OPEN FAILED: SerialException("could not open port 'COM16': FileNotFoundError(2, 'El sistema no puede encontrar el archivo especificado.', None, 2)")
OPEN FAILED: SerialException("could not open port 'COM16': FileNotFoundError(2, 'El sistema no puede encontrar el archivo especificado.', None, 2)")
OPEN FAILED: SerialException("could not open port 'COM16': FileNotFoundError(2, 'El sistema no puede encontrar el archivo especificado.', None, 2)")
OPEN FAILED: SerialException("could not open port 'COM16': FileNotFoundError(2, 'El sistema no puede encontrar el archivo especificado.', None, 2)")
OPEN FAILED: SerialException("could not open port 'COM16': FileNotFoundError(2, 'El sistema no puede encontrar el archivo especificado.', None, 2)")
OPEN FAILED: SerialException("could not open port 'COM16': FileNotFoundError(2, 'El sistema no puede encontrar el archivo especificado.', None, 2)")
OPEN FAILED: SerialException("could not open port 'COM16': FileNotFoundError(2, 'El sistema no puede encontrar el archivo especificado.', None, 2)")
OPEN FAILED: SerialException("could not open port 'COM16': FileNotFoundError(2, 'El sistema no puede encontrar el archivo especificado.', None, 2)")
OPEN FAILED: SerialException("could not open port 'COM16': FileNotFoundError(2, 'El sistema no puede encontrar el archivo especificado.', None, 2)")
OPEN FAILED: SerialException("could not open port 'COM16': FileNotFoundError(2, 'El sistema no puede encontrar el archivo especificado.', None, 2)")
OPEN FAILED: SerialException("could not open port 'COM16': FileNotFoundError(2, 'El sistema no puede encontrar el archivo especificado.', None, 2)")
OPEN FAILED: SerialException("could not open port 'COM16': FileNotFoundError(2, 'El sistema no puede encontrar el archivo especificado.', None, 2)")
OPEN FAILED: SerialException("could not open port 'COM16': FileNotFoundError(2, 'El sistema no puede encontrar el archivo especificado.', None, 2)")
OPEN FAILED: SerialException("could not open port 'COM16': FileNotFoundError(2, 'El sistema no puede encontrar el archivo especificado.', None, 2)")
OPEN FAILED: SerialException("could not open port 'COM16': FileNotFoundError(2, 'El sistema no puede encontrar el archivo especificado.', None, 2)")
OPEN FAILED: SerialException("could not open port 'COM16': FileNotFoundError(2, 'El sistema no puede encontrar el archivo especificado.', None, 2)")
OPEN FAILED: SerialException("could not open port 'COM16': FileNotFoundError(2, 'El sistema no puede encontrar el archivo especificado.', None, 2)")
OPEN FAILED: SerialException("could not open port 'COM16': FileNotFoundError(2, 'El sistema no puede encontrar el archivo especificado.', None, 2)")
OPEN FAILED: SerialException("could not open port 'COM16': FileNotFoundError(2, 'El sistema no puede encontrar el archivo especificado.', None, 2)")
OPEN FAILED: SerialException("could not open port 'COM16': FileNotFoundError(2, 'El sistema no puede encontrar el archivo especificado.', None, 2)")
OPEN FAILED: SerialException("could not open port 'COM16': FileNotFoundError(2, 'El sistema no puede encontrar el archivo especificado.', None, 2)")
OPEN FAILED: SerialException("could not open port 'COM16': FileNotFoundError(2, 'El sistema no puede encontrar el archivo especificado.', None, 2)")
OPEN FAILED: SerialException("could not open port 'COM16': FileNotFoundError(2, 'El sistema no puede encontrar el archivo especificado.', None, 2)")
OPEN FAILED: SerialException("could not open port 'COM16': FileNotFoundError(2, 'El sistema no puede encontrar el archivo especificado.', None, 2)")
OPEN FAILED: SerialException("could not open port 'COM16': FileNotFoundError(2, 'El sistema no puede encontrar el archivo especificado.', None, 2)")
OPEN FAILED: SerialException("could not open port 'COM16': FileNotFoundError(2, 'El sistema no puede encontrar el archivo especificado.', None, 2)")
OPEN FAILED: SerialException("could not open port 'COM16': FileNotFoundError(2, 'El sistema no puede encontrar el archivo especificado.', None, 2)")
OPEN FAILED: SerialException("could not open port 'COM16': FileNotFoundError(2, 'El sistema no puede encontrar el archivo especificado.', None, 2)")
OPEN FAILED: SerialException("could not open port 'COM16': FileNotFoundError(2, 'El sistema no puede encontrar el archivo especificado.', None, 2)")
OPEN FAILED: SerialException("could not open port 'COM16': FileNotFoundError(2, 'El sistema no puede encontrar el archivo especificado.', None, 2)")
OPEN FAILED: SerialException("could not open port 'COM16': FileNotFoundError(2, 'El sistema no puede encontrar el archivo especificado.', None, 2)")
OPEN FAILED: SerialException("could not open port 'COM16': FileNotFoundError(2, 'El sistema no puede encontrar el archivo especificado.', None, 2)")
OPEN FAILED: SerialException("could not open port 'COM16': FileNotFoundError(2, 'El sistema no puede encontrar el archivo especificado.', None, 2)")
OPEN FAILED: SerialException("could not open port 'COM16': FileNotFoundError(2, 'El sistema no puede encontrar el archivo especificado.', None, 2)")
OPEN FAILED: SerialException("could not open port 'COM16': FileNotFoundError(2, 'El sistema no puede encontrar el archivo especificado.', None, 2)")
OPEN FAILED: SerialException("could not open port 'COM16': FileNotFoundError(2, 'El sistema no puede encontrar el archivo especificado.', None, 2)")
OPEN FAILED: SerialException("could not open port 'COM16': FileNotFoundError(2, 'El sistema no puede encontrar el archivo especificado.', None, 2)")
OPEN FAILED: SerialException("could not open port 'COM16': FileNotFoundError(2, 'El sistema no puede encontrar el archivo especificado.', None, 2)")
OPEN FAILED: SerialException("could not open port 'COM16': FileNotFoundError(2, 'El sistema no puede encontrar el archivo especificado.', None, 2)")
OPEN FAILED: SerialException("could not open port 'COM16': FileNotFoundError(2, 'El sistema no puede encontrar el archivo especificado.', None, 2)")
OPEN FAILED: SerialException("could not open port 'COM16': FileNotFoundError(2, 'El sistema no puede encontrar el archivo especificado.', None, 2)")
OPEN FAILED: SerialException("could not open port 'COM16': FileNotFoundError(2, 'El sistema no puede encontrar el archivo especificado.', None, 2)")
OPEN FAILED: SerialException("could not open port 'COM16': FileNotFoundError(2, 'El sistema no puede encontrar el archivo especificado.', None, 2)")
OPEN FAILED: SerialException("could not open port 'COM16': FileNotFoundError(2, 'El sistema no puede encontrar el archivo especificado.', None, 2)")
OPEN FAILED: SerialException("could not open port 'COM16': FileNotFoundError(2, 'El sistema no puede encontrar el archivo especificado.', None, 2)")
OPEN FAILED: SerialException("could not open port 'COM16': FileNotFoundError(2, 'El sistema no puede encontrar el archivo especificado.', None, 2)")
OPEN FAILED: SerialException("could not open port 'COM16': FileNotFoundError(2, 'El sistema no puede encontrar el archivo especificado.', None, 2)")
OPEN FAILED: SerialException("could not open port 'COM16': FileNotFoundError(2, 'El sistema no puede encontrar el archivo especificado.', None, 2)")
OPEN FAILED: SerialException("could not open port 'COM16': FileNotFoundError(2, 'El sistema no puede encontrar el archivo especificado.', None, 2)")
OPEN FAILED: SerialException("could not open port 'COM16': FileNotFoundError(2, 'El sistema no puede encontrar el archivo especificado.', None, 2)")
OPEN FAILED: SerialException("could not open port 'COM16': FileNotFoundError(2, 'El sistema no puede encontrar el archivo especificado.', None, 2)")
OPEN FAILED: SerialException("could not open port 'COM16': FileNotFoundError(2, 'El sistema no puede encontrar el archivo especificado.', None, 2)")
OPEN FAILED: SerialException("could not open port 'COM16': FileNotFoundError(2, 'El sistema no puede encontrar el archivo especificado.', None, 2)")
OPEN FAILED: SerialException("could not open port 'COM16': FileNotFoundError(2, 'El sistema no puede encontrar el archivo especificado.', None, 2)")
OPEN FAILED: SerialException("could not open port 'COM16': FileNotFoundError(2, 'El sistema no puede encontrar el archivo especificado.', None, 2)")
OPEN FAILED: SerialException("could not open port 'COM16': FileNotFoundError(2, 'El sistema no puede encontrar el archivo especificado.', None, 2)")
OPEN FAILED: SerialException("could not open port 'COM16': FileNotFoundError(2, 'El sistema no puede encontrar el archivo especificado.', None, 2)")
OPEN FAILED: SerialException("could not open port 'COM16': FileNotFoundError(2, 'El sistema no puede encontrar el archivo especificado.', None, 2)")
OPEN FAILED: SerialException("could not open port 'COM16': FileNotFoundError(2, 'El sistema no puede encontrar el archivo especificado.', None, 2)")
OPEN FAILED: SerialException("could not open port 'COM16': FileNotFoundError(2, 'El sistema no puede encontrar el archivo especificado.', None, 2)")
OPEN FAILED: SerialException("could not open port 'COM16': FileNotFoundError(2, 'El sistema no puede encontrar el archivo especificado.', None, 2)")
OPEN FAILED: SerialException("could not open port 'COM16': FileNotFoundError(2, 'El sistema no puede encontrar el archivo especificado.', None, 2)")
OPEN FAILED: SerialException("could not open port 'COM16': FileNotFoundError(2, 'El sistema no puede encontrar el archivo especificado.', None, 2)")
OPEN FAILED: SerialException("could not open port 'COM16': FileNotFoundError(2, 'El sistema no puede encontrar el archivo especificado.', None, 2)")
OPEN FAILED: SerialException("could not open port 'COM16': FileNotFoundError(2, 'El sistema no puede encontrar el archivo especificado.', None, 2)")
=== COM16 abierto, capturando 120s (el open resetea la placa) ===
[   0.3s] Deep-sleep wake #148 (cause=4)
[   0.3s] Last reset reason: 8 = DEEPSLEEP
[   0.3s] Node address: 4 (Module B sees this as +RCV addr=4)
[   0.3s] Tick: sensor_read 3/3, lora_trans 2/4
[   0.3s] Boot #77 since last power loss
[   2.2s] 3V3: about to assert
[   2.2s] 3V3: asserted
[   2.8s] 3V3: settled
[   2.8s] 5V: about to assert (plain write)
[   2.8s] 5V: asserted
[   3.4s] 5V: settled
[   3.4s] LoRa: about to assert
[   3.4s] LoRa: asserted
[   3.4s] BMV080 EN: GPIO15 -> LOW
[   3.7s] rails up
[   3.7s] [PowerManager] enable3V3Sensors (stub - bench has no gating FET yet)
[   3.7s] --- I2C scan (after rails, before sensor init) ---
[   3.7s]   ACK at 0x57
[   3.7s]   ACK at 0x74
[   3.7s]   ACK at 0x76
[   3.7s] [bme probe right after scan] 0x76 (addr-probe=0) chip ID = 0x61 (0x61 = BME69x, CORRECT)
[   3.7s] [  4087][E][Wire.cpp:499] requestFrom(): i2cWriteReadNonStop returned Error -1
[   3.7s] [bme probe right after scan] 0x77 accepted the register write but returned no data
[   3.7s] Waiting 5000ms for BMV080 startup...
[   8.7s] [bme probe after BMV080 wait, before begin] 0x76 (addr-probe=0) chip ID = 0x61 (0x61 = BME69x, CORRECT)
[   8.7s] [  9095][E][Wire.cpp:499] requestFrom(): i2cWriteReadNonStop returned Error -1
[   8.7s] [bme probe after BMV080 wait, before begin] 0x77 accepted the register write but returned no data
[   8.7s] [step] bme690.begin ...
[   9.0s] BME690: OK (bound to 0x76)
[   9.0s] SEN0466: SKIPPED (210s settle - excluded from the sleeping cycle)
[   9.0s] [step] cm1106.begin (SWAPPED: now before bmv080) ...
[  11.8s] [step] cm1106.begin returned ...
[  11.8s] [step] bmv080.begin (SWAPPED: now after cm1106) ...
[  12.4s] BMV080: OK
[  12.4s] [step] calypso.begin next ...
READ FAILED after 12.6s: SerialException("ClearCommError failed (PermissionError(13, 'El dispositivo no reconoce el comando.', None, 22))")
=== fin ===
OPEN FAILED: SerialException("could not open port 'COM16': FileNotFoundError(2, 'El sistema no puede encontrar el archivo especificado.', None, 2)")
OPEN FAILED: SerialException("could not open port 'COM16': FileNotFoundError(2, 'El sistema no puede encontrar el archivo especificado.', None, 2)")
OPEN FAILED: SerialException("could not open port 'COM16': FileNotFoundError(2, 'El sistema no puede encontrar el archivo especificado.', None, 2)")
OPEN FAILED: SerialException("could not open port 'COM16': FileNotFoundError(2, 'El sistema no puede encontrar el archivo especificado.', None, 2)")
OPEN FAILED: SerialException("could not open port 'COM16': FileNotFoundError(2, 'El sistema no puede encontrar el archivo especificado.', None, 2)")
OPEN FAILED: SerialException("could not open port 'COM16': FileNotFoundError(2, 'El sistema no puede encontrar el archivo especificado.', None, 2)")
OPEN FAILED: SerialException("could not open port 'COM16': FileNotFoundError(2, 'El sistema no puede encontrar el archivo especificado.', None, 2)")
OPEN FAILED: SerialException("could not open port 'COM16': FileNotFoundError(2, 'El sistema no puede encontrar el archivo especificado.', None, 2)")
OPEN FAILED: SerialException("could not open port 'COM16': FileNotFoundError(2, 'El sistema no puede encontrar el archivo especificado.', None, 2)")
OPEN FAILED: SerialException("could not open port 'COM16': FileNotFoundError(2, 'El sistema no puede encontrar el archivo especificado.', None, 2)")
OPEN FAILED: SerialException("could not open port 'COM16': FileNotFoundError(2, 'El sistema no puede encontrar el archivo especificado.', None, 2)")
OPEN FAILED: SerialException("could not open port 'COM16': FileNotFoundError(2, 'El sistema no puede encontrar el archivo especificado.', None, 2)")
OPEN FAILED: SerialException("could not open port 'COM16': FileNotFoundError(2, 'El sistema no puede encontrar el archivo especificado.', None, 2)")
OPEN FAILED: SerialException("could not open port 'COM16': FileNotFoundError(2, 'El sistema no puede encontrar el archivo especificado.', None, 2)")
OPEN FAILED: SerialException("could not open port 'COM16': FileNotFoundError(2, 'El sistema no puede encontrar el archivo especificado.', None, 2)")
OPEN FAILED: SerialException("could not open port 'COM16': FileNotFoundError(2, 'El sistema no puede encontrar el archivo especificado.', None, 2)")
OPEN FAILED: SerialException("could not open port 'COM16': FileNotFoundError(2, 'El sistema no puede encontrar el archivo especificado.', None, 2)")
OPEN FAILED: SerialException("could not open port 'COM16': FileNotFoundError(2, 'El sistema no puede encontrar el archivo especificado.', None, 2)")
OPEN FAILED: SerialException("could not open port 'COM16': FileNotFoundError(2, 'El sistema no puede encontrar el archivo especificado.', None, 2)")
OPEN FAILED: SerialException("could not open port 'COM16': FileNotFoundError(2, 'El sistema no puede encontrar el archivo especificado.', None, 2)")
OPEN FAILED: SerialException("could not open port 'COM16': FileNotFoundError(2, 'El sistema no puede encontrar el archivo especificado.', None, 2)")
OPEN FAILED: SerialException("could not open port 'COM16': FileNotFoundError(2, 'El sistema no puede encontrar el archivo especificado.', None, 2)")
OPEN FAILED: SerialException("could not open port 'COM16': FileNotFoundError(2, 'El sistema no puede encontrar el archivo especificado.', None, 2)")
OPEN FAILED: SerialException("could not open port 'COM16': FileNotFoundError(2, 'El sistema no puede encontrar el archivo especificado.', None, 2)")
OPEN FAILED: SerialException("could not open port 'COM16': FileNotFoundError(2, 'El sistema no puede encontrar el archivo especificado.', None, 2)")
OPEN FAILED: SerialException("could not open port 'COM16': FileNotFoundError(2, 'El sistema no puede encontrar el archivo especificado.', None, 2)")
OPEN FAILED: SerialException("could not open port 'COM16': FileNotFoundError(2, 'El sistema no puede encontrar el archivo especificado.', None, 2)")
OPEN FAILED: SerialException("could not open port 'COM16': FileNotFoundError(2, 'El sistema no puede encontrar el archivo especificado.', None, 2)")
OPEN FAILED: SerialException("could not open port 'COM16': FileNotFoundError(2, 'El sistema no puede encontrar el archivo especificado.', None, 2)")
OPEN FAILED: SerialException("could not open port 'COM16': FileNotFoundError(2, 'El sistema no puede encontrar el archivo especificado.', None, 2)")
OPEN FAILED: SerialException("could not open port 'COM16': FileNotFoundError(2, 'El sistema no puede encontrar el archivo especificado.', None, 2)")
OPEN FAILED: SerialException("could not open port 'COM16': FileNotFoundError(2, 'El sistema no puede encontrar el archivo especificado.', None, 2)")
OPEN FAILED: SerialException("could not open port 'COM16': FileNotFoundError(2, 'El sistema no puede encontrar el archivo especificado.', None, 2)")
OPEN FAILED: SerialException("could not open port 'COM16': FileNotFoundError(2, 'El sistema no puede encontrar el archivo especificado.', None, 2)")
OPEN FAILED: SerialException("could not open port 'COM16': FileNotFoundError(2, 'El sistema no puede encontrar el archivo especificado.', None, 2)")
OPEN FAILED: SerialException("could not open port 'COM16': FileNotFoundError(2, 'El sistema no puede encontrar el archivo especificado.', None, 2)")
OPEN FAILED: SerialException("could not open port 'COM16': FileNotFoundError(2, 'El sistema no puede encontrar el archivo especificado.', None, 2)")
OPEN FAILED: SerialException("could not open port 'COM16': FileNotFoundError(2, 'El sistema no puede encontrar el archivo especificado.', None, 2)")
OPEN FAILED: SerialException("could not open port 'COM16': FileNotFoundError(2, 'El sistema no puede encontrar el archivo especificado.', None, 2)")
OPEN FAILED: SerialException("could not open port 'COM16': FileNotFoundError(2, 'El sistema no puede encontrar el archivo especificado.', None, 2)")
OPEN FAILED: SerialException("could not open port 'COM16': FileNotFoundError(2, 'El sistema no puede encontrar el archivo especificado.', None, 2)")
OPEN FAILED: SerialException("could not open port 'COM16': FileNotFoundError(2, 'El sistema no puede encontrar el archivo especificado.', None, 2)")
OPEN FAILED: SerialException("could not open port 'COM16': FileNotFoundError(2, 'El sistema no puede encontrar el archivo especificado.', None, 2)")
OPEN FAILED: SerialException("could not open port 'COM16': FileNotFoundError(2, 'El sistema no puede encontrar el archivo especificado.', None, 2)")
OPEN FAILED: SerialException("could not open port 'COM16': FileNotFoundError(2, 'El sistema no puede encontrar el archivo especificado.', None, 2)")
OPEN FAILED: SerialException("could not open port 'COM16': FileNotFoundError(2, 'El sistema no puede encontrar el archivo especificado.', None, 2)")
OPEN FAILED: SerialException("could not open port 'COM16': FileNotFoundError(2, 'El sistema no puede encontrar el archivo especificado.', None, 2)")
OPEN FAILED: SerialException("could not open port 'COM16': FileNotFoundError(2, 'El sistema no puede encontrar el archivo especificado.', None, 2)")
OPEN FAILED: SerialException("could not open port 'COM16': FileNotFoundError(2, 'El sistema no puede encontrar el archivo especificado.', None, 2)")
OPEN FAILED: SerialException("could not open port 'COM16': FileNotFoundError(2, 'El sistema no puede encontrar el archivo especificado.', None, 2)")
OPEN FAILED: SerialException("could not open port 'COM16': FileNotFoundError(2, 'El sistema no puede encontrar el archivo especificado.', None, 2)")
OPEN FAILED: SerialException("could not open port 'COM16': FileNotFoundError(2, 'El sistema no puede encontrar el archivo especificado.', None, 2)")
OPEN FAILED: SerialException("could not open port 'COM16': FileNotFoundError(2, 'El sistema no puede encontrar el archivo especificado.', None, 2)")
OPEN FAILED: SerialException("could not open port 'COM16': FileNotFoundError(2, 'El sistema no puede encontrar el archivo especificado.', None, 2)")
OPEN FAILED: SerialException("could not open port 'COM16': FileNotFoundError(2, 'El sistema no puede encontrar el archivo especificado.', None, 2)")
OPEN FAILED: SerialException("could not open port 'COM16': FileNotFoundError(2, 'El sistema no puede encontrar el archivo especificado.', None, 2)")
OPEN FAILED: SerialException("could not open port 'COM16': FileNotFoundError(2, 'El sistema no puede encontrar el archivo especificado.', None, 2)")
OPEN FAILED: SerialException("could not open port 'COM16': FileNotFoundError(2, 'El sistema no puede encontrar el archivo especificado.', None, 2)")
OPEN FAILED: SerialException("could not open port 'COM16': FileNotFoundError(2, 'El sistema no puede encontrar el archivo especificado.', None, 2)")
OPEN FAILED: SerialException("could not open port 'COM16': FileNotFoundError(2, 'El sistema no puede encontrar el archivo especificado.', None, 2)")
OPEN FAILED: SerialException("could not open port 'COM16': FileNotFoundError(2, 'El sistema no puede encontrar el archivo especificado.', None, 2)")
OPEN FAILED: SerialException("could not open port 'COM16': FileNotFoundError(2, 'El sistema no puede encontrar el archivo especificado.', None, 2)")
OPEN FAILED: SerialException("could not open port 'COM16': FileNotFoundError(2, 'El sistema no puede encontrar el archivo especificado.', None, 2)")
OPEN FAILED: SerialException("could not open port 'COM16': FileNotFoundError(2, 'El sistema no puede encontrar el archivo especificado.', None, 2)")
OPEN FAILED: SerialException("could not open port 'COM16': FileNotFoundError(2, 'El sistema no puede encontrar el archivo especificado.', None, 2)")
OPEN FAILED: SerialException("could not open port 'COM16': FileNotFoundError(2, 'El sistema no puede encontrar el archivo especificado.', None, 2)")
OPEN FAILED: SerialException("could not open port 'COM16': FileNotFoundError(2, 'El sistema no puede encontrar el archivo especificado.', None, 2)")
OPEN FAILED: SerialException("could not open port 'COM16': FileNotFoundError(2, 'El sistema no puede encontrar el archivo especificado.', None, 2)")
OPEN FAILED: SerialException("could not open port 'COM16': FileNotFoundError(2, 'El sistema no puede encontrar el archivo especificado.', None, 2)")
OPEN FAILED: SerialException("could not open port 'COM16': FileNotFoundError(2, 'El sistema no puede encontrar el archivo especificado.', None, 2)")
OPEN FAILED: SerialException("could not open port 'COM16': FileNotFoundError(2, 'El sistema no puede encontrar el archivo especificado.', None, 2)")
OPEN FAILED: SerialException("could not open port 'COM16': FileNotFoundError(2, 'El sistema no puede encontrar el archivo especificado.', None, 2)")
OPEN FAILED: SerialException("could not open port 'COM16': FileNotFoundError(2, 'El sistema no puede encontrar el archivo especificado.', None, 2)")
OPEN FAILED: SerialException("could not open port 'COM16': FileNotFoundError(2, 'El sistema no puede encontrar el archivo especificado.', None, 2)")
OPEN FAILED: SerialException("could not open port 'COM16': FileNotFoundError(2, 'El sistema no puede encontrar el archivo especificado.', None, 2)")
OPEN FAILED: SerialException("could not open port 'COM16': FileNotFoundError(2, 'El sistema no puede encontrar el archivo especificado.', None, 2)")
OPEN FAILED: SerialException("could not open port 'COM16': FileNotFoundError(2, 'El sistema no puede encontrar el archivo especificado.', None, 2)")
OPEN FAILED: SerialException("could not open port 'COM16': FileNotFoundError(2, 'El sistema no puede encontrar el archivo especificado.', None, 2)")
OPEN FAILED: SerialException("could not open port 'COM16': FileNotFoundError(2, 'El sistema no puede encontrar el archivo especificado.', None, 2)")
OPEN FAILED: SerialException("could not open port 'COM16': FileNotFoundError(2, 'El sistema no puede encontrar el archivo especificado.', None, 2)")
OPEN FAILED: SerialException("could not open port 'COM16': FileNotFoundError(2, 'El sistema no puede encontrar el archivo especificado.', None, 2)")
OPEN FAILED: SerialException("could not open port 'COM16': FileNotFoundError(2, 'El sistema no puede encontrar el archivo especificado.', None, 2)")
OPEN FAILED: SerialException("could not open port 'COM16': FileNotFoundError(2, 'El sistema no puede encontrar el archivo especificado.', None, 2)")
OPEN FAILED: SerialException("could not open port 'COM16': FileNotFoundError(2, 'El sistema no puede encontrar el archivo especificado.', None, 2)")
OPEN FAILED: SerialException("could not open port 'COM16': FileNotFoundError(2, 'El sistema no puede encontrar el archivo especificado.', None, 2)")
OPEN FAILED: SerialException("could not open port 'COM16': FileNotFoundError(2, 'El sistema no puede encontrar el archivo especificado.', None, 2)")
OPEN FAILED: SerialException("could not open port 'COM16': FileNotFoundError(2, 'El sistema no puede encontrar el archivo especificado.', None, 2)")
OPEN FAILED: SerialException("could not open port 'COM16': FileNotFoundError(2, 'El sistema no puede encontrar el archivo especificado.', None, 2)")
OPEN FAILED: SerialException("could not open port 'COM16': FileNotFoundError(2, 'El sistema no puede encontrar el archivo especificado.', None, 2)")
OPEN FAILED: SerialException("could not open port 'COM16': FileNotFoundError(2, 'El sistema no puede encontrar el archivo especificado.', None, 2)")
OPEN FAILED: SerialException("could not open port 'COM16': FileNotFoundError(2, 'El sistema no puede encontrar el archivo especificado.', None, 2)")
OPEN FAILED: SerialException("could not open port 'COM16': FileNotFoundError(2, 'El sistema no puede encontrar el archivo especificado.', None, 2)")
OPEN FAILED: SerialException("could not open port 'COM16': FileNotFoundError(2, 'El sistema no puede encontrar el archivo especificado.', None, 2)")
OPEN FAILED: SerialException("could not open port 'COM16': FileNotFoundError(2, 'El sistema no puede encontrar el archivo especificado.', None, 2)")
OPEN FAILED: SerialException("could not open port 'COM16': FileNotFoundError(2, 'El sistema no puede encontrar el archivo especificado.', None, 2)")
OPEN FAILED: SerialException("could not open port 'COM16': FileNotFoundError(2, 'El sistema no puede encontrar el archivo especificado.', None, 2)")
OPEN FAILED: SerialException("could not open port 'COM16': FileNotFoundError(2, 'El sistema no puede encontrar el archivo especificado.', None, 2)")
OPEN FAILED: SerialException("could not open port 'COM16': FileNotFoundError(2, 'El sistema no puede encontrar el archivo especificado.', None, 2)")
OPEN FAILED: SerialException("could not open port 'COM16': FileNotFoundError(2, 'El sistema no puede encontrar el archivo especificado.', None, 2)")
OPEN FAILED: SerialException("could not open port 'COM16': FileNotFoundError(2, 'El sistema no puede encontrar el archivo especificado.', None, 2)")
OPEN FAILED: SerialException("could not open port 'COM16': FileNotFoundError(2, 'El sistema no puede encontrar el archivo especificado.', None, 2)")
OPEN FAILED: SerialException("could not open port 'COM16': FileNotFoundError(2, 'El sistema no puede encontrar el archivo especificado.', None, 2)")
OPEN FAILED: SerialException("could not open port 'COM16': FileNotFoundError(2, 'El sistema no puede encontrar el archivo especificado.', None, 2)")
OPEN FAILED: SerialException("could not open port 'COM16': FileNotFoundError(2, 'El sistema no puede encontrar el archivo especificado.', None, 2)")
OPEN FAILED: SerialException("could not open port 'COM16': FileNotFoundError(2, 'El sistema no puede encontrar el archivo especificado.', None, 2)")
OPEN FAILED: SerialException("could not open port 'COM16': FileNotFoundError(2, 'El sistema no puede encontrar el archivo especificado.', None, 2)")
OPEN FAILED: SerialException("could not open port 'COM16': FileNotFoundError(2, 'El sistema no puede encontrar el archivo especificado.', None, 2)")
OPEN FAILED: SerialException("could not open port 'COM16': FileNotFoundError(2, 'El sistema no puede encontrar el archivo especificado.', None, 2)")
OPEN FAILED: SerialException("could not open port 'COM16': FileNotFoundError(2, 'El sistema no puede encontrar el archivo especificado.', None, 2)")
OPEN FAILED: SerialException("could not open port 'COM16': FileNotFoundError(2, 'El sistema no puede encontrar el archivo especificado.', None, 2)")
=== COM16 abierto, capturando 120s (el open resetea la placa) ===
[   0.3s] Deep-sleep wake #149 (cause=4)
[   0.3s] Last reset reason: 8 = DEEPSLEEP
[   0.3s] Node address: 4 (Module B sees this as +RCV addr=4)
[   0.3s] Tick: sensor_read 1/3, lora_trans 3/4
[   0.3s] 
[   0.3s] [sleep] nothing due - no rails powered - sleeping 10s
READ FAILED after 0.3s: SerialException("ClearCommError failed (PermissionError(13, 'El dispositivo no reconoce el comando.', None, 22))")
=== fin ===
OPEN FAILED: SerialException("could not open port 'COM16': FileNotFoundError(2, 'El sistema no puede encontrar el archivo especificado.', None, 2)")
OPEN FAILED: SerialException("could not open port 'COM16': FileNotFoundError(2, 'El sistema no puede encontrar el archivo especificado.', None, 2)")
OPEN FAILED: SerialException("could not open port 'COM16': FileNotFoundError(2, 'El sistema no puede encontrar el archivo especificado.', None, 2)")
OPEN FAILED: SerialException("could not open port 'COM16': FileNotFoundError(2, 'El sistema no puede encontrar el archivo especificado.', None, 2)")
OPEN FAILED: SerialException("could not open port 'COM16': FileNotFoundError(2, 'El sistema no puede encontrar el archivo especificado.', None, 2)")
OPEN FAILED: SerialException("could not open port 'COM16': FileNotFoundError(2, 'El sistema no puede encontrar el archivo especificado.', None, 2)")
OPEN FAILED: SerialException("could not open port 'COM16': FileNotFoundError(2, 'El sistema no puede encontrar el archivo especificado.', None, 2)")
OPEN FAILED: SerialException("could not open port 'COM16': FileNotFoundError(2, 'El sistema no puede encontrar el archivo especificado.', None, 2)")
OPEN FAILED: SerialException("could not open port 'COM16': FileNotFoundError(2, 'El sistema no puede encontrar el archivo especificado.', None, 2)")
OPEN FAILED: SerialException("could not open port 'COM16': FileNotFoundError(2, 'El sistema no puede encontrar el archivo especificado.', None, 2)")
OPEN FAILED: SerialException("could not open port 'COM16': FileNotFoundError(2, 'El sistema no puede encontrar el archivo especificado.', None, 2)")
OPEN FAILED: SerialException("could not open port 'COM16': FileNotFoundError(2, 'El sistema no puede encontrar el archivo especificado.', None, 2)")
OPEN FAILED: SerialException("could not open port 'COM16': FileNotFoundError(2, 'El sistema no puede encontrar el archivo especificado.', None, 2)")
OPEN FAILED: SerialException("could not open port 'COM16': FileNotFoundError(2, 'El sistema no puede encontrar el archivo especificado.', None, 2)")
OPEN FAILED: SerialException("could not open port 'COM16': FileNotFoundError(2, 'El sistema no puede encontrar el archivo especificado.', None, 2)")
OPEN FAILED: SerialException("could not open port 'COM16': FileNotFoundError(2, 'El sistema no puede encontrar el archivo especificado.', None, 2)")
OPEN FAILED: SerialException("could not open port 'COM16': FileNotFoundError(2, 'El sistema no puede encontrar el archivo especificado.', None, 2)")
OPEN FAILED: SerialException("could not open port 'COM16': FileNotFoundError(2, 'El sistema no puede encontrar el archivo especificado.', None, 2)")
OPEN FAILED: SerialException("could not open port 'COM16': FileNotFoundError(2, 'El sistema no puede encontrar el archivo especificado.', None, 2)")
OPEN FAILED: SerialException("could not open port 'COM16': FileNotFoundError(2, 'El sistema no puede encontrar el archivo especificado.', None, 2)")
OPEN FAILED: SerialException("could not open port 'COM16': FileNotFoundError(2, 'El sistema no puede encontrar el archivo especificado.', None, 2)")
OPEN FAILED: SerialException("could not open port 'COM16': FileNotFoundError(2, 'El sistema no puede encontrar el archivo especificado.', None, 2)")
OPEN FAILED: SerialException("could not open port 'COM16': FileNotFoundError(2, 'El sistema no puede encontrar el archivo especificado.', None, 2)")
OPEN FAILED: SerialException("could not open port 'COM16': FileNotFoundError(2, 'El sistema no puede encontrar el archivo especificado.', None, 2)")
OPEN FAILED: SerialException("could not open port 'COM16': FileNotFoundError(2, 'El sistema no puede encontrar el archivo especificado.', None, 2)")
OPEN FAILED: SerialException("could not open port 'COM16': FileNotFoundError(2, 'El sistema no puede encontrar el archivo especificado.', None, 2)")
OPEN FAILED: SerialException("could not open port 'COM16': FileNotFoundError(2, 'El sistema no puede encontrar el archivo especificado.', None, 2)")
OPEN FAILED: SerialException("could not open port 'COM16': FileNotFoundError(2, 'El sistema no puede encontrar el archivo especificado.', None, 2)")
OPEN FAILED: SerialException("could not open port 'COM16': FileNotFoundError(2, 'El sistema no puede encontrar el archivo especificado.', None, 2)")
OPEN FAILED: SerialException("could not open port 'COM16': FileNotFoundError(2, 'El sistema no puede encontrar el archivo especificado.', None, 2)")
OPEN FAILED: SerialException("could not open port 'COM16': FileNotFoundError(2, 'El sistema no puede encontrar el archivo especificado.', None, 2)")
OPEN FAILED: SerialException("could not open port 'COM16': FileNotFoundError(2, 'El sistema no puede encontrar el archivo especificado.', None, 2)")
OPEN FAILED: SerialException("could not open port 'COM16': FileNotFoundError(2, 'El sistema no puede encontrar el archivo especificado.', None, 2)")
OPEN FAILED: SerialException("could not open port 'COM16': FileNotFoundError(2, 'El sistema no puede encontrar el archivo especificado.', None, 2)")
OPEN FAILED: SerialException("could not open port 'COM16': FileNotFoundError(2, 'El sistema no puede encontrar el archivo especificado.', None, 2)")
OPEN FAILED: SerialException("could not open port 'COM16': FileNotFoundError(2, 'El sistema no puede encontrar el archivo especificado.', None, 2)")
OPEN FAILED: SerialException("could not open port 'COM16': FileNotFoundError(2, 'El sistema no puede encontrar el archivo especificado.', None, 2)")
OPEN FAILED: SerialException("could not open port 'COM16': FileNotFoundError(2, 'El sistema no puede encontrar el archivo especificado.', None, 2)")
OPEN FAILED: SerialException("could not open port 'COM16': FileNotFoundError(2, 'El sistema no puede encontrar el archivo especificado.', None, 2)")
OPEN FAILED: SerialException("could not open port 'COM16': FileNotFoundError(2, 'El sistema no puede encontrar el archivo especificado.', None, 2)")
OPEN FAILED: SerialException("could not open port 'COM16': FileNotFoundError(2, 'El sistema no puede encontrar el archivo especificado.', None, 2)")
OPEN FAILED: SerialException("could not open port 'COM16': FileNotFoundError(2, 'El sistema no puede encontrar el archivo especificado.', None, 2)")
OPEN FAILED: SerialException("could not open port 'COM16': FileNotFoundError(2, 'El sistema no puede encontrar el archivo especificado.', None, 2)")
OPEN FAILED: SerialException("could not open port 'COM16': FileNotFoundError(2, 'El sistema no puede encontrar el archivo especificado.', None, 2)")
OPEN FAILED: SerialException("could not open port 'COM16': FileNotFoundError(2, 'El sistema no puede encontrar el archivo especificado.', None, 2)")
OPEN FAILED: SerialException("could not open port 'COM16': FileNotFoundError(2, 'El sistema no puede encontrar el archivo especificado.', None, 2)")
OPEN FAILED: SerialException("could not open port 'COM16': FileNotFoundError(2, 'El sistema no puede encontrar el archivo especificado.', None, 2)")
OPEN FAILED: SerialException("could not open port 'COM16': FileNotFoundError(2, 'El sistema no puede encontrar el archivo especificado.', None, 2)")
OPEN FAILED: SerialException("could not open port 'COM16': FileNotFoundError(2, 'El sistema no puede encontrar el archivo especificado.', None, 2)")
OPEN FAILED: SerialException("could not open port 'COM16': FileNotFoundError(2, 'El sistema no puede encontrar el archivo especificado.', None, 2)")
OPEN FAILED: SerialException("could not open port 'COM16': FileNotFoundError(2, 'El sistema no puede encontrar el archivo especificado.', None, 2)")
OPEN FAILED: SerialException("could not open port 'COM16': FileNotFoundError(2, 'El sistema no puede encontrar el archivo especificado.', None, 2)")
OPEN FAILED: SerialException("could not open port 'COM16': FileNotFoundError(2, 'El sistema no puede encontrar el archivo especificado.', None, 2)")
OPEN FAILED: SerialException("could not open port 'COM16': FileNotFoundError(2, 'El sistema no puede encontrar el archivo especificado.', None, 2)")
OPEN FAILED: SerialException("could not open port 'COM16': FileNotFoundError(2, 'El sistema no puede encontrar el archivo especificado.', None, 2)")
OPEN FAILED: SerialException("could not open port 'COM16': FileNotFoundError(2, 'El sistema no puede encontrar el archivo especificado.', None, 2)")
OPEN FAILED: SerialException("could not open port 'COM16': FileNotFoundError(2, 'El sistema no puede encontrar el archivo especificado.', None, 2)")
OPEN FAILED: SerialException("could not open port 'COM16': FileNotFoundError(2, 'El sistema no puede encontrar el archivo especificado.', None, 2)")
OPEN FAILED: SerialException("could not open port 'COM16': FileNotFoundError(2, 'El sistema no puede encontrar el archivo especificado.', None, 2)")
OPEN FAILED: SerialException("could not open port 'COM16': FileNotFoundError(2, 'El sistema no puede encontrar el archivo especificado.', None, 2)")
OPEN FAILED: SerialException("could not open port 'COM16': FileNotFoundError(2, 'El sistema no puede encontrar el archivo especificado.', None, 2)")
OPEN FAILED: SerialException("could not open port 'COM16': FileNotFoundError(2, 'El sistema no puede encontrar el archivo especificado.', None, 2)")
OPEN FAILED: SerialException("could not open port 'COM16': FileNotFoundError(2, 'El sistema no puede encontrar el archivo especificado.', None, 2)")
OPEN FAILED: SerialException("could not open port 'COM16': FileNotFoundError(2, 'El sistema no puede encontrar el archivo especificado.', None, 2)")
OPEN FAILED: SerialException("could not open port 'COM16': FileNotFoundError(2, 'El sistema no puede encontrar el archivo especificado.', None, 2)")
OPEN FAILED: SerialException("could not open port 'COM16': FileNotFoundError(2, 'El sistema no puede encontrar el archivo especificado.', None, 2)")
OPEN FAILED: SerialException("could not open port 'COM16': FileNotFoundError(2, 'El sistema no puede encontrar el archivo especificado.', None, 2)")
OPEN FAILED: SerialException("could not open port 'COM16': FileNotFoundError(2, 'El sistema no puede encontrar el archivo especificado.', None, 2)")
OPEN FAILED: SerialException("could not open port 'COM16': FileNotFoundError(2, 'El sistema no puede encontrar el archivo especificado.', None, 2)")
OPEN FAILED: SerialException("could not open port 'COM16': FileNotFoundError(2, 'El sistema no puede encontrar el archivo especificado.', None, 2)")
OPEN FAILED: SerialException("could not open port 'COM16': FileNotFoundError(2, 'El sistema no puede encontrar el archivo especificado.', None, 2)")
OPEN FAILED: SerialException("could not open port 'COM16': FileNotFoundError(2, 'El sistema no puede encontrar el archivo especificado.', None, 2)")
OPEN FAILED: SerialException("could not open port 'COM16': FileNotFoundError(2, 'El sistema no puede encontrar el archivo especificado.', None, 2)")
OPEN FAILED: SerialException("could not open port 'COM16': FileNotFoundError(2, 'El sistema no puede encontrar el archivo especificado.', None, 2)")
OPEN FAILED: SerialException("could not open port 'COM16': FileNotFoundError(2, 'El sistema no puede encontrar el archivo especificado.', None, 2)")
OPEN FAILED: SerialException("could not open port 'COM16': FileNotFoundError(2, 'El sistema no puede encontrar el archivo especificado.', None, 2)")
OPEN FAILED: SerialException("could not open port 'COM16': FileNotFoundError(2, 'El sistema no puede encontrar el archivo especificado.', None, 2)")
OPEN FAILED: SerialException("could not open port 'COM16': FileNotFoundError(2, 'El sistema no puede encontrar el archivo especificado.', None, 2)")
OPEN FAILED: SerialException("could not open port 'COM16': FileNotFoundError(2, 'El sistema no puede encontrar el archivo especificado.', None, 2)")
OPEN FAILED: SerialException("could not open port 'COM16': FileNotFoundError(2, 'El sistema no puede encontrar el archivo especificado.', None, 2)")
OPEN FAILED: SerialException("could not open port 'COM16': FileNotFoundError(2, 'El sistema no puede encontrar el archivo especificado.', None, 2)")
OPEN FAILED: SerialException("could not open port 'COM16': FileNotFoundError(2, 'El sistema no puede encontrar el archivo especificado.', None, 2)")
OPEN FAILED: SerialException("could not open port 'COM16': FileNotFoundError(2, 'El sistema no puede encontrar el archivo especificado.', None, 2)")
OPEN FAILED: SerialException("could not open port 'COM16': FileNotFoundError(2, 'El sistema no puede encontrar el archivo especificado.', None, 2)")
OPEN FAILED: SerialException("could not open port 'COM16': FileNotFoundError(2, 'El sistema no puede encontrar el archivo especificado.', None, 2)")
OPEN FAILED: SerialException("could not open port 'COM16': FileNotFoundError(2, 'El sistema no puede encontrar el archivo especificado.', None, 2)")
OPEN FAILED: SerialException("could not open port 'COM16': FileNotFoundError(2, 'El sistema no puede encontrar el archivo especificado.', None, 2)")
OPEN FAILED: SerialException("could not open port 'COM16': FileNotFoundError(2, 'El sistema no puede encontrar el archivo especificado.', None, 2)")
OPEN FAILED: SerialException("could not open port 'COM16': FileNotFoundError(2, 'El sistema no puede encontrar el archivo especificado.', None, 2)")
OPEN FAILED: SerialException("could not open port 'COM16': FileNotFoundError(2, 'El sistema no puede encontrar el archivo especificado.', None, 2)")
OPEN FAILED: SerialException("could not open port 'COM16': FileNotFoundError(2, 'El sistema no puede encontrar el archivo especificado.', None, 2)")
OPEN FAILED: SerialException("could not open port 'COM16': FileNotFoundError(2, 'El sistema no puede encontrar el archivo especificado.', None, 2)")
OPEN FAILED: SerialException("could not open port 'COM16': FileNotFoundError(2, 'El sistema no puede encontrar el archivo especificado.', None, 2)")
OPEN FAILED: SerialException("could not open port 'COM16': FileNotFoundError(2, 'El sistema no puede encontrar el archivo especificado.', None, 2)")
OPEN FAILED: SerialException("could not open port 'COM16': FileNotFoundError(2, 'El sistema no puede encontrar el archivo especificado.', None, 2)")
OPEN FAILED: SerialException("could not open port 'COM16': FileNotFoundError(2, 'El sistema no puede encontrar el archivo especificado.', None, 2)")
OPEN FAILED: SerialException("could not open port 'COM16': FileNotFoundError(2, 'El sistema no puede encontrar el archivo especificado.', None, 2)")
OPEN FAILED: SerialException("could not open port 'COM16': FileNotFoundError(2, 'El sistema no puede encontrar el archivo especificado.', None, 2)")
OPEN FAILED: SerialException("could not open port 'COM16': FileNotFoundError(2, 'El sistema no puede encontrar el archivo especificado.', None, 2)")
OPEN FAILED: SerialException("could not open port 'COM16': FileNotFoundError(2, 'El sistema no puede encontrar el archivo especificado.', None, 2)")
OPEN FAILED: SerialException("could not open port 'COM16': FileNotFoundError(2, 'El sistema no puede encontrar el archivo especificado.', None, 2)")
OPEN FAILED: SerialException("could not open port 'COM16': FileNotFoundError(2, 'El sistema no puede encontrar el archivo especificado.', None, 2)")
OPEN FAILED: SerialException("could not open port 'COM16': FileNotFoundError(2, 'El sistema no puede encontrar el archivo especificado.', None, 2)")
OPEN FAILED: SerialException("could not open port 'COM16': FileNotFoundError(2, 'El sistema no puede encontrar el archivo especificado.', None, 2)")
OPEN FAILED: SerialException("could not open port 'COM16': FileNotFoundError(2, 'El sistema no puede encontrar el archivo especificado.', None, 2)")
OPEN FAILED: SerialException("could not open port 'COM16': FileNotFoundError(2, 'El sistema no puede encontrar el archivo especificado.', None, 2)")
OPEN FAILED: SerialException("could not open port 'COM16': FileNotFoundError(2, 'El sistema no puede encontrar el archivo especificado.', None, 2)")
OPEN FAILED: SerialException("could not open port 'COM16': FileNotFoundError(2, 'El sistema no puede encontrar el archivo especificado.', None, 2)")
=== COM16 abierto, capturando 120s (el open resetea la placa) ===
[   0.3s] Deep-sleep wake #150 (cause=4)
[   0.3s] Last reset reason: 8 = DEEPSLEEP
[   0.3s] Node address: 4 (Module B sees this as +RCV addr=4)
[   0.3s] Tick: sensor_read 2/3, lora_trans 4/4
[   0.3s] Boot #78 since last power loss
[   2.5s] 3V3: about to assert
[   2.5s] 3V3: asserted
[   2.8s] 3V3: settled
[   2.8s] 5V: about to assert (plain write)
[   2.8s] 5V: asserted
[   3.4s] 5V: settled
[   3.4s] LoRa: about to assert
[   3.4s] LoRa: asserted
[   3.4s] BMV080 EN: GPIO15 -> LOW
[   4.0s] rails up
[   4.0s] [PowerManager] enable3V3Sensors (stub - bench has no gating FET yet)
[   4.0s] --- I2C scan (after rails, before sensor init) ---
[   4.0s]   ACK at 0x57
[   4.0s]   ACK at 0x74
[   4.0s]   ACK at 0x76
[   4.0s] [bme probe right after scan] 0x76 (addr-probe=0) chip ID = 0x61 (0x61 = BME69x, CORRECT)
[   4.0s] [  4088][E][Wire.cpp:499] requestFrom(): i2cWriteReadNonStop returned Error -1
[   4.0s] [bme probe right after scan] 0x77 accepted the register write but returned no data
[   4.0s] Waiting 5000ms for BMV080 startup...
[   9.0s] [bme probe after BMV080 wait, before begin] 0x76 (addr-probe=0) chip ID = 0x61 (0x61 = BME69x, CORRECT)
[   9.0s] [  9096][E][Wire.cpp:499] requestFrom(): i2cWriteReadNonStop returned Error -1
[   9.0s] [bme probe after BMV080 wait, before begin] 0x77 accepted the register write but returned no data
[   9.0s] [step] bme690.begin ...
[   9.0s] BME690: OK (bound to 0x76)
[   9.0s] SEN0466: SKIPPED (210s settle - excluded from the sleeping cycle)
[   9.0s] [step] cm1106.begin (SWAPPED: now before bmv080) ...
[  12.1s] [step] cm1106.begin returned ...
[  12.1s] [step] bmv080.begin (SWAPPED: now after cm1106) ...
[  12.7s] BMV080: OK
[  12.7s] [step] calypso.begin next ...
[  12.7s] [step] calypso.begin returned - radio next ...
[  12.7s] Configuring RYLR998 (link parameters must match pp1-lora-receiver):
[  12.7s]   -> AT
[  12.7s]   <- +OK
[  12.7s]   -> AT+ADDRESS=4
[  12.7s]   <- +OK
[  12.7s]   -> AT+NETWORKID=5
[  12.7s]   <- +OK
[  12.7s]   -> AT+BAND=868000000
[  12.7s]   <- +OK
[  12.7s]   -> AT+PARAMETER=7,7,1,12
[  12.7s]   <- +OK
[  12.7s]   -> AT+CRFOP=14
[  12.7s]   <- +OK
[  12.7s] LoRa TX power -> 14 dBm: OK
[  12.7s] Radio init OK
[  12.7s] Setup complete.
[  12.7s] 
[  12.7s] [sentinel] bme=OK(T25.1 H46.1) co=NotInit(0.00)  (40ms)
[  14.3s] [tx] sensor rails off for the transmit
[  14.9s] TX [0..0/1] 70 bytes: 25.10,46.13,944.46,7239.82,0.00,0.00,0.00,667.00,0.00,0.00,0.00,0.00,0  (sent)
READ FAILED after 16.9s: SerialException("ClearCommError failed (PermissionError(13, 'El dispositivo no reconoce el comando.', None, 22))")
=== fin ===
OPEN FAILED: SerialException("could not open port 'COM16': FileNotFoundError(2, 'El sistema no puede encontrar el archivo especificado.', None, 2)")
OPEN FAILED: SerialException("could not open port 'COM16': FileNotFoundError(2, 'El sistema no puede encontrar el archivo especificado.', None, 2)")
OPEN FAILED: SerialException("could not open port 'COM16': FileNotFoundError(2, 'El sistema no puede encontrar el archivo especificado.', None, 2)")
OPEN FAILED: SerialException("could not open port 'COM16': FileNotFoundError(2, 'El sistema no puede encontrar el archivo especificado.', None, 2)")
OPEN FAILED: SerialException("could not open port 'COM16': FileNotFoundError(2, 'El sistema no puede encontrar el archivo especificado.', None, 2)")
OPEN FAILED: SerialException("could not open port 'COM16': FileNotFoundError(2, 'El sistema no puede encontrar el archivo especificado.', None, 2)")
OPEN FAILED: SerialException("could not open port 'COM16': FileNotFoundError(2, 'El sistema no puede encontrar el archivo especificado.', None, 2)")
OPEN FAILED: SerialException("could not open port 'COM16': FileNotFoundError(2, 'El sistema no puede encontrar el archivo especificado.', None, 2)")
OPEN FAILED: SerialException("could not open port 'COM16': FileNotFoundError(2, 'El sistema no puede encontrar el archivo especificado.', None, 2)")
OPEN FAILED: SerialException("could not open port 'COM16': FileNotFoundError(2, 'El sistema no puede encontrar el archivo especificado.', None, 2)")
OPEN FAILED: SerialException("could not open port 'COM16': FileNotFoundError(2, 'El sistema no puede encontrar el archivo especificado.', None, 2)")
OPEN FAILED: SerialException("could not open port 'COM16': FileNotFoundError(2, 'El sistema no puede encontrar el archivo especificado.', None, 2)")
OPEN FAILED: SerialException("could not open port 'COM16': FileNotFoundError(2, 'El sistema no puede encontrar el archivo especificado.', None, 2)")
OPEN FAILED: SerialException("could not open port 'COM16': FileNotFoundError(2, 'El sistema no puede encontrar el archivo especificado.', None, 2)")
OPEN FAILED: SerialException("could not open port 'COM16': FileNotFoundError(2, 'El sistema no puede encontrar el archivo especificado.', None, 2)")
OPEN FAILED: SerialException("could not open port 'COM16': FileNotFoundError(2, 'El sistema no puede encontrar el archivo especificado.', None, 2)")
OPEN FAILED: SerialException("could not open port 'COM16': FileNotFoundError(2, 'El sistema no puede encontrar el archivo especificado.', None, 2)")
OPEN FAILED: SerialException("could not open port 'COM16': FileNotFoundError(2, 'El sistema no puede encontrar el archivo especificado.', None, 2)")
OPEN FAILED: SerialException("could not open port 'COM16': FileNotFoundError(2, 'El sistema no puede encontrar el archivo especificado.', None, 2)")
OPEN FAILED: SerialException("could not open port 'COM16': FileNotFoundError(2, 'El sistema no puede encontrar el archivo especificado.', None, 2)")
OPEN FAILED: SerialException("could not open port 'COM16': FileNotFoundError(2, 'El sistema no puede encontrar el archivo especificado.', None, 2)")
OPEN FAILED: SerialException("could not open port 'COM16': FileNotFoundError(2, 'El sistema no puede encontrar el archivo especificado.', None, 2)")
OPEN FAILED: SerialException("could not open port 'COM16': FileNotFoundError(2, 'El sistema no puede encontrar el archivo especificado.', None, 2)")
OPEN FAILED: SerialException("could not open port 'COM16': FileNotFoundError(2, 'El sistema no puede encontrar el archivo especificado.', None, 2)")
OPEN FAILED: SerialException("could not open port 'COM16': FileNotFoundError(2, 'El sistema no puede encontrar el archivo especificado.', None, 2)")
OPEN FAILED: SerialException("could not open port 'COM16': FileNotFoundError(2, 'El sistema no puede encontrar el archivo especificado.', None, 2)")
OPEN FAILED: SerialException("could not open port 'COM16': FileNotFoundError(2, 'El sistema no puede encontrar el archivo especificado.', None, 2)")
OPEN FAILED: SerialException("could not open port 'COM16': FileNotFoundError(2, 'El sistema no puede encontrar el archivo especificado.', None, 2)")
OPEN FAILED: SerialException("could not open port 'COM16': FileNotFoundError(2, 'El sistema no puede encontrar el archivo especificado.', None, 2)")
OPEN FAILED: SerialException("could not open port 'COM16': FileNotFoundError(2, 'El sistema no puede encontrar el archivo especificado.', None, 2)")
OPEN FAILED: SerialException("could not open port 'COM16': FileNotFoundError(2, 'El sistema no puede encontrar el archivo especificado.', None, 2)")
OPEN FAILED: SerialException("could not open port 'COM16': FileNotFoundError(2, 'El sistema no puede encontrar el archivo especificado.', None, 2)")
OPEN FAILED: SerialException("could not open port 'COM16': FileNotFoundError(2, 'El sistema no puede encontrar el archivo especificado.', None, 2)")
OPEN FAILED: SerialException("could not open port 'COM16': FileNotFoundError(2, 'El sistema no puede encontrar el archivo especificado.', None, 2)")
OPEN FAILED: SerialException("could not open port 'COM16': FileNotFoundError(2, 'El sistema no puede encontrar el archivo especificado.', None, 2)")
OPEN FAILED: SerialException("could not open port 'COM16': FileNotFoundError(2, 'El sistema no puede encontrar el archivo especificado.', None, 2)")
OPEN FAILED: SerialException("could not open port 'COM16': FileNotFoundError(2, 'El sistema no puede encontrar el archivo especificado.', None, 2)")
OPEN FAILED: SerialException("could not open port 'COM16': FileNotFoundError(2, 'El sistema no puede encontrar el archivo especificado.', None, 2)")
OPEN FAILED: SerialException("could not open port 'COM16': FileNotFoundError(2, 'El sistema no puede encontrar el archivo especificado.', None, 2)")
OPEN FAILED: SerialException("could not open port 'COM16': FileNotFoundError(2, 'El sistema no puede encontrar el archivo especificado.', None, 2)")
OPEN FAILED: SerialException("could not open port 'COM16': FileNotFoundError(2, 'El sistema no puede encontrar el archivo especificado.', None, 2)")
OPEN FAILED: SerialException("could not open port 'COM16': FileNotFoundError(2, 'El sistema no puede encontrar el archivo especificado.', None, 2)")
OPEN FAILED: SerialException("could not open port 'COM16': FileNotFoundError(2, 'El sistema no puede encontrar el archivo especificado.', None, 2)")
OPEN FAILED: SerialException("could not open port 'COM16': FileNotFoundError(2, 'El sistema no puede encontrar el archivo especificado.', None, 2)")
OPEN FAILED: SerialException("could not open port 'COM16': FileNotFoundError(2, 'El sistema no puede encontrar el archivo especificado.', None, 2)")
OPEN FAILED: SerialException("could not open port 'COM16': FileNotFoundError(2, 'El sistema no puede encontrar el archivo especificado.', None, 2)")
OPEN FAILED: SerialException("could not open port 'COM16': FileNotFoundError(2, 'El sistema no puede encontrar el archivo especificado.', None, 2)")
OPEN FAILED: SerialException("could not open port 'COM16': FileNotFoundError(2, 'El sistema no puede encontrar el archivo especificado.', None, 2)")
OPEN FAILED: SerialException("could not open port 'COM16': FileNotFoundError(2, 'El sistema no puede encontrar el archivo especificado.', None, 2)")
OPEN FAILED: SerialException("could not open port 'COM16': FileNotFoundError(2, 'El sistema no puede encontrar el archivo especificado.', None, 2)")
OPEN FAILED: SerialException("could not open port 'COM16': FileNotFoundError(2, 'El sistema no puede encontrar el archivo especificado.', None, 2)")
OPEN FAILED: SerialException("could not open port 'COM16': FileNotFoundError(2, 'El sistema no puede encontrar el archivo especificado.', None, 2)")
OPEN FAILED: SerialException("could not open port 'COM16': FileNotFoundError(2, 'El sistema no puede encontrar el archivo especificado.', None, 2)")
OPEN FAILED: SerialException("could not open port 'COM16': FileNotFoundError(2, 'El sistema no puede encontrar el archivo especificado.', None, 2)")
OPEN FAILED: SerialException("could not open port 'COM16': FileNotFoundError(2, 'El sistema no puede encontrar el archivo especificado.', None, 2)")
OPEN FAILED: SerialException("could not open port 'COM16': FileNotFoundError(2, 'El sistema no puede encontrar el archivo especificado.', None, 2)")
OPEN FAILED: SerialException("could not open port 'COM16': FileNotFoundError(2, 'El sistema no puede encontrar el archivo especificado.', None, 2)")
OPEN FAILED: SerialException("could not open port 'COM16': FileNotFoundError(2, 'El sistema no puede encontrar el archivo especificado.', None, 2)")
OPEN FAILED: SerialException("could not open port 'COM16': FileNotFoundError(2, 'El sistema no puede encontrar el archivo especificado.', None, 2)")
OPEN FAILED: SerialException("could not open port 'COM16': FileNotFoundError(2, 'El sistema no puede encontrar el archivo especificado.', None, 2)")
OPEN FAILED: SerialException("could not open port 'COM16': FileNotFoundError(2, 'El sistema no puede encontrar el archivo especificado.', None, 2)")
OPEN FAILED: SerialException("could not open port 'COM16': FileNotFoundError(2, 'El sistema no puede encontrar el archivo especificado.', None, 2)")
OPEN FAILED: SerialException("could not open port 'COM16': FileNotFoundError(2, 'El sistema no puede encontrar el archivo especificado.', None, 2)")
OPEN FAILED: SerialException("could not open port 'COM16': FileNotFoundError(2, 'El sistema no puede encontrar el archivo especificado.', None, 2)")
OPEN FAILED: SerialException("could not open port 'COM16': FileNotFoundError(2, 'El sistema no puede encontrar el archivo especificado.', None, 2)")
OPEN FAILED: SerialException("could not open port 'COM16': FileNotFoundError(2, 'El sistema no puede encontrar el archivo especificado.', None, 2)")
OPEN FAILED: SerialException("could not open port 'COM16': FileNotFoundError(2, 'El sistema no puede encontrar el archivo especificado.', None, 2)")
OPEN FAILED: SerialException("could not open port 'COM16': FileNotFoundError(2, 'El sistema no puede encontrar el archivo especificado.', None, 2)")
OPEN FAILED: SerialException("could not open port 'COM16': FileNotFoundError(2, 'El sistema no puede encontrar el archivo especificado.', None, 2)")
OPEN FAILED: SerialException("could not open port 'COM16': FileNotFoundError(2, 'El sistema no puede encontrar el archivo especificado.', None, 2)")
OPEN FAILED: SerialException("could not open port 'COM16': FileNotFoundError(2, 'El sistema no puede encontrar el archivo especificado.', None, 2)")
OPEN FAILED: SerialException("could not open port 'COM16': FileNotFoundError(2, 'El sistema no puede encontrar el archivo especificado.', None, 2)")
OPEN FAILED: SerialException("could not open port 'COM16': FileNotFoundError(2, 'El sistema no puede encontrar el archivo especificado.', None, 2)")
OPEN FAILED: SerialException("could not open port 'COM16': FileNotFoundError(2, 'El sistema no puede encontrar el archivo especificado.', None, 2)")
OPEN FAILED: SerialException("could not open port 'COM16': FileNotFoundError(2, 'El sistema no puede encontrar el archivo especificado.', None, 2)")
OPEN FAILED: SerialException("could not open port 'COM16': FileNotFoundError(2, 'El sistema no puede encontrar el archivo especificado.', None, 2)")
OPEN FAILED: SerialException("could not open port 'COM16': FileNotFoundError(2, 'El sistema no puede encontrar el archivo especificado.', None, 2)")
OPEN FAILED: SerialException("could not open port 'COM16': FileNotFoundError(2, 'El sistema no puede encontrar el archivo especificado.', None, 2)")
OPEN FAILED: SerialException("could not open port 'COM16': FileNotFoundError(2, 'El sistema no puede encontrar el archivo especificado.', None, 2)")
OPEN FAILED: SerialException("could not open port 'COM16': FileNotFoundError(2, 'El sistema no puede encontrar el archivo especificado.', None, 2)")
OPEN FAILED: SerialException("could not open port 'COM16': FileNotFoundError(2, 'El sistema no puede encontrar el archivo especificado.', None, 2)")
OPEN FAILED: SerialException("could not open port 'COM16': FileNotFoundError(2, 'El sistema no puede encontrar el archivo especificado.', None, 2)")
OPEN FAILED: SerialException("could not open port 'COM16': FileNotFoundError(2, 'El sistema no puede encontrar el archivo especificado.', None, 2)")
OPEN FAILED: SerialException("could not open port 'COM16': FileNotFoundError(2, 'El sistema no puede encontrar el archivo especificado.', None, 2)")
OPEN FAILED: SerialException("could not open port 'COM16': FileNotFoundError(2, 'El sistema no puede encontrar el archivo especificado.', None, 2)")
OPEN FAILED: SerialException("could not open port 'COM16': FileNotFoundError(2, 'El sistema no puede encontrar el archivo especificado.', None, 2)")
OPEN FAILED: SerialException("could not open port 'COM16': FileNotFoundError(2, 'El sistema no puede encontrar el archivo especificado.', None, 2)")
OPEN FAILED: SerialException("could not open port 'COM16': FileNotFoundError(2, 'El sistema no puede encontrar el archivo especificado.', None, 2)")
OPEN FAILED: SerialException("could not open port 'COM16': FileNotFoundError(2, 'El sistema no puede encontrar el archivo especificado.', None, 2)")
OPEN FAILED: SerialException("could not open port 'COM16': FileNotFoundError(2, 'El sistema no puede encontrar el archivo especificado.', None, 2)")
OPEN FAILED: SerialException("could not open port 'COM16': FileNotFoundError(2, 'El sistema no puede encontrar el archivo especificado.', None, 2)")
OPEN FAILED: SerialException("could not open port 'COM16': FileNotFoundError(2, 'El sistema no puede encontrar el archivo especificado.', None, 2)")
OPEN FAILED: SerialException("could not open port 'COM16': FileNotFoundError(2, 'El sistema no puede encontrar el archivo especificado.', None, 2)")
OPEN FAILED: SerialException("could not open port 'COM16': FileNotFoundError(2, 'El sistema no puede encontrar el archivo especificado.', None, 2)")
OPEN FAILED: SerialException("could not open port 'COM16': FileNotFoundError(2, 'El sistema no puede encontrar el archivo especificado.', None, 2)")
OPEN FAILED: SerialException("could not open port 'COM16': FileNotFoundError(2, 'El sistema no puede encontrar el archivo especificado.', None, 2)")
OPEN FAILED: SerialException("could not open port 'COM16': FileNotFoundError(2, 'El sistema no puede encontrar el archivo especificado.', None, 2)")
OPEN FAILED: SerialException("could not open port 'COM16': FileNotFoundError(2, 'El sistema no puede encontrar el archivo especificado.', None, 2)")
OPEN FAILED: SerialException("could not open port 'COM16': FileNotFoundError(2, 'El sistema no puede encontrar el archivo especificado.', None, 2)")
OPEN FAILED: SerialException("could not open port 'COM16': FileNotFoundError(2, 'El sistema no puede encontrar el archivo especificado.', None, 2)")
OPEN FAILED: SerialException("could not open port 'COM16': FileNotFoundError(2, 'El sistema no puede encontrar el archivo especificado.', None, 2)")
OPEN FAILED: SerialException("could not open port 'COM16': FileNotFoundError(2, 'El sistema no puede encontrar el archivo especificado.', None, 2)")
OPEN FAILED: SerialException("could not open port 'COM16': FileNotFoundError(2, 'El sistema no puede encontrar el archivo especificado.', None, 2)")
OPEN FAILED: SerialException("could not open port 'COM16': FileNotFoundError(2, 'El sistema no puede encontrar el archivo especificado.', None, 2)")
OPEN FAILED: SerialException("could not open port 'COM16': FileNotFoundError(2, 'El sistema no puede encontrar el archivo especificado.', None, 2)")
OPEN FAILED: SerialException("could not open port 'COM16': FileNotFoundError(2, 'El sistema no puede encontrar el archivo especificado.', None, 2)")
OPEN FAILED: SerialException("could not open port 'COM16': FileNotFoundError(2, 'El sistema no puede encontrar el archivo especificado.', None, 2)")
OPEN FAILED: SerialException("could not open port 'COM16': FileNotFoundError(2, 'El sistema no puede encontrar el archivo especificado.', None, 2)")
OPEN FAILED: SerialException("could not open port 'COM16': FileNotFoundError(2, 'El sistema no puede encontrar el archivo especificado.', None, 2)")
OPEN FAILED: SerialException("could not open port 'COM16': FileNotFoundError(2, 'El sistema no puede encontrar el archivo especificado.', None, 2)")
OPEN FAILED: SerialException("could not open port 'COM16': FileNotFoundError(2, 'El sistema no puede encontrar el archivo especificado.', None, 2)")
OPEN FAILED: SerialException("could not open port 'COM16': FileNotFoundError(2, 'El sistema no puede encontrar el archivo especificado.', None, 2)")
=== COM16 abierto, capturando 120s (el open resetea la placa) ===
[   0.3s] Deep-sleep wake #151 (cause=4)
[   0.3s] Last reset reason: 8 = DEEPSLEEP
[   0.3s] Node address: 4 (Module B sees this as +RCV addr=4)
[   0.3s] Tick: sensor_read 3/3, lora_trans 1/4
[   0.3s] Boot #79 since last power loss
[   2.5s] 3V3: about to assert
[   2.5s] 3V3: asserted
[   2.8s] 3V3: settled
[   2.8s] 5V: about to assert (plain write)
[   2.8s] 5V: asserted
[   3.4s] 5V: settled
[   3.4s] LoRa: about to assert
[   3.4s] LoRa: asserted
[   3.4s] BMV080 EN: GPIO15 -> LOW
[   3.7s] rails up
[   3.7s] [PowerManager] enable3V3Sensors (stub - bench has no gating FET yet)
[   3.7s] --- I2C scan (after rails, before sensor init) ---
[   3.7s]   ACK at 0x57
[   3.7s]   ACK at 0x74
[   3.7s]   ACK at 0x76
[   3.7s] [bme probe right after scan] 0x76 (addr-probe=0) chip ID = 0x61 (0x61 = BME69x, CORRECT)
[   3.7s] [  4086][E][Wire.cpp:499] requestFrom(): i2cWriteReadNonStop returned Error -1
[   3.7s] [bme probe right after scan] 0x77 accepted the register write but returned no data
[   3.7s] Waiting 5000ms for BMV080 startup...
[   8.9s] [bme probe after BMV080 wait, before begin] 0x76 (addr-probe=0) chip ID = 0x61 (0x61 = BME69x, CORRECT)
[   8.9s] [  9094][E][Wire.cpp:499] requestFrom(): i2cWriteReadNonStop returned Error -1
[   8.9s] [bme probe after BMV080 wait, before begin] 0x77 accepted the register write but returned no data
[   8.9s] [step] bme690.begin ...
[   8.9s] BME690: OK (bound to 0x76)
[   8.9s] SEN0466: SKIPPED (210s settle - excluded from the sleeping cycle)
[   8.9s] [step] cm1106.begin (SWAPPED: now before bmv080) ...
[  12.0s] [step] cm1106.begin returned ...
[  12.0s] [step] bmv080.begin (SWAPPED: now after cm1106) ...
[  12.7s] BMV080: OK
[  12.7s] [step] calypso.begin next ...
[  12.7s] [step] calypso.begin returned - radio next ...
[  12.7s] Configuring RYLR998 (link parameters must match pp1-lora-receiver):
[  12.7s]   -> AT
[  12.7s]   <- +OK
[  12.7s]   -> AT+ADDRESS=4
[  12.7s]   <- +OK
[  12.7s]   -> AT+NETWORKID=5
[  12.7s]   <- +OK
[  12.7s]   -> AT+BAND=868000000
[  12.7s]   <- +OK
[  12.7s]   -> AT+PARAMETER=7,7,1,12
[  12.7s]   <- +OK
[  12.7s]   -> AT+CRFOP=14
[  12.7s]   <- +OK
[  12.7s] LoRa TX power -> 14 dBm: OK
[  12.7s] Radio init OK
[  12.7s] Setup complete.
[  12.7s] 
[  12.7s] [sentinel] bme=OK(T25.1 H46.2) co=NotInit(0.00)  (40ms)
[  12.7s] [store] reading 1/4 kept (tick 151)
[  12.7s] 
[  12.7s] [sleep] tick work done - sleeping 10s
READ FAILED after 12.7s: SerialException("ClearCommError failed (PermissionError(13, 'El dispositivo no reconoce el comando.', None, 22))")
=== fin ===
OPEN FAILED: SerialException("could not open port 'COM16': FileNotFoundError(2, 'El sistema no puede encontrar el archivo especificado.', None, 2)")
OPEN FAILED: SerialException("could not open port 'COM16': FileNotFoundError(2, 'El sistema no puede encontrar el archivo especificado.', None, 2)")
OPEN FAILED: SerialException("could not open port 'COM16': FileNotFoundError(2, 'El sistema no puede encontrar el archivo especificado.', None, 2)")
OPEN FAILED: SerialException("could not open port 'COM16': FileNotFoundError(2, 'El sistema no puede encontrar el archivo especificado.', None, 2)")
OPEN FAILED: SerialException("could not open port 'COM16': FileNotFoundError(2, 'El sistema no puede encontrar el archivo especificado.', None, 2)")
OPEN FAILED: SerialException("could not open port 'COM16': FileNotFoundError(2, 'El sistema no puede encontrar el archivo especificado.', None, 2)")
OPEN FAILED: SerialException("could not open port 'COM16': FileNotFoundError(2, 'El sistema no puede encontrar el archivo especificado.', None, 2)")
OPEN FAILED: SerialException("could not open port 'COM16': FileNotFoundError(2, 'El sistema no puede encontrar el archivo especificado.', None, 2)")
OPEN FAILED: SerialException("could not open port 'COM16': FileNotFoundError(2, 'El sistema no puede encontrar el archivo especificado.', None, 2)")
OPEN FAILED: SerialException("could not open port 'COM16': FileNotFoundError(2, 'El sistema no puede encontrar el archivo especificado.', None, 2)")
OPEN FAILED: SerialException("could not open port 'COM16': FileNotFoundError(2, 'El sistema no puede encontrar el archivo especificado.', None, 2)")
OPEN FAILED: SerialException("could not open port 'COM16': FileNotFoundError(2, 'El sistema no puede encontrar el archivo especificado.', None, 2)")
OPEN FAILED: SerialException("could not open port 'COM16': FileNotFoundError(2, 'El sistema no puede encontrar el archivo especificado.', None, 2)")
OPEN FAILED: SerialException("could not open port 'COM16': FileNotFoundError(2, 'El sistema no puede encontrar el archivo especificado.', None, 2)")
OPEN FAILED: SerialException("could not open port 'COM16': FileNotFoundError(2, 'El sistema no puede encontrar el archivo especificado.', None, 2)")
OPEN FAILED: SerialException("could not open port 'COM16': FileNotFoundError(2, 'El sistema no puede encontrar el archivo especificado.', None, 2)")
OPEN FAILED: SerialException("could not open port 'COM16': FileNotFoundError(2, 'El sistema no puede encontrar el archivo especificado.', None, 2)")
OPEN FAILED: SerialException("could not open port 'COM16': FileNotFoundError(2, 'El sistema no puede encontrar el archivo especificado.', None, 2)")
OPEN FAILED: SerialException("could not open port 'COM16': FileNotFoundError(2, 'El sistema no puede encontrar el archivo especificado.', None, 2)")
OPEN FAILED: SerialException("could not open port 'COM16': FileNotFoundError(2, 'El sistema no puede encontrar el archivo especificado.', None, 2)")
OPEN FAILED: SerialException("could not open port 'COM16': FileNotFoundError(2, 'El sistema no puede encontrar el archivo especificado.', None, 2)")
OPEN FAILED: SerialException("could not open port 'COM16': FileNotFoundError(2, 'El sistema no puede encontrar el archivo especificado.', None, 2)")
OPEN FAILED: SerialException("could not open port 'COM16': FileNotFoundError(2, 'El sistema no puede encontrar el archivo especificado.', None, 2)")
OPEN FAILED: SerialException("could not open port 'COM16': FileNotFoundError(2, 'El sistema no puede encontrar el archivo especificado.', None, 2)")
OPEN FAILED: SerialException("could not open port 'COM16': FileNotFoundError(2, 'El sistema no puede encontrar el archivo especificado.', None, 2)")
OPEN FAILED: SerialException("could not open port 'COM16': FileNotFoundError(2, 'El sistema no puede encontrar el archivo especificado.', None, 2)")
OPEN FAILED: SerialException("could not open port 'COM16': FileNotFoundError(2, 'El sistema no puede encontrar el archivo especificado.', None, 2)")
OPEN FAILED: SerialException("could not open port 'COM16': FileNotFoundError(2, 'El sistema no puede encontrar el archivo especificado.', None, 2)")
OPEN FAILED: SerialException("could not open port 'COM16': FileNotFoundError(2, 'El sistema no puede encontrar el archivo especificado.', None, 2)")
OPEN FAILED: SerialException("could not open port 'COM16': FileNotFoundError(2, 'El sistema no puede encontrar el archivo especificado.', None, 2)")
OPEN FAILED: SerialException("could not open port 'COM16': FileNotFoundError(2, 'El sistema no puede encontrar el archivo especificado.', None, 2)")
OPEN FAILED: SerialException("could not open port 'COM16': FileNotFoundError(2, 'El sistema no puede encontrar el archivo especificado.', None, 2)")
OPEN FAILED: SerialException("could not open port 'COM16': FileNotFoundError(2, 'El sistema no puede encontrar el archivo especificado.', None, 2)")
OPEN FAILED: SerialException("could not open port 'COM16': FileNotFoundError(2, 'El sistema no puede encontrar el archivo especificado.', None, 2)")
OPEN FAILED: SerialException("could not open port 'COM16': FileNotFoundError(2, 'El sistema no puede encontrar el archivo especificado.', None, 2)")
OPEN FAILED: SerialException("could not open port 'COM16': FileNotFoundError(2, 'El sistema no puede encontrar el archivo especificado.', None, 2)")
OPEN FAILED: SerialException("could not open port 'COM16': FileNotFoundError(2, 'El sistema no puede encontrar el archivo especificado.', None, 2)")
OPEN FAILED: SerialException("could not open port 'COM16': FileNotFoundError(2, 'El sistema no puede encontrar el archivo especificado.', None, 2)")
OPEN FAILED: SerialException("could not open port 'COM16': FileNotFoundError(2, 'El sistema no puede encontrar el archivo especificado.', None, 2)")
OPEN FAILED: SerialException("could not open port 'COM16': FileNotFoundError(2, 'El sistema no puede encontrar el archivo especificado.', None, 2)")
OPEN FAILED: SerialException("could not open port 'COM16': FileNotFoundError(2, 'El sistema no puede encontrar el archivo especificado.', None, 2)")
OPEN FAILED: SerialException("could not open port 'COM16': FileNotFoundError(2, 'El sistema no puede encontrar el archivo especificado.', None, 2)")
OPEN FAILED: SerialException("could not open port 'COM16': FileNotFoundError(2, 'El sistema no puede encontrar el archivo especificado.', None, 2)")
OPEN FAILED: SerialException("could not open port 'COM16': FileNotFoundError(2, 'El sistema no puede encontrar el archivo especificado.', None, 2)")
OPEN FAILED: SerialException("could not open port 'COM16': FileNotFoundError(2, 'El sistema no puede encontrar el archivo especificado.', None, 2)")
OPEN FAILED: SerialException("could not open port 'COM16': FileNotFoundError(2, 'El sistema no puede encontrar el archivo especificado.', None, 2)")
OPEN FAILED: SerialException("could not open port 'COM16': FileNotFoundError(2, 'El sistema no puede encontrar el archivo especificado.', None, 2)")
OPEN FAILED: SerialException("could not open port 'COM16': FileNotFoundError(2, 'El sistema no puede encontrar el archivo especificado.', None, 2)")
OPEN FAILED: SerialException("could not open port 'COM16': FileNotFoundError(2, 'El sistema no puede encontrar el archivo especificado.', None, 2)")
OPEN FAILED: SerialException("could not open port 'COM16': FileNotFoundError(2, 'El sistema no puede encontrar el archivo especificado.', None, 2)")
OPEN FAILED: SerialException("could not open port 'COM16': FileNotFoundError(2, 'El sistema no puede encontrar el archivo especificado.', None, 2)")
OPEN FAILED: SerialException("could not open port 'COM16': FileNotFoundError(2, 'El sistema no puede encontrar el archivo especificado.', None, 2)")
OPEN FAILED: SerialException("could not open port 'COM16': FileNotFoundError(2, 'El sistema no puede encontrar el archivo especificado.', None, 2)")
OPEN FAILED: SerialException("could not open port 'COM16': FileNotFoundError(2, 'El sistema no puede encontrar el archivo especificado.', None, 2)")
OPEN FAILED: SerialException("could not open port 'COM16': FileNotFoundError(2, 'El sistema no puede encontrar el archivo especificado.', None, 2)")
OPEN FAILED: SerialException("could not open port 'COM16': FileNotFoundError(2, 'El sistema no puede encontrar el archivo especificado.', None, 2)")
OPEN FAILED: SerialException("could not open port 'COM16': FileNotFoundError(2, 'El sistema no puede encontrar el archivo especificado.', None, 2)")
OPEN FAILED: SerialException("could not open port 'COM16': FileNotFoundError(2, 'El sistema no puede encontrar el archivo especificado.', None, 2)")
OPEN FAILED: SerialException("could not open port 'COM16': FileNotFoundError(2, 'El sistema no puede encontrar el archivo especificado.', None, 2)")
OPEN FAILED: SerialException("could not open port 'COM16': FileNotFoundError(2, 'El sistema no puede encontrar el archivo especificado.', None, 2)")
OPEN FAILED: SerialException("could not open port 'COM16': FileNotFoundError(2, 'El sistema no puede encontrar el archivo especificado.', None, 2)")
OPEN FAILED: SerialException("could not open port 'COM16': FileNotFoundError(2, 'El sistema no puede encontrar el archivo especificado.', None, 2)")
OPEN FAILED: SerialException("could not open port 'COM16': FileNotFoundError(2, 'El sistema no puede encontrar el archivo especificado.', None, 2)")
OPEN FAILED: SerialException("could not open port 'COM16': FileNotFoundError(2, 'El sistema no puede encontrar el archivo especificado.', None, 2)")
OPEN FAILED: SerialException("could not open port 'COM16': FileNotFoundError(2, 'El sistema no puede encontrar el archivo especificado.', None, 2)")
OPEN FAILED: SerialException("could not open port 'COM16': FileNotFoundError(2, 'El sistema no puede encontrar el archivo especificado.', None, 2)")
OPEN FAILED: SerialException("could not open port 'COM16': FileNotFoundError(2, 'El sistema no puede encontrar el archivo especificado.', None, 2)")
OPEN FAILED: SerialException("could not open port 'COM16': FileNotFoundError(2, 'El sistema no puede encontrar el archivo especificado.', None, 2)")
OPEN FAILED: SerialException("could not open port 'COM16': FileNotFoundError(2, 'El sistema no puede encontrar el archivo especificado.', None, 2)")
OPEN FAILED: SerialException("could not open port 'COM16': FileNotFoundError(2, 'El sistema no puede encontrar el archivo especificado.', None, 2)")
OPEN FAILED: SerialException("could not open port 'COM16': FileNotFoundError(2, 'El sistema no puede encontrar el archivo especificado.', None, 2)")
OPEN FAILED: SerialException("could not open port 'COM16': FileNotFoundError(2, 'El sistema no puede encontrar el archivo especificado.', None, 2)")
OPEN FAILED: SerialException("could not open port 'COM16': FileNotFoundError(2, 'El sistema no puede encontrar el archivo especificado.', None, 2)")
OPEN FAILED: SerialException("could not open port 'COM16': FileNotFoundError(2, 'El sistema no puede encontrar el archivo especificado.', None, 2)")
OPEN FAILED: SerialException("could not open port 'COM16': FileNotFoundError(2, 'El sistema no puede encontrar el archivo especificado.', None, 2)")
OPEN FAILED: SerialException("could not open port 'COM16': FileNotFoundError(2, 'El sistema no puede encontrar el archivo especificado.', None, 2)")
OPEN FAILED: SerialException("could not open port 'COM16': FileNotFoundError(2, 'El sistema no puede encontrar el archivo especificado.', None, 2)")
OPEN FAILED: SerialException("could not open port 'COM16': FileNotFoundError(2, 'El sistema no puede encontrar el archivo especificado.', None, 2)")
OPEN FAILED: SerialException("could not open port 'COM16': FileNotFoundError(2, 'El sistema no puede encontrar el archivo especificado.', None, 2)")
OPEN FAILED: SerialException("could not open port 'COM16': FileNotFoundError(2, 'El sistema no puede encontrar el archivo especificado.', None, 2)")
OPEN FAILED: SerialException("could not open port 'COM16': FileNotFoundError(2, 'El sistema no puede encontrar el archivo especificado.', None, 2)")
OPEN FAILED: SerialException("could not open port 'COM16': FileNotFoundError(2, 'El sistema no puede encontrar el archivo especificado.', None, 2)")
OPEN FAILED: SerialException("could not open port 'COM16': FileNotFoundError(2, 'El sistema no puede encontrar el archivo especificado.', None, 2)")
OPEN FAILED: SerialException("could not open port 'COM16': FileNotFoundError(2, 'El sistema no puede encontrar el archivo especificado.', None, 2)")
OPEN FAILED: SerialException("could not open port 'COM16': FileNotFoundError(2, 'El sistema no puede encontrar el archivo especificado.', None, 2)")
OPEN FAILED: SerialException("could not open port 'COM16': FileNotFoundError(2, 'El sistema no puede encontrar el archivo especificado.', None, 2)")
OPEN FAILED: SerialException("could not open port 'COM16': FileNotFoundError(2, 'El sistema no puede encontrar el archivo especificado.', None, 2)")
OPEN FAILED: SerialException("could not open port 'COM16': FileNotFoundError(2, 'El sistema no puede encontrar el archivo especificado.', None, 2)")
OPEN FAILED: SerialException("could not open port 'COM16': FileNotFoundError(2, 'El sistema no puede encontrar el archivo especificado.', None, 2)")
OPEN FAILED: SerialException("could not open port 'COM16': FileNotFoundError(2, 'El sistema no puede encontrar el archivo especificado.', None, 2)")
OPEN FAILED: SerialException("could not open port 'COM16': FileNotFoundError(2, 'El sistema no puede encontrar el archivo especificado.', None, 2)")
OPEN FAILED: SerialException("could not open port 'COM16': FileNotFoundError(2, 'El sistema no puede encontrar el archivo especificado.', None, 2)")
OPEN FAILED: SerialException("could not open port 'COM16': FileNotFoundError(2, 'El sistema no puede encontrar el archivo especificado.', None, 2)")
OPEN FAILED: SerialException("could not open port 'COM16': FileNotFoundError(2, 'El sistema no puede encontrar el archivo especificado.', None, 2)")
OPEN FAILED: SerialException("could not open port 'COM16': FileNotFoundError(2, 'El sistema no puede encontrar el archivo especificado.', None, 2)")
OPEN FAILED: SerialException("could not open port 'COM16': FileNotFoundError(2, 'El sistema no puede encontrar el archivo especificado.', None, 2)")
OPEN FAILED: SerialException("could not open port 'COM16': FileNotFoundError(2, 'El sistema no puede encontrar el archivo especificado.', None, 2)")
OPEN FAILED: SerialException("could not open port 'COM16': FileNotFoundError(2, 'El sistema no puede encontrar el archivo especificado.', None, 2)")
OPEN FAILED: SerialException("could not open port 'COM16': FileNotFoundError(2, 'El sistema no puede encontrar el archivo especificado.', None, 2)")
OPEN FAILED: SerialException("could not open port 'COM16': FileNotFoundError(2, 'El sistema no puede encontrar el archivo especificado.', None, 2)")
OPEN FAILED: SerialException("could not open port 'COM16': FileNotFoundError(2, 'El sistema no puede encontrar el archivo especificado.', None, 2)")
OPEN FAILED: SerialException("could not open port 'COM16': FileNotFoundError(2, 'El sistema no puede encontrar el archivo especificado.', None, 2)")
OPEN FAILED: SerialException("could not open port 'COM16': FileNotFoundError(2, 'El sistema no puede encontrar el archivo especificado.', None, 2)")
OPEN FAILED: SerialException("could not open port 'COM16': FileNotFoundError(2, 'El sistema no puede encontrar el archivo especificado.', None, 2)")
OPEN FAILED: SerialException("could not open port 'COM16': FileNotFoundError(2, 'El sistema no puede encontrar el archivo especificado.', None, 2)")
OPEN FAILED: SerialException("could not open port 'COM16': FileNotFoundError(2, 'El sistema no puede encontrar el archivo especificado.', None, 2)")
OPEN FAILED: SerialException("could not open port 'COM16': FileNotFoundError(2, 'El sistema no puede encontrar el archivo especificado.', None, 2)")
OPEN FAILED: SerialException("could not open port 'COM16': FileNotFoundError(2, 'El sistema no puede encontrar el archivo especificado.', None, 2)")
OPEN FAILED: SerialException("could not open port 'COM16': FileNotFoundError(2, 'El sistema no puede encontrar el archivo especificado.', None, 2)")
OPEN FAILED: SerialException("could not open port 'COM16': FileNotFoundError(2, 'El sistema no puede encontrar el archivo especificado.', None, 2)")
OPEN FAILED: SerialException("could not open port 'COM16': FileNotFoundError(2, 'El sistema no puede encontrar el archivo especificado.', None, 2)")
OPEN FAILED: SerialException("could not open port 'COM16': FileNotFoundError(2, 'El sistema no puede encontrar el archivo especificado.', None, 2)")
=== COM16 abierto, capturando 120s (el open resetea la placa) ===
READ FAILED after 0.2s: SerialException("ClearCommError failed (PermissionError(13, 'El dispositivo no reconoce el comando.', None, 22))")
=== fin ===
OPEN FAILED: SerialException("could not open port 'COM16': FileNotFoundError(2, 'El sistema no puede encontrar el archivo especificado.', None, 2)")
OPEN FAILED: SerialException("could not open port 'COM16': FileNotFoundError(2, 'El sistema no puede encontrar el archivo especificado.', None, 2)")
OPEN FAILED: SerialException("could not open port 'COM16': FileNotFoundError(2, 'El sistema no puede encontrar el archivo especificado.', None, 2)")
OPEN FAILED: SerialException("could not open port 'COM16': FileNotFoundError(2, 'El sistema no puede encontrar el archivo especificado.', None, 2)")
OPEN FAILED: SerialException("could not open port 'COM16': FileNotFoundError(2, 'El sistema no puede encontrar el archivo especificado.', None, 2)")
OPEN FAILED: SerialException("could not open port 'COM16': FileNotFoundError(2, 'El sistema no puede encontrar el archivo especificado.', None, 2)")
OPEN FAILED: SerialException("could not open port 'COM16': FileNotFoundError(2, 'El sistema no puede encontrar el archivo especificado.', None, 2)")
OPEN FAILED: SerialException("could not open port 'COM16': FileNotFoundError(2, 'El sistema no puede encontrar el archivo especificado.', None, 2)")
OPEN FAILED: SerialException("could not open port 'COM16': FileNotFoundError(2, 'El sistema no puede encontrar el archivo especificado.', None, 2)")
OPEN FAILED: SerialException("could not open port 'COM16': FileNotFoundError(2, 'El sistema no puede encontrar el archivo especificado.', None, 2)")
OPEN FAILED: SerialException("could not open port 'COM16': FileNotFoundError(2, 'El sistema no puede encontrar el archivo especificado.', None, 2)")
OPEN FAILED: SerialException("could not open port 'COM16': FileNotFoundError(2, 'El sistema no puede encontrar el archivo especificado.', None, 2)")
OPEN FAILED: SerialException("could not open port 'COM16': FileNotFoundError(2, 'El sistema no puede encontrar el archivo especificado.', None, 2)")
OPEN FAILED: SerialException("could not open port 'COM16': FileNotFoundError(2, 'El sistema no puede encontrar el archivo especificado.', None, 2)")
OPEN FAILED: SerialException("could not open port 'COM16': FileNotFoundError(2, 'El sistema no puede encontrar el archivo especificado.', None, 2)")
OPEN FAILED: SerialException("could not open port 'COM16': FileNotFoundError(2, 'El sistema no puede encontrar el archivo especificado.', None, 2)")
OPEN FAILED: SerialException("could not open port 'COM16': FileNotFoundError(2, 'El sistema no puede encontrar el archivo especificado.', None, 2)")
OPEN FAILED: SerialException("could not open port 'COM16': FileNotFoundError(2, 'El sistema no puede encontrar el archivo especificado.', None, 2)")
OPEN FAILED: SerialException("could not open port 'COM16': FileNotFoundError(2, 'El sistema no puede encontrar el archivo especificado.', None, 2)")
OPEN FAILED: SerialException("could not open port 'COM16': FileNotFoundError(2, 'El sistema no puede encontrar el archivo especificado.', None, 2)")
OPEN FAILED: SerialException("could not open port 'COM16': FileNotFoundError(2, 'El sistema no puede encontrar el archivo especificado.', None, 2)")
OPEN FAILED: SerialException("could not open port 'COM16': FileNotFoundError(2, 'El sistema no puede encontrar el archivo especificado.', None, 2)")
OPEN FAILED: SerialException("could not open port 'COM16': FileNotFoundError(2, 'El sistema no puede encontrar el archivo especificado.', None, 2)")
OPEN FAILED: SerialException("could not open port 'COM16': FileNotFoundError(2, 'El sistema no puede encontrar el archivo especificado.', None, 2)")
OPEN FAILED: SerialException("could not open port 'COM16': FileNotFoundError(2, 'El sistema no puede encontrar el archivo especificado.', None, 2)")
OPEN FAILED: SerialException("could not open port 'COM16': FileNotFoundError(2, 'El sistema no puede encontrar el archivo especificado.', None, 2)")
OPEN FAILED: SerialException("could not open port 'COM16': FileNotFoundError(2, 'El sistema no puede encontrar el archivo especificado.', None, 2)")
OPEN FAILED: SerialException("could not open port 'COM16': FileNotFoundError(2, 'El sistema no puede encontrar el archivo especificado.', None, 2)")
OPEN FAILED: SerialException("could not open port 'COM16': FileNotFoundError(2, 'El sistema no puede encontrar el archivo especificado.', None, 2)")
OPEN FAILED: SerialException("could not open port 'COM16': FileNotFoundError(2, 'El sistema no puede encontrar el archivo especificado.', None, 2)")
OPEN FAILED: SerialException("could not open port 'COM16': FileNotFoundError(2, 'El sistema no puede encontrar el archivo especificado.', None, 2)")
OPEN FAILED: SerialException("could not open port 'COM16': FileNotFoundError(2, 'El sistema no puede encontrar el archivo especificado.', None, 2)")
OPEN FAILED: SerialException("could not open port 'COM16': FileNotFoundError(2, 'El sistema no puede encontrar el archivo especificado.', None, 2)")
OPEN FAILED: SerialException("could not open port 'COM16': FileNotFoundError(2, 'El sistema no puede encontrar el archivo especificado.', None, 2)")
OPEN FAILED: SerialException("could not open port 'COM16': FileNotFoundError(2, 'El sistema no puede encontrar el archivo especificado.', None, 2)")
OPEN FAILED: SerialException("could not open port 'COM16': FileNotFoundError(2, 'El sistema no puede encontrar el archivo especificado.', None, 2)")
OPEN FAILED: SerialException("could not open port 'COM16': FileNotFoundError(2, 'El sistema no puede encontrar el archivo especificado.', None, 2)")
OPEN FAILED: SerialException("could not open port 'COM16': FileNotFoundError(2, 'El sistema no puede encontrar el archivo especificado.', None, 2)")
OPEN FAILED: SerialException("could not open port 'COM16': FileNotFoundError(2, 'El sistema no puede encontrar el archivo especificado.', None, 2)")
OPEN FAILED: SerialException("could not open port 'COM16': FileNotFoundError(2, 'El sistema no puede encontrar el archivo especificado.', None, 2)")
OPEN FAILED: SerialException("could not open port 'COM16': FileNotFoundError(2, 'El sistema no puede encontrar el archivo especificado.', None, 2)")
OPEN FAILED: SerialException("could not open port 'COM16': FileNotFoundError(2, 'El sistema no puede encontrar el archivo especificado.', None, 2)")
OPEN FAILED: SerialException("could not open port 'COM16': FileNotFoundError(2, 'El sistema no puede encontrar el archivo especificado.', None, 2)")
OPEN FAILED: SerialException("could not open port 'COM16': FileNotFoundError(2, 'El sistema no puede encontrar el archivo especificado.', None, 2)")
OPEN FAILED: SerialException("could not open port 'COM16': FileNotFoundError(2, 'El sistema no puede encontrar el archivo especificado.', None, 2)")
OPEN FAILED: SerialException("could not open port 'COM16': FileNotFoundError(2, 'El sistema no puede encontrar el archivo especificado.', None, 2)")
OPEN FAILED: SerialException("could not open port 'COM16': FileNotFoundError(2, 'El sistema no puede encontrar el archivo especificado.', None, 2)")
OPEN FAILED: SerialException("could not open port 'COM16': FileNotFoundError(2, 'El sistema no puede encontrar el archivo especificado.', None, 2)")
OPEN FAILED: SerialException("could not open port 'COM16': FileNotFoundError(2, 'El sistema no puede encontrar el archivo especificado.', None, 2)")
OPEN FAILED: SerialException("could not open port 'COM16': FileNotFoundError(2, 'El sistema no puede encontrar el archivo especificado.', None, 2)")
OPEN FAILED: SerialException("could not open port 'COM16': FileNotFoundError(2, 'El sistema no puede encontrar el archivo especificado.', None, 2)")
OPEN FAILED: SerialException("could not open port 'COM16': FileNotFoundError(2, 'El sistema no puede encontrar el archivo especificado.', None, 2)")
OPEN FAILED: SerialException("could not open port 'COM16': FileNotFoundError(2, 'El sistema no puede encontrar el archivo especificado.', None, 2)")
OPEN FAILED: SerialException("could not open port 'COM16': FileNotFoundError(2, 'El sistema no puede encontrar el archivo especificado.', None, 2)")
OPEN FAILED: SerialException("could not open port 'COM16': FileNotFoundError(2, 'El sistema no puede encontrar el archivo especificado.', None, 2)")
OPEN FAILED: SerialException("could not open port 'COM16': FileNotFoundError(2, 'El sistema no puede encontrar el archivo especificado.', None, 2)")
OPEN FAILED: SerialException("could not open port 'COM16': FileNotFoundError(2, 'El sistema no puede encontrar el archivo especificado.', None, 2)")
OPEN FAILED: SerialException("could not open port 'COM16': FileNotFoundError(2, 'El sistema no puede encontrar el archivo especificado.', None, 2)")
OPEN FAILED: SerialException("could not open port 'COM16': FileNotFoundError(2, 'El sistema no puede encontrar el archivo especificado.', None, 2)")
OPEN FAILED: SerialException("could not open port 'COM16': FileNotFoundError(2, 'El sistema no puede encontrar el archivo especificado.', None, 2)")
OPEN FAILED: SerialException("could not open port 'COM16': FileNotFoundError(2, 'El sistema no puede encontrar el archivo especificado.', None, 2)")
OPEN FAILED: SerialException("could not open port 'COM16': FileNotFoundError(2, 'El sistema no puede encontrar el archivo especificado.', None, 2)")
OPEN FAILED: SerialException("could not open port 'COM16': FileNotFoundError(2, 'El sistema no puede encontrar el archivo especificado.', None, 2)")
OPEN FAILED: SerialException("could not open port 'COM16': FileNotFoundError(2, 'El sistema no puede encontrar el archivo especificado.', None, 2)")
OPEN FAILED: SerialException("could not open port 'COM16': FileNotFoundError(2, 'El sistema no puede encontrar el archivo especificado.', None, 2)")
OPEN FAILED: SerialException("could not open port 'COM16': FileNotFoundError(2, 'El sistema no puede encontrar el archivo especificado.', None, 2)")
OPEN FAILED: SerialException("could not open port 'COM16': FileNotFoundError(2, 'El sistema no puede encontrar el archivo especificado.', None, 2)")
OPEN FAILED: SerialException("could not open port 'COM16': FileNotFoundError(2, 'El sistema no puede encontrar el archivo especificado.', None, 2)")
OPEN FAILED: SerialException("could not open port 'COM16': FileNotFoundError(2, 'El sistema no puede encontrar el archivo especificado.', None, 2)")
OPEN FAILED: SerialException("could not open port 'COM16': FileNotFoundError(2, 'El sistema no puede encontrar el archivo especificado.', None, 2)")
OPEN FAILED: SerialException("could not open port 'COM16': FileNotFoundError(2, 'El sistema no puede encontrar el archivo especificado.', None, 2)")
OPEN FAILED: SerialException("could not open port 'COM16': FileNotFoundError(2, 'El sistema no puede encontrar el archivo especificado.', None, 2)")
OPEN FAILED: SerialException("could not open port 'COM16': FileNotFoundError(2, 'El sistema no puede encontrar el archivo especificado.', None, 2)")
OPEN FAILED: SerialException("could not open port 'COM16': FileNotFoundError(2, 'El sistema no puede encontrar el archivo especificado.', None, 2)")
OPEN FAILED: SerialException("could not open port 'COM16': FileNotFoundError(2, 'El sistema no puede encontrar el archivo especificado.', None, 2)")
OPEN FAILED: SerialException("could not open port 'COM16': FileNotFoundError(2, 'El sistema no puede encontrar el archivo especificado.', None, 2)")
OPEN FAILED: SerialException("could not open port 'COM16': FileNotFoundError(2, 'El sistema no puede encontrar el archivo especificado.', None, 2)")
OPEN FAILED: SerialException("could not open port 'COM16': FileNotFoundError(2, 'El sistema no puede encontrar el archivo especificado.', None, 2)")
OPEN FAILED: SerialException("could not open port 'COM16': FileNotFoundError(2, 'El sistema no puede encontrar el archivo especificado.', None, 2)")
OPEN FAILED: SerialException("could not open port 'COM16': FileNotFoundError(2, 'El sistema no puede encontrar el archivo especificado.', None, 2)")
OPEN FAILED: SerialException("could not open port 'COM16': FileNotFoundError(2, 'El sistema no puede encontrar el archivo especificado.', None, 2)")
OPEN FAILED: SerialException("could not open port 'COM16': FileNotFoundError(2, 'El sistema no puede encontrar el archivo especificado.', None, 2)")
OPEN FAILED: SerialException("could not open port 'COM16': FileNotFoundError(2, 'El sistema no puede encontrar el archivo especificado.', None, 2)")
OPEN FAILED: SerialException("could not open port 'COM16': FileNotFoundError(2, 'El sistema no puede encontrar el archivo especificado.', None, 2)")
OPEN FAILED: SerialException("could not open port 'COM16': FileNotFoundError(2, 'El sistema no puede encontrar el archivo especificado.', None, 2)")
OPEN FAILED: SerialException("could not open port 'COM16': FileNotFoundError(2, 'El sistema no puede encontrar el archivo especificado.', None, 2)")
OPEN FAILED: SerialException("could not open port 'COM16': FileNotFoundError(2, 'El sistema no puede encontrar el archivo especificado.', None, 2)")
OPEN FAILED: SerialException("could not open port 'COM16': FileNotFoundError(2, 'El sistema no puede encontrar el archivo especificado.', None, 2)")
OPEN FAILED: SerialException("could not open port 'COM16': FileNotFoundError(2, 'El sistema no puede encontrar el archivo especificado.', None, 2)")
OPEN FAILED: SerialException("could not open port 'COM16': FileNotFoundError(2, 'El sistema no puede encontrar el archivo especificado.', None, 2)")
OPEN FAILED: SerialException("could not open port 'COM16': FileNotFoundError(2, 'El sistema no puede encontrar el archivo especificado.', None, 2)")
OPEN FAILED: SerialException("could not open port 'COM16': FileNotFoundError(2, 'El sistema no puede encontrar el archivo especificado.', None, 2)")
OPEN FAILED: SerialException("could not open port 'COM16': FileNotFoundError(2, 'El sistema no puede encontrar el archivo especificado.', None, 2)")
OPEN FAILED: SerialException("could not open port 'COM16': FileNotFoundError(2, 'El sistema no puede encontrar el archivo especificado.', None, 2)")
OPEN FAILED: SerialException("could not open port 'COM16': FileNotFoundError(2, 'El sistema no puede encontrar el archivo especificado.', None, 2)")
OPEN FAILED: SerialException("could not open port 'COM16': FileNotFoundError(2, 'El sistema no puede encontrar el archivo especificado.', None, 2)")
OPEN FAILED: SerialException("could not open port 'COM16': FileNotFoundError(2, 'El sistema no puede encontrar el archivo especificado.', None, 2)")
OPEN FAILED: SerialException("could not open port 'COM16': FileNotFoundError(2, 'El sistema no puede encontrar el archivo especificado.', None, 2)")
OPEN FAILED: SerialException("could not open port 'COM16': FileNotFoundError(2, 'El sistema no puede encontrar el archivo especificado.', None, 2)")
OPEN FAILED: SerialException("could not open port 'COM16': FileNotFoundError(2, 'El sistema no puede encontrar el archivo especificado.', None, 2)")
OPEN FAILED: SerialException("could not open port 'COM16': FileNotFoundError(2, 'El sistema no puede encontrar el archivo especificado.', None, 2)")
OPEN FAILED: SerialException("could not open port 'COM16': FileNotFoundError(2, 'El sistema no puede encontrar el archivo especificado.', None, 2)")
OPEN FAILED: SerialException("could not open port 'COM16': FileNotFoundError(2, 'El sistema no puede encontrar el archivo especificado.', None, 2)")
OPEN FAILED: SerialException("could not open port 'COM16': FileNotFoundError(2, 'El sistema no puede encontrar el archivo especificado.', None, 2)")
OPEN FAILED: SerialException("could not open port 'COM16': FileNotFoundError(2, 'El sistema no puede encontrar el archivo especificado.', None, 2)")
OPEN FAILED: SerialException("could not open port 'COM16': FileNotFoundError(2, 'El sistema no puede encontrar el archivo especificado.', None, 2)")
OPEN FAILED: SerialException("could not open port 'COM16': FileNotFoundError(2, 'El sistema no puede encontrar el archivo especificado.', None, 2)")
OPEN FAILED: SerialException("could not open port 'COM16': FileNotFoundError(2, 'El sistema no puede encontrar el archivo especificado.', None, 2)")
OPEN FAILED: SerialException("could not open port 'COM16': FileNotFoundError(2, 'El sistema no puede encontrar el archivo especificado.', None, 2)")
OPEN FAILED: SerialException("could not open port 'COM16': FileNotFoundError(2, 'El sistema no puede encontrar el archivo especificado.', None, 2)")
OPEN FAILED: SerialException("could not open port 'COM16': FileNotFoundError(2, 'El sistema no puede encontrar el archivo especificado.', None, 2)")
OPEN FAILED: SerialException("could not open port 'COM16': FileNotFoundError(2, 'El sistema no puede encontrar el archivo especificado.', None, 2)")
OPEN FAILED: SerialException("could not open port 'COM16': FileNotFoundError(2, 'El sistema no puede encontrar el archivo especificado.', None, 2)")
=== COM16 abierto, capturando 120s (el open resetea la placa) ===
READ FAILED after 0.3s: SerialException("ClearCommError failed (PermissionError(13, 'El dispositivo no reconoce el comando.', None, 22))")
=== fin ===
OPEN FAILED: SerialException("could not open port 'COM16': FileNotFoundError(2, 'El sistema no puede encontrar el archivo especificado.', None, 2)")
OPEN FAILED: SerialException("could not open port 'COM16': FileNotFoundError(2, 'El sistema no puede encontrar el archivo especificado.', None, 2)")
OPEN FAILED: SerialException("could not open port 'COM16': FileNotFoundError(2, 'El sistema no puede encontrar el archivo especificado.', None, 2)")
OPEN FAILED: SerialException("could not open port 'COM16': FileNotFoundError(2, 'El sistema no puede encontrar el archivo especificado.', None, 2)")
OPEN FAILED: SerialException("could not open port 'COM16': FileNotFoundError(2, 'El sistema no puede encontrar el archivo especificado.', None, 2)")
OPEN FAILED: SerialException("could not open port 'COM16': FileNotFoundError(2, 'El sistema no puede encontrar el archivo especificado.', None, 2)")
OPEN FAILED: SerialException("could not open port 'COM16': FileNotFoundError(2, 'El sistema no puede encontrar el archivo especificado.', None, 2)")
OPEN FAILED: SerialException("could not open port 'COM16': FileNotFoundError(2, 'El sistema no puede encontrar el archivo especificado.', None, 2)")
OPEN FAILED: SerialException("could not open port 'COM16': FileNotFoundError(2, 'El sistema no puede encontrar el archivo especificado.', None, 2)")
OPEN FAILED: SerialException("could not open port 'COM16': FileNotFoundError(2, 'El sistema no puede encontrar el archivo especificado.', None, 2)")
OPEN FAILED: SerialException("could not open port 'COM16': FileNotFoundError(2, 'El sistema no puede encontrar el archivo especificado.', None, 2)")
OPEN FAILED: SerialException("could not open port 'COM16': FileNotFoundError(2, 'El sistema no puede encontrar el archivo especificado.', None, 2)")
OPEN FAILED: SerialException("could not open port 'COM16': FileNotFoundError(2, 'El sistema no puede encontrar el archivo especificado.', None, 2)")
OPEN FAILED: SerialException("could not open port 'COM16': FileNotFoundError(2, 'El sistema no puede encontrar el archivo especificado.', None, 2)")
OPEN FAILED: SerialException("could not open port 'COM16': FileNotFoundError(2, 'El sistema no puede encontrar el archivo especificado.', None, 2)")
OPEN FAILED: SerialException("could not open port 'COM16': FileNotFoundError(2, 'El sistema no puede encontrar el archivo especificado.', None, 2)")
OPEN FAILED: SerialException("could not open port 'COM16': FileNotFoundError(2, 'El sistema no puede encontrar el archivo especificado.', None, 2)")
OPEN FAILED: SerialException("could not open port 'COM16': FileNotFoundError(2, 'El sistema no puede encontrar el archivo especificado.', None, 2)")
OPEN FAILED: SerialException("could not open port 'COM16': FileNotFoundError(2, 'El sistema no puede encontrar el archivo especificado.', None, 2)")
OPEN FAILED: SerialException("could not open port 'COM16': FileNotFoundError(2, 'El sistema no puede encontrar el archivo especificado.', None, 2)")
OPEN FAILED: SerialException("could not open port 'COM16': FileNotFoundError(2, 'El sistema no puede encontrar el archivo especificado.', None, 2)")
OPEN FAILED: SerialException("could not open port 'COM16': FileNotFoundError(2, 'El sistema no puede encontrar el archivo especificado.', None, 2)")
OPEN FAILED: SerialException("could not open port 'COM16': FileNotFoundError(2, 'El sistema no puede encontrar el archivo especificado.', None, 2)")
OPEN FAILED: SerialException("could not open port 'COM16': FileNotFoundError(2, 'El sistema no puede encontrar el archivo especificado.', None, 2)")
OPEN FAILED: SerialException("could not open port 'COM16': FileNotFoundError(2, 'El sistema no puede encontrar el archivo especificado.', None, 2)")
OPEN FAILED: SerialException("could not open port 'COM16': FileNotFoundError(2, 'El sistema no puede encontrar el archivo especificado.', None, 2)")
OPEN FAILED: SerialException("could not open port 'COM16': FileNotFoundError(2, 'El sistema no puede encontrar el archivo especificado.', None, 2)")
OPEN FAILED: SerialException("could not open port 'COM16': FileNotFoundError(2, 'El sistema no puede encontrar el archivo especificado.', None, 2)")
OPEN FAILED: SerialException("could not open port 'COM16': FileNotFoundError(2, 'El sistema no puede encontrar el archivo especificado.', None, 2)")
OPEN FAILED: SerialException("could not open port 'COM16': FileNotFoundError(2, 'El sistema no puede encontrar el archivo especificado.', None, 2)")
OPEN FAILED: SerialException("could not open port 'COM16': FileNotFoundError(2, 'El sistema no puede encontrar el archivo especificado.', None, 2)")
OPEN FAILED: SerialException("could not open port 'COM16': FileNotFoundError(2, 'El sistema no puede encontrar el archivo especificado.', None, 2)")
OPEN FAILED: SerialException("could not open port 'COM16': FileNotFoundError(2, 'El sistema no puede encontrar el archivo especificado.', None, 2)")
OPEN FAILED: SerialException("could not open port 'COM16': FileNotFoundError(2, 'El sistema no puede encontrar el archivo especificado.', None, 2)")
OPEN FAILED: SerialException("could not open port 'COM16': FileNotFoundError(2, 'El sistema no puede encontrar el archivo especificado.', None, 2)")
OPEN FAILED: SerialException("could not open port 'COM16': FileNotFoundError(2, 'El sistema no puede encontrar el archivo especificado.', None, 2)")
OPEN FAILED: SerialException("could not open port 'COM16': FileNotFoundError(2, 'El sistema no puede encontrar el archivo especificado.', None, 2)")
OPEN FAILED: SerialException("could not open port 'COM16': FileNotFoundError(2, 'El sistema no puede encontrar el archivo especificado.', None, 2)")
OPEN FAILED: SerialException("could not open port 'COM16': FileNotFoundError(2, 'El sistema no puede encontrar el archivo especificado.', None, 2)")
OPEN FAILED: SerialException("could not open port 'COM16': FileNotFoundError(2, 'El sistema no puede encontrar el archivo especificado.', None, 2)")
OPEN FAILED: SerialException("could not open port 'COM16': FileNotFoundError(2, 'El sistema no puede encontrar el archivo especificado.', None, 2)")
OPEN FAILED: SerialException("could not open port 'COM16': FileNotFoundError(2, 'El sistema no puede encontrar el archivo especificado.', None, 2)")
OPEN FAILED: SerialException("could not open port 'COM16': FileNotFoundError(2, 'El sistema no puede encontrar el archivo especificado.', None, 2)")
OPEN FAILED: SerialException("could not open port 'COM16': FileNotFoundError(2, 'El sistema no puede encontrar el archivo especificado.', None, 2)")
OPEN FAILED: SerialException("could not open port 'COM16': FileNotFoundError(2, 'El sistema no puede encontrar el archivo especificado.', None, 2)")
OPEN FAILED: SerialException("could not open port 'COM16': FileNotFoundError(2, 'El sistema no puede encontrar el archivo especificado.', None, 2)")
OPEN FAILED: SerialException("could not open port 'COM16': FileNotFoundError(2, 'El sistema no puede encontrar el archivo especificado.', None, 2)")
OPEN FAILED: SerialException("could not open port 'COM16': FileNotFoundError(2, 'El sistema no puede encontrar el archivo especificado.', None, 2)")
OPEN FAILED: SerialException("could not open port 'COM16': FileNotFoundError(2, 'El sistema no puede encontrar el archivo especificado.', None, 2)")
OPEN FAILED: SerialException("could not open port 'COM16': FileNotFoundError(2, 'El sistema no puede encontrar el archivo especificado.', None, 2)")
OPEN FAILED: SerialException("could not open port 'COM16': FileNotFoundError(2, 'El sistema no puede encontrar el archivo especificado.', None, 2)")
OPEN FAILED: SerialException("could not open port 'COM16': FileNotFoundError(2, 'El sistema no puede encontrar el archivo especificado.', None, 2)")
OPEN FAILED: SerialException("could not open port 'COM16': FileNotFoundError(2, 'El sistema no puede encontrar el archivo especificado.', None, 2)")
OPEN FAILED: SerialException("could not open port 'COM16': FileNotFoundError(2, 'El sistema no puede encontrar el archivo especificado.', None, 2)")
OPEN FAILED: SerialException("could not open port 'COM16': FileNotFoundError(2, 'El sistema no puede encontrar el archivo especificado.', None, 2)")
OPEN FAILED: SerialException("could not open port 'COM16': FileNotFoundError(2, 'El sistema no puede encontrar el archivo especificado.', None, 2)")
OPEN FAILED: SerialException("could not open port 'COM16': FileNotFoundError(2, 'El sistema no puede encontrar el archivo especificado.', None, 2)")
OPEN FAILED: SerialException("could not open port 'COM16': FileNotFoundError(2, 'El sistema no puede encontrar el archivo especificado.', None, 2)")
OPEN FAILED: SerialException("could not open port 'COM16': FileNotFoundError(2, 'El sistema no puede encontrar el archivo especificado.', None, 2)")
OPEN FAILED: SerialException("could not open port 'COM16': FileNotFoundError(2, 'El sistema no puede encontrar el archivo especificado.', None, 2)")
OPEN FAILED: SerialException("could not open port 'COM16': FileNotFoundError(2, 'El sistema no puede encontrar el archivo especificado.', None, 2)")
OPEN FAILED: SerialException("could not open port 'COM16': FileNotFoundError(2, 'El sistema no puede encontrar el archivo especificado.', None, 2)")
OPEN FAILED: SerialException("could not open port 'COM16': FileNotFoundError(2, 'El sistema no puede encontrar el archivo especificado.', None, 2)")
OPEN FAILED: SerialException("could not open port 'COM16': FileNotFoundError(2, 'El sistema no puede encontrar el archivo especificado.', None, 2)")
OPEN FAILED: SerialException("could not open port 'COM16': FileNotFoundError(2, 'El sistema no puede encontrar el archivo especificado.', None, 2)")
OPEN FAILED: SerialException("could not open port 'COM16': FileNotFoundError(2, 'El sistema no puede encontrar el archivo especificado.', None, 2)")
OPEN FAILED: SerialException("could not open port 'COM16': FileNotFoundError(2, 'El sistema no puede encontrar el archivo especificado.', None, 2)")
OPEN FAILED: SerialException("could not open port 'COM16': FileNotFoundError(2, 'El sistema no puede encontrar el archivo especificado.', None, 2)")
OPEN FAILED: SerialException("could not open port 'COM16': FileNotFoundError(2, 'El sistema no puede encontrar el archivo especificado.', None, 2)")
OPEN FAILED: SerialException("could not open port 'COM16': FileNotFoundError(2, 'El sistema no puede encontrar el archivo especificado.', None, 2)")
OPEN FAILED: SerialException("could not open port 'COM16': FileNotFoundError(2, 'El sistema no puede encontrar el archivo especificado.', None, 2)")
OPEN FAILED: SerialException("could not open port 'COM16': FileNotFoundError(2, 'El sistema no puede encontrar el archivo especificado.', None, 2)")
OPEN FAILED: SerialException("could not open port 'COM16': FileNotFoundError(2, 'El sistema no puede encontrar el archivo especificado.', None, 2)")
OPEN FAILED: SerialException("could not open port 'COM16': FileNotFoundError(2, 'El sistema no puede encontrar el archivo especificado.', None, 2)")
OPEN FAILED: SerialException("could not open port 'COM16': FileNotFoundError(2, 'El sistema no puede encontrar el archivo especificado.', None, 2)")
OPEN FAILED: SerialException("could not open port 'COM16': FileNotFoundError(2, 'El sistema no puede encontrar el archivo especificado.', None, 2)")
OPEN FAILED: SerialException("could not open port 'COM16': FileNotFoundError(2, 'El sistema no puede encontrar el archivo especificado.', None, 2)")
OPEN FAILED: SerialException("could not open port 'COM16': FileNotFoundError(2, 'El sistema no puede encontrar el archivo especificado.', None, 2)")
OPEN FAILED: SerialException("could not open port 'COM16': FileNotFoundError(2, 'El sistema no puede encontrar el archivo especificado.', None, 2)")
OPEN FAILED: SerialException("could not open port 'COM16': FileNotFoundError(2, 'El sistema no puede encontrar el archivo especificado.', None, 2)")
OPEN FAILED: SerialException("could not open port 'COM16': FileNotFoundError(2, 'El sistema no puede encontrar el archivo especificado.', None, 2)")
OPEN FAILED: SerialException("could not open port 'COM16': FileNotFoundError(2, 'El sistema no puede encontrar el archivo especificado.', None, 2)")
OPEN FAILED: SerialException("could not open port 'COM16': FileNotFoundError(2, 'El sistema no puede encontrar el archivo especificado.', None, 2)")
OPEN FAILED: SerialException("could not open port 'COM16': FileNotFoundError(2, 'El sistema no puede encontrar el archivo especificado.', None, 2)")
OPEN FAILED: SerialException("could not open port 'COM16': FileNotFoundError(2, 'El sistema no puede encontrar el archivo especificado.', None, 2)")
OPEN FAILED: SerialException("could not open port 'COM16': FileNotFoundError(2, 'El sistema no puede encontrar el archivo especificado.', None, 2)")
OPEN FAILED: SerialException("could not open port 'COM16': FileNotFoundError(2, 'El sistema no puede encontrar el archivo especificado.', None, 2)")
OPEN FAILED: SerialException("could not open port 'COM16': FileNotFoundError(2, 'El sistema no puede encontrar el archivo especificado.', None, 2)")
OPEN FAILED: SerialException("could not open port 'COM16': FileNotFoundError(2, 'El sistema no puede encontrar el archivo especificado.', None, 2)")
OPEN FAILED: SerialException("could not open port 'COM16': FileNotFoundError(2, 'El sistema no puede encontrar el archivo especificado.', None, 2)")
OPEN FAILED: SerialException("could not open port 'COM16': FileNotFoundError(2, 'El sistema no puede encontrar el archivo especificado.', None, 2)")
OPEN FAILED: SerialException("could not open port 'COM16': FileNotFoundError(2, 'El sistema no puede encontrar el archivo especificado.', None, 2)")
OPEN FAILED: SerialException("could not open port 'COM16': FileNotFoundError(2, 'El sistema no puede encontrar el archivo especificado.', None, 2)")
OPEN FAILED: SerialException("could not open port 'COM16': FileNotFoundError(2, 'El sistema no puede encontrar el archivo especificado.', None, 2)")
OPEN FAILED: SerialException("could not open port 'COM16': FileNotFoundError(2, 'El sistema no puede encontrar el archivo especificado.', None, 2)")
OPEN FAILED: SerialException("could not open port 'COM16': FileNotFoundError(2, 'El sistema no puede encontrar el archivo especificado.', None, 2)")
OPEN FAILED: SerialException("could not open port 'COM16': FileNotFoundError(2, 'El sistema no puede encontrar el archivo especificado.', None, 2)")
OPEN FAILED: SerialException("could not open port 'COM16': FileNotFoundError(2, 'El sistema no puede encontrar el archivo especificado.', None, 2)")
OPEN FAILED: SerialException("could not open port 'COM16': FileNotFoundError(2, 'El sistema no puede encontrar el archivo especificado.', None, 2)")
OPEN FAILED: SerialException("could not open port 'COM16': FileNotFoundError(2, 'El sistema no puede encontrar el archivo especificado.', None, 2)")
OPEN FAILED: SerialException("could not open port 'COM16': FileNotFoundError(2, 'El sistema no puede encontrar el archivo especificado.', None, 2)")
OPEN FAILED: SerialException("could not open port 'COM16': FileNotFoundError(2, 'El sistema no puede encontrar el archivo especificado.', None, 2)")
OPEN FAILED: SerialException("could not open port 'COM16': FileNotFoundError(2, 'El sistema no puede encontrar el archivo especificado.', None, 2)")
OPEN FAILED: SerialException("could not open port 'COM16': FileNotFoundError(2, 'El sistema no puede encontrar el archivo especificado.', None, 2)")
OPEN FAILED: SerialException("could not open port 'COM16': FileNotFoundError(2, 'El sistema no puede encontrar el archivo especificado.', None, 2)")
OPEN FAILED: SerialException("could not open port 'COM16': FileNotFoundError(2, 'El sistema no puede encontrar el archivo especificado.', None, 2)")
OPEN FAILED: SerialException("could not open port 'COM16': FileNotFoundError(2, 'El sistema no puede encontrar el archivo especificado.', None, 2)")
OPEN FAILED: SerialException("could not open port 'COM16': FileNotFoundError(2, 'El sistema no puede encontrar el archivo especificado.', None, 2)")
OPEN FAILED: SerialException("could not open port 'COM16': FileNotFoundError(2, 'El sistema no puede encontrar el archivo especificado.', None, 2)")
=== COM16 abierto, capturando 120s (el open resetea la placa) ===
[   0.3s] Deep-sleep wake #154 (cause=4)
[   0.3s] Last reset reason: 8 = DEEPSLEEP
[   0.3s] Node address: 4 (Module B sees this as +RCV addr=4)
[   0.3s] Tick: sensor_read 3/3, lora_trans 4/4
[   0.3s] Boot #80 since last power loss
[   2.2s] 3V3: about to assert
[   2.2s] 3V3: asserted
[   2.8s] 3V3: settled
[   2.8s] 5V: about to assert (plain write)
[   2.8s] 5V: asserted
[   3.4s] 5V: settled
[   3.4s] LoRa: about to assert
[   3.4s] LoRa: asserted
[   3.4s] BMV080 EN: GPIO15 -> LOW
[   3.7s] rails up
[   3.7s] [PowerManager] enable3V3Sensors (stub - bench has no gating FET yet)
[   3.7s] --- I2C scan (after rails, before sensor init) ---
[   3.7s]   ACK at 0x57
[   3.7s]   ACK at 0x74
[   3.7s]   ACK at 0x76
[   3.7s] [bme probe right after scan] 0x76 (addr-probe=0) chip ID = 0x61 (0x61 = BME69x, CORRECT)
[   3.7s] [  4088][E][Wire.cpp:499] requestFrom(): i2cWriteReadNonStop returned Error -1
[   3.7s] [bme probe right after scan] 0x77 accepted the register write but returned no data
[   3.7s] Waiting 5000ms for BMV080 startup...
[   9.0s] [bme probe after BMV080 wait, before begin] 0x76 (addr-probe=0) chip ID = 0x61 (0x61 = BME69x, CORRECT)
[   9.0s] [  9096][E][Wire.cpp:499] requestFrom(): i2cWriteReadNonStop returned Error -1
[   9.0s] [bme probe after BMV080 wait, before begin] 0x77 accepted the register write but returned no data
[   9.0s] [step] bme690.begin ...
[   9.0s] BME690: OK (bound to 0x76)
[   9.0s] SEN0466: SKIPPED (210s settle - excluded from the sleeping cycle)
[   9.0s] [step] cm1106.begin (SWAPPED: now before bmv080) ...
[  11.8s] [step] cm1106.begin returned ...
[  11.8s] [step] bmv080.begin (SWAPPED: now after cm1106) ...
[  12.7s] BMV080: OK
[  12.7s] [step] calypso.begin next ...
[  12.7s] [step] calypso.begin returned - radio next ...
[  12.7s] Configuring RYLR998 (link parameters must match pp1-lora-receiver):
[  12.7s]   -> AT
[  12.7s]   <- +OK
[  12.7s]   -> AT+ADDRESS=4
[  12.7s]   <- +OK
[  12.7s]   -> AT+NETWORKID=5
[  12.7s]   <- +OK
[  12.7s]   -> AT+BAND=868000000
[  12.7s]   <- +OK
[  12.7s]   -> AT+PARAMETER=7,7,1,12
[  12.7s]   <- +OK
[  12.7s]   -> AT+CRFOP=14
[  12.7s]   <- +OK
[  12.7s] LoRa TX power -> 14 dBm: OK
[  12.7s] Radio init OK
[  12.7s] Setup complete.
[  12.7s] 
[  12.7s] [sentinel] bme=OK(T25.1 H46.2) co=NotInit(0.00)  (40ms)
[  12.7s] [store] reading 2/4 kept (tick 154)
[  14.3s] [tx] sensor rails off for the transmit
[  14.9s] TX [0..1/2] 114 bytes: B,2,25.1,46.2,944.4,7240,0.0,0.0,0.0,667,0.0,0.0,0,0.0,0,3;25.1,46.2,944.4,7240,0.0,0.0,0.0,667,0.0,0.0,0,0.0,0,0;  (sent)
[  14.9s] [downlink] from addr 2 (69 bytes, rssi -33, snr 13): CFG,temp_pre_off=48,temp_pre_on=50,temp_alarm_off=55,temp_alarm_on=60
READ FAILED after 15.2s: SerialException("ClearCommError failed (PermissionError(13, 'El dispositivo no reconoce el comando.', None, 22))")
=== fin ===
OPEN FAILED: SerialException("could not open port 'COM16': FileNotFoundError(2, 'El sistema no puede encontrar el archivo especificado.', None, 2)")
OPEN FAILED: SerialException("could not open port 'COM16': FileNotFoundError(2, 'El sistema no puede encontrar el archivo especificado.', None, 2)")
OPEN FAILED: SerialException("could not open port 'COM16': FileNotFoundError(2, 'El sistema no puede encontrar el archivo especificado.', None, 2)")
OPEN FAILED: SerialException("could not open port 'COM16': FileNotFoundError(2, 'El sistema no puede encontrar el archivo especificado.', None, 2)")
OPEN FAILED: SerialException("could not open port 'COM16': FileNotFoundError(2, 'El sistema no puede encontrar el archivo especificado.', None, 2)")
OPEN FAILED: SerialException("could not open port 'COM16': FileNotFoundError(2, 'El sistema no puede encontrar el archivo especificado.', None, 2)")
OPEN FAILED: SerialException("could not open port 'COM16': FileNotFoundError(2, 'El sistema no puede encontrar el archivo especificado.', None, 2)")
OPEN FAILED: SerialException("could not open port 'COM16': FileNotFoundError(2, 'El sistema no puede encontrar el archivo especificado.', None, 2)")
OPEN FAILED: SerialException("could not open port 'COM16': FileNotFoundError(2, 'El sistema no puede encontrar el archivo especificado.', None, 2)")
OPEN FAILED: SerialException("could not open port 'COM16': FileNotFoundError(2, 'El sistema no puede encontrar el archivo especificado.', None, 2)")
OPEN FAILED: SerialException("could not open port 'COM16': FileNotFoundError(2, 'El sistema no puede encontrar el archivo especificado.', None, 2)")
OPEN FAILED: SerialException("could not open port 'COM16': FileNotFoundError(2, 'El sistema no puede encontrar el archivo especificado.', None, 2)")
OPEN FAILED: SerialException("could not open port 'COM16': FileNotFoundError(2, 'El sistema no puede encontrar el archivo especificado.', None, 2)")
OPEN FAILED: SerialException("could not open port 'COM16': FileNotFoundError(2, 'El sistema no puede encontrar el archivo especificado.', None, 2)")
OPEN FAILED: SerialException("could not open port 'COM16': FileNotFoundError(2, 'El sistema no puede encontrar el archivo especificado.', None, 2)")
OPEN FAILED: SerialException("could not open port 'COM16': FileNotFoundError(2, 'El sistema no puede encontrar el archivo especificado.', None, 2)")
OPEN FAILED: SerialException("could not open port 'COM16': FileNotFoundError(2, 'El sistema no puede encontrar el archivo especificado.', None, 2)")
OPEN FAILED: SerialException("could not open port 'COM16': FileNotFoundError(2, 'El sistema no puede encontrar el archivo especificado.', None, 2)")
OPEN FAILED: SerialException("could not open port 'COM16': FileNotFoundError(2, 'El sistema no puede encontrar el archivo especificado.', None, 2)")
OPEN FAILED: SerialException("could not open port 'COM16': FileNotFoundError(2, 'El sistema no puede encontrar el archivo especificado.', None, 2)")
OPEN FAILED: SerialException("could not open port 'COM16': FileNotFoundError(2, 'El sistema no puede encontrar el archivo especificado.', None, 2)")
OPEN FAILED: SerialException("could not open port 'COM16': FileNotFoundError(2, 'El sistema no puede encontrar el archivo especificado.', None, 2)")
OPEN FAILED: SerialException("could not open port 'COM16': FileNotFoundError(2, 'El sistema no puede encontrar el archivo especificado.', None, 2)")
OPEN FAILED: SerialException("could not open port 'COM16': FileNotFoundError(2, 'El sistema no puede encontrar el archivo especificado.', None, 2)")
OPEN FAILED: SerialException("could not open port 'COM16': FileNotFoundError(2, 'El sistema no puede encontrar el archivo especificado.', None, 2)")
OPEN FAILED: SerialException("could not open port 'COM16': FileNotFoundError(2, 'El sistema no puede encontrar el archivo especificado.', None, 2)")
OPEN FAILED: SerialException("could not open port 'COM16': FileNotFoundError(2, 'El sistema no puede encontrar el archivo especificado.', None, 2)")
OPEN FAILED: SerialException("could not open port 'COM16': FileNotFoundError(2, 'El sistema no puede encontrar el archivo especificado.', None, 2)")
OPEN FAILED: SerialException("could not open port 'COM16': FileNotFoundError(2, 'El sistema no puede encontrar el archivo especificado.', None, 2)")
OPEN FAILED: SerialException("could not open port 'COM16': FileNotFoundError(2, 'El sistema no puede encontrar el archivo especificado.', None, 2)")
OPEN FAILED: SerialException("could not open port 'COM16': FileNotFoundError(2, 'El sistema no puede encontrar el archivo especificado.', None, 2)")
OPEN FAILED: SerialException("could not open port 'COM16': FileNotFoundError(2, 'El sistema no puede encontrar el archivo especificado.', None, 2)")
OPEN FAILED: SerialException("could not open port 'COM16': FileNotFoundError(2, 'El sistema no puede encontrar el archivo especificado.', None, 2)")
OPEN FAILED: SerialException("could not open port 'COM16': FileNotFoundError(2, 'El sistema no puede encontrar el archivo especificado.', None, 2)")
OPEN FAILED: SerialException("could not open port 'COM16': FileNotFoundError(2, 'El sistema no puede encontrar el archivo especificado.', None, 2)")
OPEN FAILED: SerialException("could not open port 'COM16': FileNotFoundError(2, 'El sistema no puede encontrar el archivo especificado.', None, 2)")
OPEN FAILED: SerialException("could not open port 'COM16': FileNotFoundError(2, 'El sistema no puede encontrar el archivo especificado.', None, 2)")
OPEN FAILED: SerialException("could not open port 'COM16': FileNotFoundError(2, 'El sistema no puede encontrar el archivo especificado.', None, 2)")
OPEN FAILED: SerialException("could not open port 'COM16': FileNotFoundError(2, 'El sistema no puede encontrar el archivo especificado.', None, 2)")
OPEN FAILED: SerialException("could not open port 'COM16': FileNotFoundError(2, 'El sistema no puede encontrar el archivo especificado.', None, 2)")
OPEN FAILED: SerialException("could not open port 'COM16': FileNotFoundError(2, 'El sistema no puede encontrar el archivo especificado.', None, 2)")
OPEN FAILED: SerialException("could not open port 'COM16': FileNotFoundError(2, 'El sistema no puede encontrar el archivo especificado.', None, 2)")
OPEN FAILED: SerialException("could not open port 'COM16': FileNotFoundError(2, 'El sistema no puede encontrar el archivo especificado.', None, 2)")
OPEN FAILED: SerialException("could not open port 'COM16': FileNotFoundError(2, 'El sistema no puede encontrar el archivo especificado.', None, 2)")
OPEN FAILED: SerialException("could not open port 'COM16': FileNotFoundError(2, 'El sistema no puede encontrar el archivo especificado.', None, 2)")
OPEN FAILED: SerialException("could not open port 'COM16': FileNotFoundError(2, 'El sistema no puede encontrar el archivo especificado.', None, 2)")
OPEN FAILED: SerialException("could not open port 'COM16': FileNotFoundError(2, 'El sistema no puede encontrar el archivo especificado.', None, 2)")
OPEN FAILED: SerialException("could not open port 'COM16': FileNotFoundError(2, 'El sistema no puede encontrar el archivo especificado.', None, 2)")
OPEN FAILED: SerialException("could not open port 'COM16': FileNotFoundError(2, 'El sistema no puede encontrar el archivo especificado.', None, 2)")
OPEN FAILED: SerialException("could not open port 'COM16': FileNotFoundError(2, 'El sistema no puede encontrar el archivo especificado.', None, 2)")
OPEN FAILED: SerialException("could not open port 'COM16': FileNotFoundError(2, 'El sistema no puede encontrar el archivo especificado.', None, 2)")
OPEN FAILED: SerialException("could not open port 'COM16': FileNotFoundError(2, 'El sistema no puede encontrar el archivo especificado.', None, 2)")
OPEN FAILED: SerialException("could not open port 'COM16': FileNotFoundError(2, 'El sistema no puede encontrar el archivo especificado.', None, 2)")
OPEN FAILED: SerialException("could not open port 'COM16': FileNotFoundError(2, 'El sistema no puede encontrar el archivo especificado.', None, 2)")
OPEN FAILED: SerialException("could not open port 'COM16': FileNotFoundError(2, 'El sistema no puede encontrar el archivo especificado.', None, 2)")
OPEN FAILED: SerialException("could not open port 'COM16': FileNotFoundError(2, 'El sistema no puede encontrar el archivo especificado.', None, 2)")
OPEN FAILED: SerialException("could not open port 'COM16': FileNotFoundError(2, 'El sistema no puede encontrar el archivo especificado.', None, 2)")
OPEN FAILED: SerialException("could not open port 'COM16': FileNotFoundError(2, 'El sistema no puede encontrar el archivo especificado.', None, 2)")
OPEN FAILED: SerialException("could not open port 'COM16': FileNotFoundError(2, 'El sistema no puede encontrar el archivo especificado.', None, 2)")
OPEN FAILED: SerialException("could not open port 'COM16': FileNotFoundError(2, 'El sistema no puede encontrar el archivo especificado.', None, 2)")
OPEN FAILED: SerialException("could not open port 'COM16': FileNotFoundError(2, 'El sistema no puede encontrar el archivo especificado.', None, 2)")
OPEN FAILED: SerialException("could not open port 'COM16': FileNotFoundError(2, 'El sistema no puede encontrar el archivo especificado.', None, 2)")
OPEN FAILED: SerialException("could not open port 'COM16': FileNotFoundError(2, 'El sistema no puede encontrar el archivo especificado.', None, 2)")
OPEN FAILED: SerialException("could not open port 'COM16': FileNotFoundError(2, 'El sistema no puede encontrar el archivo especificado.', None, 2)")
OPEN FAILED: SerialException("could not open port 'COM16': FileNotFoundError(2, 'El sistema no puede encontrar el archivo especificado.', None, 2)")
OPEN FAILED: SerialException("could not open port 'COM16': FileNotFoundError(2, 'El sistema no puede encontrar el archivo especificado.', None, 2)")
OPEN FAILED: SerialException("could not open port 'COM16': FileNotFoundError(2, 'El sistema no puede encontrar el archivo especificado.', None, 2)")
OPEN FAILED: SerialException("could not open port 'COM16': FileNotFoundError(2, 'El sistema no puede encontrar el archivo especificado.', None, 2)")
OPEN FAILED: SerialException("could not open port 'COM16': FileNotFoundError(2, 'El sistema no puede encontrar el archivo especificado.', None, 2)")
OPEN FAILED: SerialException("could not open port 'COM16': FileNotFoundError(2, 'El sistema no puede encontrar el archivo especificado.', None, 2)")
OPEN FAILED: SerialException("could not open port 'COM16': FileNotFoundError(2, 'El sistema no puede encontrar el archivo especificado.', None, 2)")
OPEN FAILED: SerialException("could not open port 'COM16': FileNotFoundError(2, 'El sistema no puede encontrar el archivo especificado.', None, 2)")
OPEN FAILED: SerialException("could not open port 'COM16': FileNotFoundError(2, 'El sistema no puede encontrar el archivo especificado.', None, 2)")
OPEN FAILED: SerialException("could not open port 'COM16': FileNotFoundError(2, 'El sistema no puede encontrar el archivo especificado.', None, 2)")
OPEN FAILED: SerialException("could not open port 'COM16': FileNotFoundError(2, 'El sistema no puede encontrar el archivo especificado.', None, 2)")
OPEN FAILED: SerialException("could not open port 'COM16': FileNotFoundError(2, 'El sistema no puede encontrar el archivo especificado.', None, 2)")
OPEN FAILED: SerialException("could not open port 'COM16': FileNotFoundError(2, 'El sistema no puede encontrar el archivo especificado.', None, 2)")
OPEN FAILED: SerialException("could not open port 'COM16': FileNotFoundError(2, 'El sistema no puede encontrar el archivo especificado.', None, 2)")
OPEN FAILED: SerialException("could not open port 'COM16': FileNotFoundError(2, 'El sistema no puede encontrar el archivo especificado.', None, 2)")
OPEN FAILED: SerialException("could not open port 'COM16': FileNotFoundError(2, 'El sistema no puede encontrar el archivo especificado.', None, 2)")
OPEN FAILED: SerialException("could not open port 'COM16': FileNotFoundError(2, 'El sistema no puede encontrar el archivo especificado.', None, 2)")
OPEN FAILED: SerialException("could not open port 'COM16': FileNotFoundError(2, 'El sistema no puede encontrar el archivo especificado.', None, 2)")
OPEN FAILED: SerialException("could not open port 'COM16': FileNotFoundError(2, 'El sistema no puede encontrar el archivo especificado.', None, 2)")
OPEN FAILED: SerialException("could not open port 'COM16': FileNotFoundError(2, 'El sistema no puede encontrar el archivo especificado.', None, 2)")
OPEN FAILED: SerialException("could not open port 'COM16': FileNotFoundError(2, 'El sistema no puede encontrar el archivo especificado.', None, 2)")
OPEN FAILED: SerialException("could not open port 'COM16': FileNotFoundError(2, 'El sistema no puede encontrar el archivo especificado.', None, 2)")
OPEN FAILED: SerialException("could not open port 'COM16': FileNotFoundError(2, 'El sistema no puede encontrar el archivo especificado.', None, 2)")
OPEN FAILED: SerialException("could not open port 'COM16': FileNotFoundError(2, 'El sistema no puede encontrar el archivo especificado.', None, 2)")
OPEN FAILED: SerialException("could not open port 'COM16': FileNotFoundError(2, 'El sistema no puede encontrar el archivo especificado.', None, 2)")
OPEN FAILED: SerialException("could not open port 'COM16': FileNotFoundError(2, 'El sistema no puede encontrar el archivo especificado.', None, 2)")
OPEN FAILED: SerialException("could not open port 'COM16': FileNotFoundError(2, 'El sistema no puede encontrar el archivo especificado.', None, 2)")
OPEN FAILED: SerialException("could not open port 'COM16': FileNotFoundError(2, 'El sistema no puede encontrar el archivo especificado.', None, 2)")
OPEN FAILED: SerialException("could not open port 'COM16': FileNotFoundError(2, 'El sistema no puede encontrar el archivo especificado.', None, 2)")
OPEN FAILED: SerialException("could not open port 'COM16': FileNotFoundError(2, 'El sistema no puede encontrar el archivo especificado.', None, 2)")
OPEN FAILED: SerialException("could not open port 'COM16': FileNotFoundError(2, 'El sistema no puede encontrar el archivo especificado.', None, 2)")
OPEN FAILED: SerialException("could not open port 'COM16': FileNotFoundError(2, 'El sistema no puede encontrar el archivo especificado.', None, 2)")
OPEN FAILED: SerialException("could not open port 'COM16': FileNotFoundError(2, 'El sistema no puede encontrar el archivo especificado.', None, 2)")
OPEN FAILED: SerialException("could not open port 'COM16': FileNotFoundError(2, 'El sistema no puede encontrar el archivo especificado.', None, 2)")
OPEN FAILED: SerialException("could not open port 'COM16': FileNotFoundError(2, 'El sistema no puede encontrar el archivo especificado.', None, 2)")
OPEN FAILED: SerialException("could not open port 'COM16': FileNotFoundError(2, 'El sistema no puede encontrar el archivo especificado.', None, 2)")
OPEN FAILED: SerialException("could not open port 'COM16': FileNotFoundError(2, 'El sistema no puede encontrar el archivo especificado.', None, 2)")
OPEN FAILED: SerialException("could not open port 'COM16': FileNotFoundError(2, 'El sistema no puede encontrar el archivo especificado.', None, 2)")
OPEN FAILED: SerialException("could not open port 'COM16': FileNotFoundError(2, 'El sistema no puede encontrar el archivo especificado.', None, 2)")
OPEN FAILED: SerialException("could not open port 'COM16': FileNotFoundError(2, 'El sistema no puede encontrar el archivo especificado.', None, 2)")
OPEN FAILED: SerialException("could not open port 'COM16': FileNotFoundError(2, 'El sistema no puede encontrar el archivo especificado.', None, 2)")
OPEN FAILED: SerialException("could not open port 'COM16': FileNotFoundError(2, 'El sistema no puede encontrar el archivo especificado.', None, 2)")
OPEN FAILED: SerialException("could not open port 'COM16': FileNotFoundError(2, 'El sistema no puede encontrar el archivo especificado.', None, 2)")
OPEN FAILED: SerialException("could not open port 'COM16': FileNotFoundError(2, 'El sistema no puede encontrar el archivo especificado.', None, 2)")
OPEN FAILED: SerialException("could not open port 'COM16': FileNotFoundError(2, 'El sistema no puede encontrar el archivo especificado.', None, 2)")
OPEN FAILED: SerialException("could not open port 'COM16': FileNotFoundError(2, 'El sistema no puede encontrar el archivo especificado.', None, 2)")
OPEN FAILED: SerialException("could not open port 'COM16': FileNotFoundError(2, 'El sistema no puede encontrar el archivo especificado.', None, 2)")
OPEN FAILED: SerialException("could not open port 'COM16': FileNotFoundError(2, 'El sistema no puede encontrar el archivo especificado.', None, 2)")
OPEN FAILED: SerialException("could not open port 'COM16': FileNotFoundError(2, 'El sistema no puede encontrar el archivo especificado.', None, 2)")
OPEN FAILED: SerialException("could not open port 'COM16': FileNotFoundError(2, 'El sistema no puede encontrar el archivo especificado.', None, 2)")
=== COM16 abierto, capturando 120s (el open resetea la placa) ===
READ FAILED after 0.2s: SerialException("ClearCommError failed (PermissionError(13, 'El dispositivo no reconoce el comando.', None, 22))")
=== fin ===
OPEN FAILED: SerialException("could not open port 'COM16': FileNotFoundError(2, 'El sistema no puede encontrar el archivo especificado.', None, 2)")
OPEN FAILED: SerialException("could not open port 'COM16': FileNotFoundError(2, 'El sistema no puede encontrar el archivo especificado.', None, 2)")
OPEN FAILED: SerialException("could not open port 'COM16': FileNotFoundError(2, 'El sistema no puede encontrar el archivo especificado.', None, 2)")
OPEN FAILED: SerialException("could not open port 'COM16': FileNotFoundError(2, 'El sistema no puede encontrar el archivo especificado.', None, 2)")
OPEN FAILED: SerialException("could not open port 'COM16': FileNotFoundError(2, 'El sistema no puede encontrar el archivo especificado.', None, 2)")
OPEN FAILED: SerialException("could not open port 'COM16': FileNotFoundError(2, 'El sistema no puede encontrar el archivo especificado.', None, 2)")
OPEN FAILED: SerialException("could not open port 'COM16': FileNotFoundError(2, 'El sistema no puede encontrar el archivo especificado.', None, 2)")
OPEN FAILED: SerialException("could not open port 'COM16': FileNotFoundError(2, 'El sistema no puede encontrar el archivo especificado.', None, 2)")
OPEN FAILED: SerialException("could not open port 'COM16': FileNotFoundError(2, 'El sistema no puede encontrar el archivo especificado.', None, 2)")
OPEN FAILED: SerialException("could not open port 'COM16': FileNotFoundError(2, 'El sistema no puede encontrar el archivo especificado.', None, 2)")
OPEN FAILED: SerialException("could not open port 'COM16': FileNotFoundError(2, 'El sistema no puede encontrar el archivo especificado.', None, 2)")
OPEN FAILED: SerialException("could not open port 'COM16': FileNotFoundError(2, 'El sistema no puede encontrar el archivo especificado.', None, 2)")
OPEN FAILED: SerialException("could not open port 'COM16': FileNotFoundError(2, 'El sistema no puede encontrar el archivo especificado.', None, 2)")
OPEN FAILED: SerialException("could not open port 'COM16': FileNotFoundError(2, 'El sistema no puede encontrar el archivo especificado.', None, 2)")
OPEN FAILED: SerialException("could not open port 'COM16': FileNotFoundError(2, 'El sistema no puede encontrar el archivo especificado.', None, 2)")
OPEN FAILED: SerialException("could not open port 'COM16': FileNotFoundError(2, 'El sistema no puede encontrar el archivo especificado.', None, 2)")
OPEN FAILED: SerialException("could not open port 'COM16': FileNotFoundError(2, 'El sistema no puede encontrar el archivo especificado.', None, 2)")
OPEN FAILED: SerialException("could not open port 'COM16': FileNotFoundError(2, 'El sistema no puede encontrar el archivo especificado.', None, 2)")
OPEN FAILED: SerialException("could not open port 'COM16': FileNotFoundError(2, 'El sistema no puede encontrar el archivo especificado.', None, 2)")
OPEN FAILED: SerialException("could not open port 'COM16': FileNotFoundError(2, 'El sistema no puede encontrar el archivo especificado.', None, 2)")
OPEN FAILED: SerialException("could not open port 'COM16': FileNotFoundError(2, 'El sistema no puede encontrar el archivo especificado.', None, 2)")
OPEN FAILED: SerialException("could not open port 'COM16': FileNotFoundError(2, 'El sistema no puede encontrar el archivo especificado.', None, 2)")
OPEN FAILED: SerialException("could not open port 'COM16': FileNotFoundError(2, 'El sistema no puede encontrar el archivo especificado.', None, 2)")
OPEN FAILED: SerialException("could not open port 'COM16': FileNotFoundError(2, 'El sistema no puede encontrar el archivo especificado.', None, 2)")
OPEN FAILED: SerialException("could not open port 'COM16': FileNotFoundError(2, 'El sistema no puede encontrar el archivo especificado.', None, 2)")
OPEN FAILED: SerialException("could not open port 'COM16': FileNotFoundError(2, 'El sistema no puede encontrar el archivo especificado.', None, 2)")
OPEN FAILED: SerialException("could not open port 'COM16': FileNotFoundError(2, 'El sistema no puede encontrar el archivo especificado.', None, 2)")
OPEN FAILED: SerialException("could not open port 'COM16': FileNotFoundError(2, 'El sistema no puede encontrar el archivo especificado.', None, 2)")
OPEN FAILED: SerialException("could not open port 'COM16': FileNotFoundError(2, 'El sistema no puede encontrar el archivo especificado.', None, 2)")
OPEN FAILED: SerialException("could not open port 'COM16': FileNotFoundError(2, 'El sistema no puede encontrar el archivo especificado.', None, 2)")
OPEN FAILED: SerialException("could not open port 'COM16': FileNotFoundError(2, 'El sistema no puede encontrar el archivo especificado.', None, 2)")
OPEN FAILED: SerialException("could not open port 'COM16': FileNotFoundError(2, 'El sistema no puede encontrar el archivo especificado.', None, 2)")
OPEN FAILED: SerialException("could not open port 'COM16': FileNotFoundError(2, 'El sistema no puede encontrar el archivo especificado.', None, 2)")
OPEN FAILED: SerialException("could not open port 'COM16': FileNotFoundError(2, 'El sistema no puede encontrar el archivo especificado.', None, 2)")
OPEN FAILED: SerialException("could not open port 'COM16': FileNotFoundError(2, 'El sistema no puede encontrar el archivo especificado.', None, 2)")
OPEN FAILED: SerialException("could not open port 'COM16': FileNotFoundError(2, 'El sistema no puede encontrar el archivo especificado.', None, 2)")
OPEN FAILED: SerialException("could not open port 'COM16': FileNotFoundError(2, 'El sistema no puede encontrar el archivo especificado.', None, 2)")
OPEN FAILED: SerialException("could not open port 'COM16': FileNotFoundError(2, 'El sistema no puede encontrar el archivo especificado.', None, 2)")
OPEN FAILED: SerialException("could not open port 'COM16': FileNotFoundError(2, 'El sistema no puede encontrar el archivo especificado.', None, 2)")
OPEN FAILED: SerialException("could not open port 'COM16': FileNotFoundError(2, 'El sistema no puede encontrar el archivo especificado.', None, 2)")
OPEN FAILED: SerialException("could not open port 'COM16': FileNotFoundError(2, 'El sistema no puede encontrar el archivo especificado.', None, 2)")
OPEN FAILED: SerialException("could not open port 'COM16': FileNotFoundError(2, 'El sistema no puede encontrar el archivo especificado.', None, 2)")
OPEN FAILED: SerialException("could not open port 'COM16': FileNotFoundError(2, 'El sistema no puede encontrar el archivo especificado.', None, 2)")
OPEN FAILED: SerialException("could not open port 'COM16': FileNotFoundError(2, 'El sistema no puede encontrar el archivo especificado.', None, 2)")
OPEN FAILED: SerialException("could not open port 'COM16': FileNotFoundError(2, 'El sistema no puede encontrar el archivo especificado.', None, 2)")
OPEN FAILED: SerialException("could not open port 'COM16': FileNotFoundError(2, 'El sistema no puede encontrar el archivo especificado.', None, 2)")
OPEN FAILED: SerialException("could not open port 'COM16': FileNotFoundError(2, 'El sistema no puede encontrar el archivo especificado.', None, 2)")
OPEN FAILED: SerialException("could not open port 'COM16': FileNotFoundError(2, 'El sistema no puede encontrar el archivo especificado.', None, 2)")
OPEN FAILED: SerialException("could not open port 'COM16': FileNotFoundError(2, 'El sistema no puede encontrar el archivo especificado.', None, 2)")
OPEN FAILED: SerialException("could not open port 'COM16': FileNotFoundError(2, 'El sistema no puede encontrar el archivo especificado.', None, 2)")
OPEN FAILED: SerialException("could not open port 'COM16': FileNotFoundError(2, 'El sistema no puede encontrar el archivo especificado.', None, 2)")
OPEN FAILED: SerialException("could not open port 'COM16': FileNotFoundError(2, 'El sistema no puede encontrar el archivo especificado.', None, 2)")
OPEN FAILED: SerialException("could not open port 'COM16': FileNotFoundError(2, 'El sistema no puede encontrar el archivo especificado.', None, 2)")
OPEN FAILED: SerialException("could not open port 'COM16': FileNotFoundError(2, 'El sistema no puede encontrar el archivo especificado.', None, 2)")
OPEN FAILED: SerialException("could not open port 'COM16': FileNotFoundError(2, 'El sistema no puede encontrar el archivo especificado.', None, 2)")
OPEN FAILED: SerialException("could not open port 'COM16': FileNotFoundError(2, 'El sistema no puede encontrar el archivo especificado.', None, 2)")
OPEN FAILED: SerialException("could not open port 'COM16': FileNotFoundError(2, 'El sistema no puede encontrar el archivo especificado.', None, 2)")
OPEN FAILED: SerialException("could not open port 'COM16': FileNotFoundError(2, 'El sistema no puede encontrar el archivo especificado.', None, 2)")
OPEN FAILED: SerialException("could not open port 'COM16': FileNotFoundError(2, 'El sistema no puede encontrar el archivo especificado.', None, 2)")
OPEN FAILED: SerialException("could not open port 'COM16': FileNotFoundError(2, 'El sistema no puede encontrar el archivo especificado.', None, 2)")
OPEN FAILED: SerialException("could not open port 'COM16': FileNotFoundError(2, 'El sistema no puede encontrar el archivo especificado.', None, 2)")
OPEN FAILED: SerialException("could not open port 'COM16': FileNotFoundError(2, 'El sistema no puede encontrar el archivo especificado.', None, 2)")
OPEN FAILED: SerialException("could not open port 'COM16': FileNotFoundError(2, 'El sistema no puede encontrar el archivo especificado.', None, 2)")
OPEN FAILED: SerialException("could not open port 'COM16': FileNotFoundError(2, 'El sistema no puede encontrar el archivo especificado.', None, 2)")
OPEN FAILED: SerialException("could not open port 'COM16': FileNotFoundError(2, 'El sistema no puede encontrar el archivo especificado.', None, 2)")
OPEN FAILED: SerialException("could not open port 'COM16': FileNotFoundError(2, 'El sistema no puede encontrar el archivo especificado.', None, 2)")
OPEN FAILED: SerialException("could not open port 'COM16': FileNotFoundError(2, 'El sistema no puede encontrar el archivo especificado.', None, 2)")
OPEN FAILED: SerialException("could not open port 'COM16': FileNotFoundError(2, 'El sistema no puede encontrar el archivo especificado.', None, 2)")
OPEN FAILED: SerialException("could not open port 'COM16': FileNotFoundError(2, 'El sistema no puede encontrar el archivo especificado.', None, 2)")
OPEN FAILED: SerialException("could not open port 'COM16': FileNotFoundError(2, 'El sistema no puede encontrar el archivo especificado.', None, 2)")
OPEN FAILED: SerialException("could not open port 'COM16': FileNotFoundError(2, 'El sistema no puede encontrar el archivo especificado.', None, 2)")
OPEN FAILED: SerialException("could not open port 'COM16': FileNotFoundError(2, 'El sistema no puede encontrar el archivo especificado.', None, 2)")
OPEN FAILED: SerialException("could not open port 'COM16': FileNotFoundError(2, 'El sistema no puede encontrar el archivo especificado.', None, 2)")
OPEN FAILED: SerialException("could not open port 'COM16': FileNotFoundError(2, 'El sistema no puede encontrar el archivo especificado.', None, 2)")
OPEN FAILED: SerialException("could not open port 'COM16': FileNotFoundError(2, 'El sistema no puede encontrar el archivo especificado.', None, 2)")
OPEN FAILED: SerialException("could not open port 'COM16': FileNotFoundError(2, 'El sistema no puede encontrar el archivo especificado.', None, 2)")
OPEN FAILED: SerialException("could not open port 'COM16': FileNotFoundError(2, 'El sistema no puede encontrar el archivo especificado.', None, 2)")
OPEN FAILED: SerialException("could not open port 'COM16': FileNotFoundError(2, 'El sistema no puede encontrar el archivo especificado.', None, 2)")
OPEN FAILED: SerialException("could not open port 'COM16': FileNotFoundError(2, 'El sistema no puede encontrar el archivo especificado.', None, 2)")
OPEN FAILED: SerialException("could not open port 'COM16': FileNotFoundError(2, 'El sistema no puede encontrar el archivo especificado.', None, 2)")
OPEN FAILED: SerialException("could not open port 'COM16': FileNotFoundError(2, 'El sistema no puede encontrar el archivo especificado.', None, 2)")
OPEN FAILED: SerialException("could not open port 'COM16': FileNotFoundError(2, 'El sistema no puede encontrar el archivo especificado.', None, 2)")
OPEN FAILED: SerialException("could not open port 'COM16': FileNotFoundError(2, 'El sistema no puede encontrar el archivo especificado.', None, 2)")
OPEN FAILED: SerialException("could not open port 'COM16': FileNotFoundError(2, 'El sistema no puede encontrar el archivo especificado.', None, 2)")
OPEN FAILED: SerialException("could not open port 'COM16': FileNotFoundError(2, 'El sistema no puede encontrar el archivo especificado.', None, 2)")
OPEN FAILED: SerialException("could not open port 'COM16': FileNotFoundError(2, 'El sistema no puede encontrar el archivo especificado.', None, 2)")
OPEN FAILED: SerialException("could not open port 'COM16': FileNotFoundError(2, 'El sistema no puede encontrar el archivo especificado.', None, 2)")
OPEN FAILED: SerialException("could not open port 'COM16': FileNotFoundError(2, 'El sistema no puede encontrar el archivo especificado.', None, 2)")
OPEN FAILED: SerialException("could not open port 'COM16': FileNotFoundError(2, 'El sistema no puede encontrar el archivo especificado.', None, 2)")
OPEN FAILED: SerialException("could not open port 'COM16': FileNotFoundError(2, 'El sistema no puede encontrar el archivo especificado.', None, 2)")
OPEN FAILED: SerialException("could not open port 'COM16': FileNotFoundError(2, 'El sistema no puede encontrar el archivo especificado.', None, 2)")
OPEN FAILED: SerialException("could not open port 'COM16': FileNotFoundError(2, 'El sistema no puede encontrar el archivo especificado.', None, 2)")
OPEN FAILED: SerialException("could not open port 'COM16': FileNotFoundError(2, 'El sistema no puede encontrar el archivo especificado.', None, 2)")
OPEN FAILED: SerialException("could not open port 'COM16': FileNotFoundError(2, 'El sistema no puede encontrar el archivo especificado.', None, 2)")
OPEN FAILED: SerialException("could not open port 'COM16': FileNotFoundError(2, 'El sistema no puede encontrar el archivo especificado.', None, 2)")
OPEN FAILED: SerialException("could not open port 'COM16': FileNotFoundError(2, 'El sistema no puede encontrar el archivo especificado.', None, 2)")
OPEN FAILED: SerialException("could not open port 'COM16': FileNotFoundError(2, 'El sistema no puede encontrar el archivo especificado.', None, 2)")
OPEN FAILED: SerialException("could not open port 'COM16': FileNotFoundError(2, 'El sistema no puede encontrar el archivo especificado.', None, 2)")
OPEN FAILED: SerialException("could not open port 'COM16': FileNotFoundError(2, 'El sistema no puede encontrar el archivo especificado.', None, 2)")
OPEN FAILED: SerialException("could not open port 'COM16': FileNotFoundError(2, 'El sistema no puede encontrar el archivo especificado.', None, 2)")
OPEN FAILED: SerialException("could not open port 'COM16': FileNotFoundError(2, 'El sistema no puede encontrar el archivo especificado.', None, 2)")
OPEN FAILED: SerialException("could not open port 'COM16': FileNotFoundError(2, 'El sistema no puede encontrar el archivo especificado.', None, 2)")
OPEN FAILED: SerialException("could not open port 'COM16': FileNotFoundError(2, 'El sistema no puede encontrar el archivo especificado.', None, 2)")
OPEN FAILED: SerialException("could not open port 'COM16': FileNotFoundError(2, 'El sistema no puede encontrar el archivo especificado.', None, 2)")
OPEN FAILED: SerialException("could not open port 'COM16': FileNotFoundError(2, 'El sistema no puede encontrar el archivo especificado.', None, 2)")
OPEN FAILED: SerialException("could not open port 'COM16': FileNotFoundError(2, 'El sistema no puede encontrar el archivo especificado.', None, 2)")
OPEN FAILED: SerialException("could not open port 'COM16': FileNotFoundError(2, 'El sistema no puede encontrar el archivo especificado.', None, 2)")
OPEN FAILED: SerialException("could not open port 'COM16': FileNotFoundError(2, 'El sistema no puede encontrar el archivo especificado.', None, 2)")
OPEN FAILED: SerialException("could not open port 'COM16': FileNotFoundError(2, 'El sistema no puede encontrar el archivo especificado.', None, 2)")
OPEN FAILED: SerialException("could not open port 'COM16': FileNotFoundError(2, 'El sistema no puede encontrar el archivo especificado.', None, 2)")
OPEN FAILED: SerialException("could not open port 'COM16': FileNotFoundError(2, 'El sistema no puede encontrar el archivo especificado.', None, 2)")
=== COM16 abierto, capturando 120s (el open resetea la placa) ===
READ FAILED after 0.3s: SerialException("ClearCommError failed (PermissionError(13, 'El dispositivo no reconoce el comando.', None, 22))")
=== fin ===
OPEN FAILED: SerialException("could not open port 'COM16': FileNotFoundError(2, 'El sistema no puede encontrar el archivo especificado.', None, 2)")
OPEN FAILED: SerialException("could not open port 'COM16': FileNotFoundError(2, 'El sistema no puede encontrar el archivo especificado.', None, 2)")
OPEN FAILED: SerialException("could not open port 'COM16': FileNotFoundError(2, 'El sistema no puede encontrar el archivo especificado.', None, 2)")
OPEN FAILED: SerialException("could not open port 'COM16': FileNotFoundError(2, 'El sistema no puede encontrar el archivo especificado.', None, 2)")
OPEN FAILED: SerialException("could not open port 'COM16': FileNotFoundError(2, 'El sistema no puede encontrar el archivo especificado.', None, 2)")
OPEN FAILED: SerialException("could not open port 'COM16': FileNotFoundError(2, 'El sistema no puede encontrar el archivo especificado.', None, 2)")
OPEN FAILED: SerialException("could not open port 'COM16': FileNotFoundError(2, 'El sistema no puede encontrar el archivo especificado.', None, 2)")
OPEN FAILED: SerialException("could not open port 'COM16': FileNotFoundError(2, 'El sistema no puede encontrar el archivo especificado.', None, 2)")
OPEN FAILED: SerialException("could not open port 'COM16': FileNotFoundError(2, 'El sistema no puede encontrar el archivo especificado.', None, 2)")
OPEN FAILED: SerialException("could not open port 'COM16': FileNotFoundError(2, 'El sistema no puede encontrar el archivo especificado.', None, 2)")
OPEN FAILED: SerialException("could not open port 'COM16': FileNotFoundError(2, 'El sistema no puede encontrar el archivo especificado.', None, 2)")
OPEN FAILED: SerialException("could not open port 'COM16': FileNotFoundError(2, 'El sistema no puede encontrar el archivo especificado.', None, 2)")
OPEN FAILED: SerialException("could not open port 'COM16': FileNotFoundError(2, 'El sistema no puede encontrar el archivo especificado.', None, 2)")
OPEN FAILED: SerialException("could not open port 'COM16': FileNotFoundError(2, 'El sistema no puede encontrar el archivo especificado.', None, 2)")
OPEN FAILED: SerialException("could not open port 'COM16': FileNotFoundError(2, 'El sistema no puede encontrar el archivo especificado.', None, 2)")
OPEN FAILED: SerialException("could not open port 'COM16': FileNotFoundError(2, 'El sistema no puede encontrar el archivo especificado.', None, 2)")
OPEN FAILED: SerialException("could not open port 'COM16': FileNotFoundError(2, 'El sistema no puede encontrar el archivo especificado.', None, 2)")
OPEN FAILED: SerialException("could not open port 'COM16': FileNotFoundError(2, 'El sistema no puede encontrar el archivo especificado.', None, 2)")
OPEN FAILED: SerialException("could not open port 'COM16': FileNotFoundError(2, 'El sistema no puede encontrar el archivo especificado.', None, 2)")
OPEN FAILED: SerialException("could not open port 'COM16': FileNotFoundError(2, 'El sistema no puede encontrar el archivo especificado.', None, 2)")
OPEN FAILED: SerialException("could not open port 'COM16': FileNotFoundError(2, 'El sistema no puede encontrar el archivo especificado.', None, 2)")
OPEN FAILED: SerialException("could not open port 'COM16': FileNotFoundError(2, 'El sistema no puede encontrar el archivo especificado.', None, 2)")
OPEN FAILED: SerialException("could not open port 'COM16': FileNotFoundError(2, 'El sistema no puede encontrar el archivo especificado.', None, 2)")
OPEN FAILED: SerialException("could not open port 'COM16': FileNotFoundError(2, 'El sistema no puede encontrar el archivo especificado.', None, 2)")
OPEN FAILED: SerialException("could not open port 'COM16': FileNotFoundError(2, 'El sistema no puede encontrar el archivo especificado.', None, 2)")
OPEN FAILED: SerialException("could not open port 'COM16': FileNotFoundError(2, 'El sistema no puede encontrar el archivo especificado.', None, 2)")
OPEN FAILED: SerialException("could not open port 'COM16': FileNotFoundError(2, 'El sistema no puede encontrar el archivo especificado.', None, 2)")
OPEN FAILED: SerialException("could not open port 'COM16': FileNotFoundError(2, 'El sistema no puede encontrar el archivo especificado.', None, 2)")
OPEN FAILED: SerialException("could not open port 'COM16': FileNotFoundError(2, 'El sistema no puede encontrar el archivo especificado.', None, 2)")
OPEN FAILED: SerialException("could not open port 'COM16': FileNotFoundError(2, 'El sistema no puede encontrar el archivo especificado.', None, 2)")
OPEN FAILED: SerialException("could not open port 'COM16': FileNotFoundError(2, 'El sistema no puede encontrar el archivo especificado.', None, 2)")
OPEN FAILED: SerialException("could not open port 'COM16': FileNotFoundError(2, 'El sistema no puede encontrar el archivo especificado.', None, 2)")
OPEN FAILED: SerialException("could not open port 'COM16': FileNotFoundError(2, 'El sistema no puede encontrar el archivo especificado.', None, 2)")
OPEN FAILED: SerialException("could not open port 'COM16': FileNotFoundError(2, 'El sistema no puede encontrar el archivo especificado.', None, 2)")
OPEN FAILED: SerialException("could not open port 'COM16': FileNotFoundError(2, 'El sistema no puede encontrar el archivo especificado.', None, 2)")
OPEN FAILED: SerialException("could not open port 'COM16': FileNotFoundError(2, 'El sistema no puede encontrar el archivo especificado.', None, 2)")
OPEN FAILED: SerialException("could not open port 'COM16': FileNotFoundError(2, 'El sistema no puede encontrar el archivo especificado.', None, 2)")
OPEN FAILED: SerialException("could not open port 'COM16': FileNotFoundError(2, 'El sistema no puede encontrar el archivo especificado.', None, 2)")
OPEN FAILED: SerialException("could not open port 'COM16': FileNotFoundError(2, 'El sistema no puede encontrar el archivo especificado.', None, 2)")
OPEN FAILED: SerialException("could not open port 'COM16': FileNotFoundError(2, 'El sistema no puede encontrar el archivo especificado.', None, 2)")
OPEN FAILED: SerialException("could not open port 'COM16': FileNotFoundError(2, 'El sistema no puede encontrar el archivo especificado.', None, 2)")
OPEN FAILED: SerialException("could not open port 'COM16': FileNotFoundError(2, 'El sistema no puede encontrar el archivo especificado.', None, 2)")
OPEN FAILED: SerialException("could not open port 'COM16': FileNotFoundError(2, 'El sistema no puede encontrar el archivo especificado.', None, 2)")
OPEN FAILED: SerialException("could not open port 'COM16': FileNotFoundError(2, 'El sistema no puede encontrar el archivo especificado.', None, 2)")
OPEN FAILED: SerialException("could not open port 'COM16': FileNotFoundError(2, 'El sistema no puede encontrar el archivo especificado.', None, 2)")
OPEN FAILED: SerialException("could not open port 'COM16': FileNotFoundError(2, 'El sistema no puede encontrar el archivo especificado.', None, 2)")
OPEN FAILED: SerialException("could not open port 'COM16': FileNotFoundError(2, 'El sistema no puede encontrar el archivo especificado.', None, 2)")
OPEN FAILED: SerialException("could not open port 'COM16': FileNotFoundError(2, 'El sistema no puede encontrar el archivo especificado.', None, 2)")
OPEN FAILED: SerialException("could not open port 'COM16': FileNotFoundError(2, 'El sistema no puede encontrar el archivo especificado.', None, 2)")
OPEN FAILED: SerialException("could not open port 'COM16': FileNotFoundError(2, 'El sistema no puede encontrar el archivo especificado.', None, 2)")
OPEN FAILED: SerialException("could not open port 'COM16': FileNotFoundError(2, 'El sistema no puede encontrar el archivo especificado.', None, 2)")
OPEN FAILED: SerialException("could not open port 'COM16': FileNotFoundError(2, 'El sistema no puede encontrar el archivo especificado.', None, 2)")
OPEN FAILED: SerialException("could not open port 'COM16': FileNotFoundError(2, 'El sistema no puede encontrar el archivo especificado.', None, 2)")
OPEN FAILED: SerialException("could not open port 'COM16': FileNotFoundError(2, 'El sistema no puede encontrar el archivo especificado.', None, 2)")
OPEN FAILED: SerialException("could not open port 'COM16': FileNotFoundError(2, 'El sistema no puede encontrar el archivo especificado.', None, 2)")
OPEN FAILED: SerialException("could not open port 'COM16': FileNotFoundError(2, 'El sistema no puede encontrar el archivo especificado.', None, 2)")
OPEN FAILED: SerialException("could not open port 'COM16': FileNotFoundError(2, 'El sistema no puede encontrar el archivo especificado.', None, 2)")
OPEN FAILED: SerialException("could not open port 'COM16': FileNotFoundError(2, 'El sistema no puede encontrar el archivo especificado.', None, 2)")
OPEN FAILED: SerialException("could not open port 'COM16': FileNotFoundError(2, 'El sistema no puede encontrar el archivo especificado.', None, 2)")
OPEN FAILED: SerialException("could not open port 'COM16': FileNotFoundError(2, 'El sistema no puede encontrar el archivo especificado.', None, 2)")
OPEN FAILED: SerialException("could not open port 'COM16': FileNotFoundError(2, 'El sistema no puede encontrar el archivo especificado.', None, 2)")
OPEN FAILED: SerialException("could not open port 'COM16': FileNotFoundError(2, 'El sistema no puede encontrar el archivo especificado.', None, 2)")
OPEN FAILED: SerialException("could not open port 'COM16': FileNotFoundError(2, 'El sistema no puede encontrar el archivo especificado.', None, 2)")
OPEN FAILED: SerialException("could not open port 'COM16': FileNotFoundError(2, 'El sistema no puede encontrar el archivo especificado.', None, 2)")
OPEN FAILED: SerialException("could not open port 'COM16': FileNotFoundError(2, 'El sistema no puede encontrar el archivo especificado.', None, 2)")
OPEN FAILED: SerialException("could not open port 'COM16': FileNotFoundError(2, 'El sistema no puede encontrar el archivo especificado.', None, 2)")
OPEN FAILED: SerialException("could not open port 'COM16': FileNotFoundError(2, 'El sistema no puede encontrar el archivo especificado.', None, 2)")
OPEN FAILED: SerialException("could not open port 'COM16': FileNotFoundError(2, 'El sistema no puede encontrar el archivo especificado.', None, 2)")
OPEN FAILED: SerialException("could not open port 'COM16': FileNotFoundError(2, 'El sistema no puede encontrar el archivo especificado.', None, 2)")
OPEN FAILED: SerialException("could not open port 'COM16': FileNotFoundError(2, 'El sistema no puede encontrar el archivo especificado.', None, 2)")
OPEN FAILED: SerialException("could not open port 'COM16': FileNotFoundError(2, 'El sistema no puede encontrar el archivo especificado.', None, 2)")
OPEN FAILED: SerialException("could not open port 'COM16': FileNotFoundError(2, 'El sistema no puede encontrar el archivo especificado.', None, 2)")
OPEN FAILED: SerialException("could not open port 'COM16': FileNotFoundError(2, 'El sistema no puede encontrar el archivo especificado.', None, 2)")
OPEN FAILED: SerialException("could not open port 'COM16': FileNotFoundError(2, 'El sistema no puede encontrar el archivo especificado.', None, 2)")
OPEN FAILED: SerialException("could not open port 'COM16': FileNotFoundError(2, 'El sistema no puede encontrar el archivo especificado.', None, 2)")
OPEN FAILED: SerialException("could not open port 'COM16': FileNotFoundError(2, 'El sistema no puede encontrar el archivo especificado.', None, 2)")
OPEN FAILED: SerialException("could not open port 'COM16': FileNotFoundError(2, 'El sistema no puede encontrar el archivo especificado.', None, 2)")
OPEN FAILED: SerialException("could not open port 'COM16': FileNotFoundError(2, 'El sistema no puede encontrar el archivo especificado.', None, 2)")
OPEN FAILED: SerialException("could not open port 'COM16': FileNotFoundError(2, 'El sistema no puede encontrar el archivo especificado.', None, 2)")
OPEN FAILED: SerialException("could not open port 'COM16': FileNotFoundError(2, 'El sistema no puede encontrar el archivo especificado.', None, 2)")
OPEN FAILED: SerialException("could not open port 'COM16': FileNotFoundError(2, 'El sistema no puede encontrar el archivo especificado.', None, 2)")
OPEN FAILED: SerialException("could not open port 'COM16': FileNotFoundError(2, 'El sistema no puede encontrar el archivo especificado.', None, 2)")
OPEN FAILED: SerialException("could not open port 'COM16': FileNotFoundError(2, 'El sistema no puede encontrar el archivo especificado.', None, 2)")
OPEN FAILED: SerialException("could not open port 'COM16': FileNotFoundError(2, 'El sistema no puede encontrar el archivo especificado.', None, 2)")
OPEN FAILED: SerialException("could not open port 'COM16': FileNotFoundError(2, 'El sistema no puede encontrar el archivo especificado.', None, 2)")
OPEN FAILED: SerialException("could not open port 'COM16': FileNotFoundError(2, 'El sistema no puede encontrar el archivo especificado.', None, 2)")
OPEN FAILED: SerialException("could not open port 'COM16': FileNotFoundError(2, 'El sistema no puede encontrar el archivo especificado.', None, 2)")
OPEN FAILED: SerialException("could not open port 'COM16': FileNotFoundError(2, 'El sistema no puede encontrar el archivo especificado.', None, 2)")
OPEN FAILED: SerialException("could not open port 'COM16': FileNotFoundError(2, 'El sistema no puede encontrar el archivo especificado.', None, 2)")
OPEN FAILED: SerialException("could not open port 'COM16': FileNotFoundError(2, 'El sistema no puede encontrar el archivo especificado.', None, 2)")
OPEN FAILED: SerialException("could not open port 'COM16': FileNotFoundError(2, 'El sistema no puede encontrar el archivo especificado.', None, 2)")
OPEN FAILED: SerialException("could not open port 'COM16': FileNotFoundError(2, 'El sistema no puede encontrar el archivo especificado.', None, 2)")
OPEN FAILED: SerialException("could not open port 'COM16': FileNotFoundError(2, 'El sistema no puede encontrar el archivo especificado.', None, 2)")
OPEN FAILED: SerialException("could not open port 'COM16': FileNotFoundError(2, 'El sistema no puede encontrar el archivo especificado.', None, 2)")
OPEN FAILED: SerialException("could not open port 'COM16': FileNotFoundError(2, 'El sistema no puede encontrar el archivo especificado.', None, 2)")
OPEN FAILED: SerialException("could not open port 'COM16': FileNotFoundError(2, 'El sistema no puede encontrar el archivo especificado.', None, 2)")
OPEN FAILED: SerialException("could not open port 'COM16': FileNotFoundError(2, 'El sistema no puede encontrar el archivo especificado.', None, 2)")
OPEN FAILED: SerialException("could not open port 'COM16': FileNotFoundError(2, 'El sistema no puede encontrar el archivo especificado.', None, 2)")
OPEN FAILED: SerialException("could not open port 'COM16': FileNotFoundError(2, 'El sistema no puede encontrar el archivo especificado.', None, 2)")
OPEN FAILED: SerialException("could not open port 'COM16': FileNotFoundError(2, 'El sistema no puede encontrar el archivo especificado.', None, 2)")
OPEN FAILED: SerialException("could not open port 'COM16': FileNotFoundError(2, 'El sistema no puede encontrar el archivo especificado.', None, 2)")
OPEN FAILED: SerialException("could not open port 'COM16': FileNotFoundError(2, 'El sistema no puede encontrar el archivo especificado.', None, 2)")
OPEN FAILED: SerialException("could not open port 'COM16': FileNotFoundError(2, 'El sistema no puede encontrar el archivo especificado.', None, 2)")
OPEN FAILED: SerialException("could not open port 'COM16': FileNotFoundError(2, 'El sistema no puede encontrar el archivo especificado.', None, 2)")
OPEN FAILED: SerialException("could not open port 'COM16': FileNotFoundError(2, 'El sistema no puede encontrar el archivo especificado.', None, 2)")
OPEN FAILED: SerialException("could not open port 'COM16': FileNotFoundError(2, 'El sistema no puede encontrar el archivo especificado.', None, 2)")
OPEN FAILED: SerialException("could not open port 'COM16': FileNotFoundError(2, 'El sistema no puede encontrar el archivo especificado.', None, 2)")
OPEN FAILED: SerialException("could not open port 'COM16': FileNotFoundError(2, 'El sistema no puede encontrar el archivo especificado.', None, 2)")
OPEN FAILED: SerialException("could not open port 'COM16': FileNotFoundError(2, 'El sistema no puede encontrar el archivo especificado.', None, 2)")
OPEN FAILED: SerialException("could not open port 'COM16': FileNotFoundError(2, 'El sistema no puede encontrar el archivo especificado.', None, 2)")
OPEN FAILED: SerialException("could not open port 'COM16': FileNotFoundError(2, 'El sistema no puede encontrar el archivo especificado.', None, 2)")
=== COM16 abierto, capturando 120s (el open resetea la placa) ===
[   2.5s] 3V3: about to assert
[   2.5s] 3V3: asserted
[   2.8s] 3V3: settled
[   2.8s] 5V: about to assert (plain write)
[   2.8s] 5V: asserted
[   3.4s] 5V: settled
[   3.4s] LoRa: about to assert
[   3.4s] LoRa: asserted
[   3.4s] BMV080 EN: GPIO15 -> LOW
[   3.7s] rails up
[   3.7s] [PowerManager] enable3V3Sensors (stub - bench has no gating FET yet)
[   3.7s] --- I2C scan (after rails, before sensor init) ---
[   3.7s]   ACK at 0x57
[   3.7s]   ACK at 0x74
[   3.7s]   ACK at 0x76
[   3.7s] [bme probe right after scan] 0x76 (addr-probe=0) chip ID = 0x61 (0x61 = BME69x, CORRECT)
[   3.7s] [  4085][E][Wire.cpp:499] requestFrom(): i2cWriteReadNonStop returned Error -1
[   3.7s] [bme probe right after scan] 0x77 accepted the register write but returned no data
[   3.7s] Waiting 5000ms for BMV080 startup...
[   9.0s] [bme probe after BMV080 wait, before begin] 0x76 (addr-probe=0) chip ID = 0x61 (0x61 = BME69x, CORRECT)
[   9.0s] [  9093][E][Wire.cpp:499] requestFrom(): i2cWriteReadNonStop returned Error -1
[   9.0s] [bme probe after BMV080 wait, before begin] 0x77 accepted the register write but returned no data
[   9.0s] [step] bme690.begin ...
[   9.0s] BME690: OK (bound to 0x76)
[   9.0s] SEN0466: SKIPPED (210s settle - excluded from the sleeping cycle)
[   9.0s] [step] cm1106.begin (SWAPPED: now before bmv080) ...
[  12.1s] [step] cm1106.begin returned ...
[  12.1s] [step] bmv080.begin (SWAPPED: now after cm1106) ...
READ FAILED after 12.7s: SerialException("ClearCommError failed (PermissionError(13, 'El dispositivo no reconoce el comando.', None, 22))")
=== fin ===
OPEN FAILED: SerialException("could not open port 'COM16': FileNotFoundError(2, 'El sistema no puede encontrar el archivo especificado.', None, 2)")
OPEN FAILED: SerialException("could not open port 'COM16': FileNotFoundError(2, 'El sistema no puede encontrar el archivo especificado.', None, 2)")
OPEN FAILED: SerialException("could not open port 'COM16': FileNotFoundError(2, 'El sistema no puede encontrar el archivo especificado.', None, 2)")
OPEN FAILED: SerialException("could not open port 'COM16': FileNotFoundError(2, 'El sistema no puede encontrar el archivo especificado.', None, 2)")
OPEN FAILED: SerialException("could not open port 'COM16': FileNotFoundError(2, 'El sistema no puede encontrar el archivo especificado.', None, 2)")
OPEN FAILED: SerialException("could not open port 'COM16': FileNotFoundError(2, 'El sistema no puede encontrar el archivo especificado.', None, 2)")
OPEN FAILED: SerialException("could not open port 'COM16': FileNotFoundError(2, 'El sistema no puede encontrar el archivo especificado.', None, 2)")
OPEN FAILED: SerialException("could not open port 'COM16': FileNotFoundError(2, 'El sistema no puede encontrar el archivo especificado.', None, 2)")
OPEN FAILED: SerialException("could not open port 'COM16': FileNotFoundError(2, 'El sistema no puede encontrar el archivo especificado.', None, 2)")
OPEN FAILED: SerialException("could not open port 'COM16': FileNotFoundError(2, 'El sistema no puede encontrar el archivo especificado.', None, 2)")
OPEN FAILED: SerialException("could not open port 'COM16': FileNotFoundError(2, 'El sistema no puede encontrar el archivo especificado.', None, 2)")
OPEN FAILED: SerialException("could not open port 'COM16': FileNotFoundError(2, 'El sistema no puede encontrar el archivo especificado.', None, 2)")
OPEN FAILED: SerialException("could not open port 'COM16': FileNotFoundError(2, 'El sistema no puede encontrar el archivo especificado.', None, 2)")
OPEN FAILED: SerialException("could not open port 'COM16': FileNotFoundError(2, 'El sistema no puede encontrar el archivo especificado.', None, 2)")
OPEN FAILED: SerialException("could not open port 'COM16': FileNotFoundError(2, 'El sistema no puede encontrar el archivo especificado.', None, 2)")
OPEN FAILED: SerialException("could not open port 'COM16': FileNotFoundError(2, 'El sistema no puede encontrar el archivo especificado.', None, 2)")
OPEN FAILED: SerialException("could not open port 'COM16': FileNotFoundError(2, 'El sistema no puede encontrar el archivo especificado.', None, 2)")
OPEN FAILED: SerialException("could not open port 'COM16': FileNotFoundError(2, 'El sistema no puede encontrar el archivo especificado.', None, 2)")
OPEN FAILED: SerialException("could not open port 'COM16': FileNotFoundError(2, 'El sistema no puede encontrar el archivo especificado.', None, 2)")
OPEN FAILED: SerialException("could not open port 'COM16': FileNotFoundError(2, 'El sistema no puede encontrar el archivo especificado.', None, 2)")
OPEN FAILED: SerialException("could not open port 'COM16': FileNotFoundError(2, 'El sistema no puede encontrar el archivo especificado.', None, 2)")
OPEN FAILED: SerialException("could not open port 'COM16': FileNotFoundError(2, 'El sistema no puede encontrar el archivo especificado.', None, 2)")
OPEN FAILED: SerialException("could not open port 'COM16': FileNotFoundError(2, 'El sistema no puede encontrar el archivo especificado.', None, 2)")
OPEN FAILED: SerialException("could not open port 'COM16': FileNotFoundError(2, 'El sistema no puede encontrar el archivo especificado.', None, 2)")
OPEN FAILED: SerialException("could not open port 'COM16': FileNotFoundError(2, 'El sistema no puede encontrar el archivo especificado.', None, 2)")
OPEN FAILED: SerialException("could not open port 'COM16': FileNotFoundError(2, 'El sistema no puede encontrar el archivo especificado.', None, 2)")
OPEN FAILED: SerialException("could not open port 'COM16': FileNotFoundError(2, 'El sistema no puede encontrar el archivo especificado.', None, 2)")
OPEN FAILED: SerialException("could not open port 'COM16': FileNotFoundError(2, 'El sistema no puede encontrar el archivo especificado.', None, 2)")
OPEN FAILED: SerialException("could not open port 'COM16': FileNotFoundError(2, 'El sistema no puede encontrar el archivo especificado.', None, 2)")
OPEN FAILED: SerialException("could not open port 'COM16': FileNotFoundError(2, 'El sistema no puede encontrar el archivo especificado.', None, 2)")
OPEN FAILED: SerialException("could not open port 'COM16': FileNotFoundError(2, 'El sistema no puede encontrar el archivo especificado.', None, 2)")
OPEN FAILED: SerialException("could not open port 'COM16': FileNotFoundError(2, 'El sistema no puede encontrar el archivo especificado.', None, 2)")
OPEN FAILED: SerialException("could not open port 'COM16': FileNotFoundError(2, 'El sistema no puede encontrar el archivo especificado.', None, 2)")
OPEN FAILED: SerialException("could not open port 'COM16': FileNotFoundError(2, 'El sistema no puede encontrar el archivo especificado.', None, 2)")
OPEN FAILED: SerialException("could not open port 'COM16': FileNotFoundError(2, 'El sistema no puede encontrar el archivo especificado.', None, 2)")
OPEN FAILED: SerialException("could not open port 'COM16': FileNotFoundError(2, 'El sistema no puede encontrar el archivo especificado.', None, 2)")
OPEN FAILED: SerialException("could not open port 'COM16': FileNotFoundError(2, 'El sistema no puede encontrar el archivo especificado.', None, 2)")
OPEN FAILED: SerialException("could not open port 'COM16': FileNotFoundError(2, 'El sistema no puede encontrar el archivo especificado.', None, 2)")
OPEN FAILED: SerialException("could not open port 'COM16': FileNotFoundError(2, 'El sistema no puede encontrar el archivo especificado.', None, 2)")
OPEN FAILED: SerialException("could not open port 'COM16': FileNotFoundError(2, 'El sistema no puede encontrar el archivo especificado.', None, 2)")
OPEN FAILED: SerialException("could not open port 'COM16': FileNotFoundError(2, 'El sistema no puede encontrar el archivo especificado.', None, 2)")
OPEN FAILED: SerialException("could not open port 'COM16': FileNotFoundError(2, 'El sistema no puede encontrar el archivo especificado.', None, 2)")
OPEN FAILED: SerialException("could not open port 'COM16': FileNotFoundError(2, 'El sistema no puede encontrar el archivo especificado.', None, 2)")
OPEN FAILED: SerialException("could not open port 'COM16': FileNotFoundError(2, 'El sistema no puede encontrar el archivo especificado.', None, 2)")
OPEN FAILED: SerialException("could not open port 'COM16': FileNotFoundError(2, 'El sistema no puede encontrar el archivo especificado.', None, 2)")
OPEN FAILED: SerialException("could not open port 'COM16': FileNotFoundError(2, 'El sistema no puede encontrar el archivo especificado.', None, 2)")
OPEN FAILED: SerialException("could not open port 'COM16': FileNotFoundError(2, 'El sistema no puede encontrar el archivo especificado.', None, 2)")
OPEN FAILED: SerialException("could not open port 'COM16': FileNotFoundError(2, 'El sistema no puede encontrar el archivo especificado.', None, 2)")
OPEN FAILED: SerialException("could not open port 'COM16': FileNotFoundError(2, 'El sistema no puede encontrar el archivo especificado.', None, 2)")
OPEN FAILED: SerialException("could not open port 'COM16': FileNotFoundError(2, 'El sistema no puede encontrar el archivo especificado.', None, 2)")
OPEN FAILED: SerialException("could not open port 'COM16': FileNotFoundError(2, 'El sistema no puede encontrar el archivo especificado.', None, 2)")
OPEN FAILED: SerialException("could not open port 'COM16': FileNotFoundError(2, 'El sistema no puede encontrar el archivo especificado.', None, 2)")
OPEN FAILED: SerialException("could not open port 'COM16': FileNotFoundError(2, 'El sistema no puede encontrar el archivo especificado.', None, 2)")
OPEN FAILED: SerialException("could not open port 'COM16': FileNotFoundError(2, 'El sistema no puede encontrar el archivo especificado.', None, 2)")
OPEN FAILED: SerialException("could not open port 'COM16': FileNotFoundError(2, 'El sistema no puede encontrar el archivo especificado.', None, 2)")
OPEN FAILED: SerialException("could not open port 'COM16': FileNotFoundError(2, 'El sistema no puede encontrar el archivo especificado.', None, 2)")
OPEN FAILED: SerialException("could not open port 'COM16': FileNotFoundError(2, 'El sistema no puede encontrar el archivo especificado.', None, 2)")
OPEN FAILED: SerialException("could not open port 'COM16': FileNotFoundError(2, 'El sistema no puede encontrar el archivo especificado.', None, 2)")
OPEN FAILED: SerialException("could not open port 'COM16': FileNotFoundError(2, 'El sistema no puede encontrar el archivo especificado.', None, 2)")
OPEN FAILED: SerialException("could not open port 'COM16': FileNotFoundError(2, 'El sistema no puede encontrar el archivo especificado.', None, 2)")
OPEN FAILED: SerialException("could not open port 'COM16': FileNotFoundError(2, 'El sistema no puede encontrar el archivo especificado.', None, 2)")
OPEN FAILED: SerialException("could not open port 'COM16': FileNotFoundError(2, 'El sistema no puede encontrar el archivo especificado.', None, 2)")
OPEN FAILED: SerialException("could not open port 'COM16': FileNotFoundError(2, 'El sistema no puede encontrar el archivo especificado.', None, 2)")
OPEN FAILED: SerialException("could not open port 'COM16': FileNotFoundError(2, 'El sistema no puede encontrar el archivo especificado.', None, 2)")
OPEN FAILED: SerialException("could not open port 'COM16': FileNotFoundError(2, 'El sistema no puede encontrar el archivo especificado.', None, 2)")
OPEN FAILED: SerialException("could not open port 'COM16': FileNotFoundError(2, 'El sistema no puede encontrar el archivo especificado.', None, 2)")
OPEN FAILED: SerialException("could not open port 'COM16': FileNotFoundError(2, 'El sistema no puede encontrar el archivo especificado.', None, 2)")
OPEN FAILED: SerialException("could not open port 'COM16': FileNotFoundError(2, 'El sistema no puede encontrar el archivo especificado.', None, 2)")
OPEN FAILED: SerialException("could not open port 'COM16': FileNotFoundError(2, 'El sistema no puede encontrar el archivo especificado.', None, 2)")
OPEN FAILED: SerialException("could not open port 'COM16': FileNotFoundError(2, 'El sistema no puede encontrar el archivo especificado.', None, 2)")
OPEN FAILED: SerialException("could not open port 'COM16': FileNotFoundError(2, 'El sistema no puede encontrar el archivo especificado.', None, 2)")
OPEN FAILED: SerialException("could not open port 'COM16': FileNotFoundError(2, 'El sistema no puede encontrar el archivo especificado.', None, 2)")
OPEN FAILED: SerialException("could not open port 'COM16': FileNotFoundError(2, 'El sistema no puede encontrar el archivo especificado.', None, 2)")
OPEN FAILED: SerialException("could not open port 'COM16': FileNotFoundError(2, 'El sistema no puede encontrar el archivo especificado.', None, 2)")
OPEN FAILED: SerialException("could not open port 'COM16': FileNotFoundError(2, 'El sistema no puede encontrar el archivo especificado.', None, 2)")
OPEN FAILED: SerialException("could not open port 'COM16': FileNotFoundError(2, 'El sistema no puede encontrar el archivo especificado.', None, 2)")
OPEN FAILED: SerialException("could not open port 'COM16': FileNotFoundError(2, 'El sistema no puede encontrar el archivo especificado.', None, 2)")
OPEN FAILED: SerialException("could not open port 'COM16': FileNotFoundError(2, 'El sistema no puede encontrar el archivo especificado.', None, 2)")
OPEN FAILED: SerialException("could not open port 'COM16': FileNotFoundError(2, 'El sistema no puede encontrar el archivo especificado.', None, 2)")
OPEN FAILED: SerialException("could not open port 'COM16': FileNotFoundError(2, 'El sistema no puede encontrar el archivo especificado.', None, 2)")
OPEN FAILED: SerialException("could not open port 'COM16': FileNotFoundError(2, 'El sistema no puede encontrar el archivo especificado.', None, 2)")
OPEN FAILED: SerialException("could not open port 'COM16': FileNotFoundError(2, 'El sistema no puede encontrar el archivo especificado.', None, 2)")
OPEN FAILED: SerialException("could not open port 'COM16': FileNotFoundError(2, 'El sistema no puede encontrar el archivo especificado.', None, 2)")
OPEN FAILED: SerialException("could not open port 'COM16': FileNotFoundError(2, 'El sistema no puede encontrar el archivo especificado.', None, 2)")
OPEN FAILED: SerialException("could not open port 'COM16': FileNotFoundError(2, 'El sistema no puede encontrar el archivo especificado.', None, 2)")
OPEN FAILED: SerialException("could not open port 'COM16': FileNotFoundError(2, 'El sistema no puede encontrar el archivo especificado.', None, 2)")
OPEN FAILED: SerialException("could not open port 'COM16': FileNotFoundError(2, 'El sistema no puede encontrar el archivo especificado.', None, 2)")
OPEN FAILED: SerialException("could not open port 'COM16': FileNotFoundError(2, 'El sistema no puede encontrar el archivo especificado.', None, 2)")
OPEN FAILED: SerialException("could not open port 'COM16': FileNotFoundError(2, 'El sistema no puede encontrar el archivo especificado.', None, 2)")
OPEN FAILED: SerialException("could not open port 'COM16': FileNotFoundError(2, 'El sistema no puede encontrar el archivo especificado.', None, 2)")
OPEN FAILED: SerialException("could not open port 'COM16': FileNotFoundError(2, 'El sistema no puede encontrar el archivo especificado.', None, 2)")
OPEN FAILED: SerialException("could not open port 'COM16': FileNotFoundError(2, 'El sistema no puede encontrar el archivo especificado.', None, 2)")
OPEN FAILED: SerialException("could not open port 'COM16': FileNotFoundError(2, 'El sistema no puede encontrar el archivo especificado.', None, 2)")
OPEN FAILED: SerialException("could not open port 'COM16': FileNotFoundError(2, 'El sistema no puede encontrar el archivo especificado.', None, 2)")
OPEN FAILED: SerialException("could not open port 'COM16': FileNotFoundError(2, 'El sistema no puede encontrar el archivo especificado.', None, 2)")
OPEN FAILED: SerialException("could not open port 'COM16': FileNotFoundError(2, 'El sistema no puede encontrar el archivo especificado.', None, 2)")
OPEN FAILED: SerialException("could not open port 'COM16': FileNotFoundError(2, 'El sistema no puede encontrar el archivo especificado.', None, 2)")
OPEN FAILED: SerialException("could not open port 'COM16': FileNotFoundError(2, 'El sistema no puede encontrar el archivo especificado.', None, 2)")
OPEN FAILED: SerialException("could not open port 'COM16': FileNotFoundError(2, 'El sistema no puede encontrar el archivo especificado.', None, 2)")
OPEN FAILED: SerialException("could not open port 'COM16': FileNotFoundError(2, 'El sistema no puede encontrar el archivo especificado.', None, 2)")
OPEN FAILED: SerialException("could not open port 'COM16': FileNotFoundError(2, 'El sistema no puede encontrar el archivo especificado.', None, 2)")
OPEN FAILED: SerialException("could not open port 'COM16': FileNotFoundError(2, 'El sistema no puede encontrar el archivo especificado.', None, 2)")
OPEN FAILED: SerialException("could not open port 'COM16': FileNotFoundError(2, 'El sistema no puede encontrar el archivo especificado.', None, 2)")
OPEN FAILED: SerialException("could not open port 'COM16': FileNotFoundError(2, 'El sistema no puede encontrar el archivo especificado.', None, 2)")
OPEN FAILED: SerialException("could not open port 'COM16': FileNotFoundError(2, 'El sistema no puede encontrar el archivo especificado.', None, 2)")
OPEN FAILED: SerialException("could not open port 'COM16': FileNotFoundError(2, 'El sistema no puede encontrar el archivo especificado.', None, 2)")
OPEN FAILED: SerialException("could not open port 'COM16': FileNotFoundError(2, 'El sistema no puede encontrar el archivo especificado.', None, 2)")
OPEN FAILED: SerialException("could not open port 'COM16': FileNotFoundError(2, 'El sistema no puede encontrar el archivo especificado.', None, 2)")
OPEN FAILED: SerialException("could not open port 'COM16': FileNotFoundError(2, 'El sistema no puede encontrar el archivo especificado.', None, 2)")
OPEN FAILED: SerialException("could not open port 'COM16': FileNotFoundError(2, 'El sistema no puede encontrar el archivo especificado.', None, 2)")
OPEN FAILED: SerialException("could not open port 'COM16': FileNotFoundError(2, 'El sistema no puede encontrar el archivo especificado.', None, 2)")
OPEN FAILED: SerialException("could not open port 'COM16': FileNotFoundError(2, 'El sistema no puede encontrar el archivo especificado.', None, 2)")
=== COM16 abierto, capturando 120s (el open resetea la placa) ===
[   2.5s] 3V3: about to assert
[   2.5s] 3V3: asserted
[   2.8s] 3V3: settled
[   2.8s] 5V: about to assert (plain write)
[   2.8s] 5V: asserted
[   3.4s] 5V: settled
[   3.4s] LoRa: about to assert
[   3.4s] LoRa: asserted
[   3.4s] BMV080 EN: GPIO15 -> LOW
[   3.7s] rails up
[   4.0s] [PowerManager] enable3V3Sensors (stub - bench has no gating FET yet)
[   4.0s] --- I2C scan (after rails, before sensor init) ---
[   4.0s]   ACK at 0x57
[   4.0s]   ACK at 0x74
[   4.0s]   ACK at 0x76
[   4.0s] [bme probe right after scan] 0x76 (addr-probe=0) chip ID = 0x61 (0x61 = BME69x, CORRECT)
[   4.0s] [  4088][E][Wire.cpp:499] requestFrom(): i2cWriteReadNonStop returned Error -1
[   4.0s] [bme probe right after scan] 0x77 accepted the register write but returned no data
[   4.0s] Waiting 5000ms for BMV080 startup...
[   9.0s] [bme probe after BMV080 wait, before begin] 0x76 (addr-probe=0) chip ID = 0x61 (0x61 = BME69x, CORRECT)
[   9.0s] [  9096][E][Wire.cpp:499] requestFrom(): i2cWriteReadNonStop returned Error -1
[   9.0s] [bme probe after BMV080 wait, before begin] 0x77 accepted the register write but returned no data
[   9.0s] [step] bme690.begin ...
[   9.0s] BME690: OK (bound to 0x76)
[   9.0s] SEN0466: SKIPPED (210s settle - excluded from the sleeping cycle)
[   9.0s] [step] cm1106.begin (SWAPPED: now before bmv080) ...
[  12.1s] [step] cm1106.begin returned ...
[  12.1s] [step] bmv080.begin (SWAPPED: now after cm1106) ...
[  12.7s] BMV080: OK
[  12.7s] [step] calypso.begin next ...
[  12.7s] [step] calypso.begin returned - radio next ...
[  12.7s] Configuring RYLR998 (link parameters must match pp1-lora-receiver):
[  12.7s]   -> AT
[  12.7s]   <- +OK
[  12.7s]   -> AT+ADDRESS=4
[  12.7s]   <- +OK
[  12.7s]   -> AT+NETWORKID=5
[  12.7s]   <- +OK
[  12.7s]   -> AT+BAND=868000000
[  12.7s]   <- +OK
[  12.7s]   -> AT+PARAMETER=7,7,1,12
[  12.7s]   <- +OK
[  12.7s]   -> AT+CRFOP=14
[  12.7s]   <- +OK
[  12.7s] LoRa TX power -> 14 dBm: OK
[  12.7s] Radio init OK
[  12.7s] Setup complete.
[  12.7s] 
[  12.7s] [sentinel] bme=OK(T25.1 H46.4) co=NotInit(0.00)  (40ms)
[  14.3s] [tx] sensor rails off for the transmit
[  14.9s] TX [0..0/1] 70 bytes: 25.11,46.41,944.44,7239.82,0.00,0.00,0.00,667.00,0.00,0.00,0.00,0.00,0  (sent)
READ FAILED after 16.9s: SerialException("ClearCommError failed (PermissionError(13, 'El dispositivo no reconoce el comando.', None, 22))")
=== fin ===
OPEN FAILED: SerialException("could not open port 'COM16': FileNotFoundError(2, 'El sistema no puede encontrar el archivo especificado.', None, 2)")
OPEN FAILED: SerialException("could not open port 'COM16': FileNotFoundError(2, 'El sistema no puede encontrar el archivo especificado.', None, 2)")
OPEN FAILED: SerialException("could not open port 'COM16': FileNotFoundError(2, 'El sistema no puede encontrar el archivo especificado.', None, 2)")
OPEN FAILED: SerialException("could not open port 'COM16': FileNotFoundError(2, 'El sistema no puede encontrar el archivo especificado.', None, 2)")
OPEN FAILED: SerialException("could not open port 'COM16': FileNotFoundError(2, 'El sistema no puede encontrar el archivo especificado.', None, 2)")
OPEN FAILED: SerialException("could not open port 'COM16': FileNotFoundError(2, 'El sistema no puede encontrar el archivo especificado.', None, 2)")
OPEN FAILED: SerialException("could not open port 'COM16': FileNotFoundError(2, 'El sistema no puede encontrar el archivo especificado.', None, 2)")
OPEN FAILED: SerialException("could not open port 'COM16': FileNotFoundError(2, 'El sistema no puede encontrar el archivo especificado.', None, 2)")
OPEN FAILED: SerialException("could not open port 'COM16': FileNotFoundError(2, 'El sistema no puede encontrar el archivo especificado.', None, 2)")
OPEN FAILED: SerialException("could not open port 'COM16': FileNotFoundError(2, 'El sistema no puede encontrar el archivo especificado.', None, 2)")
OPEN FAILED: SerialException("could not open port 'COM16': FileNotFoundError(2, 'El sistema no puede encontrar el archivo especificado.', None, 2)")
OPEN FAILED: SerialException("could not open port 'COM16': FileNotFoundError(2, 'El sistema no puede encontrar el archivo especificado.', None, 2)")
OPEN FAILED: SerialException("could not open port 'COM16': FileNotFoundError(2, 'El sistema no puede encontrar el archivo especificado.', None, 2)")
OPEN FAILED: SerialException("could not open port 'COM16': FileNotFoundError(2, 'El sistema no puede encontrar el archivo especificado.', None, 2)")
OPEN FAILED: SerialException("could not open port 'COM16': FileNotFoundError(2, 'El sistema no puede encontrar el archivo especificado.', None, 2)")
OPEN FAILED: SerialException("could not open port 'COM16': FileNotFoundError(2, 'El sistema no puede encontrar el archivo especificado.', None, 2)")
OPEN FAILED: SerialException("could not open port 'COM16': FileNotFoundError(2, 'El sistema no puede encontrar el archivo especificado.', None, 2)")
OPEN FAILED: SerialException("could not open port 'COM16': FileNotFoundError(2, 'El sistema no puede encontrar el archivo especificado.', None, 2)")
OPEN FAILED: SerialException("could not open port 'COM16': FileNotFoundError(2, 'El sistema no puede encontrar el archivo especificado.', None, 2)")
OPEN FAILED: SerialException("could not open port 'COM16': FileNotFoundError(2, 'El sistema no puede encontrar el archivo especificado.', None, 2)")
OPEN FAILED: SerialException("could not open port 'COM16': FileNotFoundError(2, 'El sistema no puede encontrar el archivo especificado.', None, 2)")
OPEN FAILED: SerialException("could not open port 'COM16': FileNotFoundError(2, 'El sistema no puede encontrar el archivo especificado.', None, 2)")
OPEN FAILED: SerialException("could not open port 'COM16': FileNotFoundError(2, 'El sistema no puede encontrar el archivo especificado.', None, 2)")
OPEN FAILED: SerialException("could not open port 'COM16': FileNotFoundError(2, 'El sistema no puede encontrar el archivo especificado.', None, 2)")
OPEN FAILED: SerialException("could not open port 'COM16': FileNotFoundError(2, 'El sistema no puede encontrar el archivo especificado.', None, 2)")
OPEN FAILED: SerialException("could not open port 'COM16': FileNotFoundError(2, 'El sistema no puede encontrar el archivo especificado.', None, 2)")
OPEN FAILED: SerialException("could not open port 'COM16': FileNotFoundError(2, 'El sistema no puede encontrar el archivo especificado.', None, 2)")
OPEN FAILED: SerialException("could not open port 'COM16': FileNotFoundError(2, 'El sistema no puede encontrar el archivo especificado.', None, 2)")
OPEN FAILED: SerialException("could not open port 'COM16': FileNotFoundError(2, 'El sistema no puede encontrar el archivo especificado.', None, 2)")
OPEN FAILED: SerialException("could not open port 'COM16': FileNotFoundError(2, 'El sistema no puede encontrar el archivo especificado.', None, 2)")
OPEN FAILED: SerialException("could not open port 'COM16': FileNotFoundError(2, 'El sistema no puede encontrar el archivo especificado.', None, 2)")
OPEN FAILED: SerialException("could not open port 'COM16': FileNotFoundError(2, 'El sistema no puede encontrar el archivo especificado.', None, 2)")
OPEN FAILED: SerialException("could not open port 'COM16': FileNotFoundError(2, 'El sistema no puede encontrar el archivo especificado.', None, 2)")
OPEN FAILED: SerialException("could not open port 'COM16': FileNotFoundError(2, 'El sistema no puede encontrar el archivo especificado.', None, 2)")
OPEN FAILED: SerialException("could not open port 'COM16': FileNotFoundError(2, 'El sistema no puede encontrar el archivo especificado.', None, 2)")
OPEN FAILED: SerialException("could not open port 'COM16': FileNotFoundError(2, 'El sistema no puede encontrar el archivo especificado.', None, 2)")
OPEN FAILED: SerialException("could not open port 'COM16': FileNotFoundError(2, 'El sistema no puede encontrar el archivo especificado.', None, 2)")
OPEN FAILED: SerialException("could not open port 'COM16': FileNotFoundError(2, 'El sistema no puede encontrar el archivo especificado.', None, 2)")
OPEN FAILED: SerialException("could not open port 'COM16': FileNotFoundError(2, 'El sistema no puede encontrar el archivo especificado.', None, 2)")
OPEN FAILED: SerialException("could not open port 'COM16': FileNotFoundError(2, 'El sistema no puede encontrar el archivo especificado.', None, 2)")
OPEN FAILED: SerialException("could not open port 'COM16': FileNotFoundError(2, 'El sistema no puede encontrar el archivo especificado.', None, 2)")
OPEN FAILED: SerialException("could not open port 'COM16': FileNotFoundError(2, 'El sistema no puede encontrar el archivo especificado.', None, 2)")
OPEN FAILED: SerialException("could not open port 'COM16': FileNotFoundError(2, 'El sistema no puede encontrar el archivo especificado.', None, 2)")
OPEN FAILED: SerialException("could not open port 'COM16': FileNotFoundError(2, 'El sistema no puede encontrar el archivo especificado.', None, 2)")
OPEN FAILED: SerialException("could not open port 'COM16': FileNotFoundError(2, 'El sistema no puede encontrar el archivo especificado.', None, 2)")
OPEN FAILED: SerialException("could not open port 'COM16': FileNotFoundError(2, 'El sistema no puede encontrar el archivo especificado.', None, 2)")
OPEN FAILED: SerialException("could not open port 'COM16': FileNotFoundError(2, 'El sistema no puede encontrar el archivo especificado.', None, 2)")
OPEN FAILED: SerialException("could not open port 'COM16': FileNotFoundError(2, 'El sistema no puede encontrar el archivo especificado.', None, 2)")
OPEN FAILED: SerialException("could not open port 'COM16': FileNotFoundError(2, 'El sistema no puede encontrar el archivo especificado.', None, 2)")
OPEN FAILED: SerialException("could not open port 'COM16': FileNotFoundError(2, 'El sistema no puede encontrar el archivo especificado.', None, 2)")
OPEN FAILED: SerialException("could not open port 'COM16': FileNotFoundError(2, 'El sistema no puede encontrar el archivo especificado.', None, 2)")
OPEN FAILED: SerialException("could not open port 'COM16': FileNotFoundError(2, 'El sistema no puede encontrar el archivo especificado.', None, 2)")
OPEN FAILED: SerialException("could not open port 'COM16': FileNotFoundError(2, 'El sistema no puede encontrar el archivo especificado.', None, 2)")
OPEN FAILED: SerialException("could not open port 'COM16': FileNotFoundError(2, 'El sistema no puede encontrar el archivo especificado.', None, 2)")
OPEN FAILED: SerialException("could not open port 'COM16': FileNotFoundError(2, 'El sistema no puede encontrar el archivo especificado.', None, 2)")
OPEN FAILED: SerialException("could not open port 'COM16': FileNotFoundError(2, 'El sistema no puede encontrar el archivo especificado.', None, 2)")
OPEN FAILED: SerialException("could not open port 'COM16': FileNotFoundError(2, 'El sistema no puede encontrar el archivo especificado.', None, 2)")
OPEN FAILED: SerialException("could not open port 'COM16': FileNotFoundError(2, 'El sistema no puede encontrar el archivo especificado.', None, 2)")
OPEN FAILED: SerialException("could not open port 'COM16': FileNotFoundError(2, 'El sistema no puede encontrar el archivo especificado.', None, 2)")
OPEN FAILED: SerialException("could not open port 'COM16': FileNotFoundError(2, 'El sistema no puede encontrar el archivo especificado.', None, 2)")
OPEN FAILED: SerialException("could not open port 'COM16': FileNotFoundError(2, 'El sistema no puede encontrar el archivo especificado.', None, 2)")
OPEN FAILED: SerialException("could not open port 'COM16': FileNotFoundError(2, 'El sistema no puede encontrar el archivo especificado.', None, 2)")
OPEN FAILED: SerialException("could not open port 'COM16': FileNotFoundError(2, 'El sistema no puede encontrar el archivo especificado.', None, 2)")
OPEN FAILED: SerialException("could not open port 'COM16': FileNotFoundError(2, 'El sistema no puede encontrar el archivo especificado.', None, 2)")
OPEN FAILED: SerialException("could not open port 'COM16': FileNotFoundError(2, 'El sistema no puede encontrar el archivo especificado.', None, 2)")
OPEN FAILED: SerialException("could not open port 'COM16': FileNotFoundError(2, 'El sistema no puede encontrar el archivo especificado.', None, 2)")
OPEN FAILED: SerialException("could not open port 'COM16': FileNotFoundError(2, 'El sistema no puede encontrar el archivo especificado.', None, 2)")
OPEN FAILED: SerialException("could not open port 'COM16': FileNotFoundError(2, 'El sistema no puede encontrar el archivo especificado.', None, 2)")
OPEN FAILED: SerialException("could not open port 'COM16': FileNotFoundError(2, 'El sistema no puede encontrar el archivo especificado.', None, 2)")
OPEN FAILED: SerialException("could not open port 'COM16': FileNotFoundError(2, 'El sistema no puede encontrar el archivo especificado.', None, 2)")
OPEN FAILED: SerialException("could not open port 'COM16': FileNotFoundError(2, 'El sistema no puede encontrar el archivo especificado.', None, 2)")
OPEN FAILED: SerialException("could not open port 'COM16': FileNotFoundError(2, 'El sistema no puede encontrar el archivo especificado.', None, 2)")
OPEN FAILED: SerialException("could not open port 'COM16': FileNotFoundError(2, 'El sistema no puede encontrar el archivo especificado.', None, 2)")
OPEN FAILED: SerialException("could not open port 'COM16': FileNotFoundError(2, 'El sistema no puede encontrar el archivo especificado.', None, 2)")
OPEN FAILED: SerialException("could not open port 'COM16': FileNotFoundError(2, 'El sistema no puede encontrar el archivo especificado.', None, 2)")
OPEN FAILED: SerialException("could not open port 'COM16': FileNotFoundError(2, 'El sistema no puede encontrar el archivo especificado.', None, 2)")
OPEN FAILED: SerialException("could not open port 'COM16': FileNotFoundError(2, 'El sistema no puede encontrar el archivo especificado.', None, 2)")
OPEN FAILED: SerialException("could not open port 'COM16': FileNotFoundError(2, 'El sistema no puede encontrar el archivo especificado.', None, 2)")
OPEN FAILED: SerialException("could not open port 'COM16': FileNotFoundError(2, 'El sistema no puede encontrar el archivo especificado.', None, 2)")
OPEN FAILED: SerialException("could not open port 'COM16': FileNotFoundError(2, 'El sistema no puede encontrar el archivo especificado.', None, 2)")
OPEN FAILED: SerialException("could not open port 'COM16': FileNotFoundError(2, 'El sistema no puede encontrar el archivo especificado.', None, 2)")
OPEN FAILED: SerialException("could not open port 'COM16': FileNotFoundError(2, 'El sistema no puede encontrar el archivo especificado.', None, 2)")
OPEN FAILED: SerialException("could not open port 'COM16': FileNotFoundError(2, 'El sistema no puede encontrar el archivo especificado.', None, 2)")
OPEN FAILED: SerialException("could not open port 'COM16': FileNotFoundError(2, 'El sistema no puede encontrar el archivo especificado.', None, 2)")
OPEN FAILED: SerialException("could not open port 'COM16': FileNotFoundError(2, 'El sistema no puede encontrar el archivo especificado.', None, 2)")
OPEN FAILED: SerialException("could not open port 'COM16': FileNotFoundError(2, 'El sistema no puede encontrar el archivo especificado.', None, 2)")
OPEN FAILED: SerialException("could not open port 'COM16': FileNotFoundError(2, 'El sistema no puede encontrar el archivo especificado.', None, 2)")
OPEN FAILED: SerialException("could not open port 'COM16': FileNotFoundError(2, 'El sistema no puede encontrar el archivo especificado.', None, 2)")
OPEN FAILED: SerialException("could not open port 'COM16': FileNotFoundError(2, 'El sistema no puede encontrar el archivo especificado.', None, 2)")
OPEN FAILED: SerialException("could not open port 'COM16': FileNotFoundError(2, 'El sistema no puede encontrar el archivo especificado.', None, 2)")
OPEN FAILED: SerialException("could not open port 'COM16': FileNotFoundError(2, 'El sistema no puede encontrar el archivo especificado.', None, 2)")
OPEN FAILED: SerialException("could not open port 'COM16': FileNotFoundError(2, 'El sistema no puede encontrar el archivo especificado.', None, 2)")
OPEN FAILED: SerialException("could not open port 'COM16': FileNotFoundError(2, 'El sistema no puede encontrar el archivo especificado.', None, 2)")
OPEN FAILED: SerialException("could not open port 'COM16': FileNotFoundError(2, 'El sistema no puede encontrar el archivo especificado.', None, 2)")
OPEN FAILED: SerialException("could not open port 'COM16': FileNotFoundError(2, 'El sistema no puede encontrar el archivo especificado.', None, 2)")
OPEN FAILED: SerialException("could not open port 'COM16': FileNotFoundError(2, 'El sistema no puede encontrar el archivo especificado.', None, 2)")
OPEN FAILED: SerialException("could not open port 'COM16': FileNotFoundError(2, 'El sistema no puede encontrar el archivo especificado.', None, 2)")
OPEN FAILED: SerialException("could not open port 'COM16': FileNotFoundError(2, 'El sistema no puede encontrar el archivo especificado.', None, 2)")
OPEN FAILED: SerialException("could not open port 'COM16': FileNotFoundError(2, 'El sistema no puede encontrar el archivo especificado.', None, 2)")
OPEN FAILED: SerialException("could not open port 'COM16': FileNotFoundError(2, 'El sistema no puede encontrar el archivo especificado.', None, 2)")
OPEN FAILED: SerialException("could not open port 'COM16': FileNotFoundError(2, 'El sistema no puede encontrar el archivo especificado.', None, 2)")
OPEN FAILED: SerialException("could not open port 'COM16': FileNotFoundError(2, 'El sistema no puede encontrar el archivo especificado.', None, 2)")
OPEN FAILED: SerialException("could not open port 'COM16': FileNotFoundError(2, 'El sistema no puede encontrar el archivo especificado.', None, 2)")
OPEN FAILED: SerialException("could not open port 'COM16': FileNotFoundError(2, 'El sistema no puede encontrar el archivo especificado.', None, 2)")
OPEN FAILED: SerialException("could not open port 'COM16': FileNotFoundError(2, 'El sistema no puede encontrar el archivo especificado.', None, 2)")
OPEN FAILED: SerialException("could not open port 'COM16': FileNotFoundError(2, 'El sistema no puede encontrar el archivo especificado.', None, 2)")
OPEN FAILED: SerialException("could not open port 'COM16': FileNotFoundError(2, 'El sistema no puede encontrar el archivo especificado.', None, 2)")
OPEN FAILED: SerialException("could not open port 'COM16': FileNotFoundError(2, 'El sistema no puede encontrar el archivo especificado.', None, 2)")
OPEN FAILED: SerialException("could not open port 'COM16': FileNotFoundError(2, 'El sistema no puede encontrar el archivo especificado.', None, 2)")
OPEN FAILED: SerialException("could not open port 'COM16': FileNotFoundError(2, 'El sistema no puede encontrar el archivo especificado.', None, 2)")
OPEN FAILED: SerialException("could not open port 'COM16': FileNotFoundError(2, 'El sistema no puede encontrar el archivo especificado.', None, 2)")
OPEN FAILED: SerialException("could not open port 'COM16': FileNotFoundError(2, 'El sistema no puede encontrar el archivo especificado.', None, 2)")
OPEN FAILED: SerialException("could not open port 'COM16': FileNotFoundError(2, 'El sistema no puede encontrar el archivo especificado.', None, 2)")
OPEN FAILED: SerialException("could not open port 'COM16': FileNotFoundError(2, 'El sistema no puede encontrar el archivo especificado.', None, 2)")
OPEN FAILED: SerialException("could not open port 'COM16': FileNotFoundError(2, 'El sistema no puede encontrar el archivo especificado.', None, 2)")
=== COM16 abierto, capturando 120s (el open resetea la placa) ===
[   0.3s] Deep-sleep wake #159 (cause=4)
[   0.3s] Last reset reason: 8 = DEEPSLEEP
[   0.3s] Node address: 4 (Module B sees this as +RCV addr=4)
[   0.3s] Tick: sensor_read 2/3, lora_trans 1/4
[   0.3s] 
[   0.3s] [sleep] nothing due - no rails powered - sleeping 10s
READ FAILED after 4.7s: SerialException("ClearCommError failed (OSError(22, 'La operación de E/S se anuló por una salida de subproceso o por una solicitud de aplicación.', None, 995))")
=== fin ===
OPEN FAILED: SerialException("could not open port 'COM16': FileNotFoundError(2, 'El sistema no puede encontrar el archivo especificado.', None, 2)")
OPEN FAILED: SerialException("could not open port 'COM16': FileNotFoundError(2, 'El sistema no puede encontrar el archivo especificado.', None, 2)")
OPEN FAILED: SerialException("could not open port 'COM16': FileNotFoundError(2, 'El sistema no puede encontrar el archivo especificado.', None, 2)")
OPEN FAILED: SerialException("could not open port 'COM16': FileNotFoundError(2, 'El sistema no puede encontrar el archivo especificado.', None, 2)")
OPEN FAILED: SerialException("could not open port 'COM16': FileNotFoundError(2, 'El sistema no puede encontrar el archivo especificado.', None, 2)")
OPEN FAILED: SerialException("could not open port 'COM16': FileNotFoundError(2, 'El sistema no puede encontrar el archivo especificado.', None, 2)")
OPEN FAILED: SerialException("could not open port 'COM16': FileNotFoundError(2, 'El sistema no puede encontrar el archivo especificado.', None, 2)")
OPEN FAILED: SerialException("could not open port 'COM16': FileNotFoundError(2, 'El sistema no puede encontrar el archivo especificado.', None, 2)")
OPEN FAILED: SerialException("could not open port 'COM16': FileNotFoundError(2, 'El sistema no puede encontrar el archivo especificado.', None, 2)")
OPEN FAILED: SerialException("could not open port 'COM16': FileNotFoundError(2, 'El sistema no puede encontrar el archivo especificado.', None, 2)")
OPEN FAILED: SerialException("could not open port 'COM16': FileNotFoundError(2, 'El sistema no puede encontrar el archivo especificado.', None, 2)")
OPEN FAILED: SerialException("could not open port 'COM16': FileNotFoundError(2, 'El sistema no puede encontrar el archivo especificado.', None, 2)")
OPEN FAILED: SerialException("could not open port 'COM16': FileNotFoundError(2, 'El sistema no puede encontrar el archivo especificado.', None, 2)")
OPEN FAILED: SerialException("could not open port 'COM16': FileNotFoundError(2, 'El sistema no puede encontrar el archivo especificado.', None, 2)")
OPEN FAILED: SerialException("could not open port 'COM16': FileNotFoundError(2, 'El sistema no puede encontrar el archivo especificado.', None, 2)")
OPEN FAILED: SerialException("could not open port 'COM16': FileNotFoundError(2, 'El sistema no puede encontrar el archivo especificado.', None, 2)")
OPEN FAILED: SerialException("could not open port 'COM16': FileNotFoundError(2, 'El sistema no puede encontrar el archivo especificado.', None, 2)")
OPEN FAILED: SerialException("could not open port 'COM16': FileNotFoundError(2, 'El sistema no puede encontrar el archivo especificado.', None, 2)")
OPEN FAILED: SerialException("could not open port 'COM16': FileNotFoundError(2, 'El sistema no puede encontrar el archivo especificado.', None, 2)")
OPEN FAILED: SerialException("could not open port 'COM16': FileNotFoundError(2, 'El sistema no puede encontrar el archivo especificado.', None, 2)")
OPEN FAILED: SerialException("could not open port 'COM16': FileNotFoundError(2, 'El sistema no puede encontrar el archivo especificado.', None, 2)")
OPEN FAILED: SerialException("could not open port 'COM16': FileNotFoundError(2, 'El sistema no puede encontrar el archivo especificado.', None, 2)")
OPEN FAILED: SerialException("could not open port 'COM16': FileNotFoundError(2, 'El sistema no puede encontrar el archivo especificado.', None, 2)")
OPEN FAILED: SerialException("could not open port 'COM16': FileNotFoundError(2, 'El sistema no puede encontrar el archivo especificado.', None, 2)")
OPEN FAILED: SerialException("could not open port 'COM16': FileNotFoundError(2, 'El sistema no puede encontrar el archivo especificado.', None, 2)")
OPEN FAILED: SerialException("could not open port 'COM16': FileNotFoundError(2, 'El sistema no puede encontrar el archivo especificado.', None, 2)")
OPEN FAILED: SerialException("could not open port 'COM16': FileNotFoundError(2, 'El sistema no puede encontrar el archivo especificado.', None, 2)")
OPEN FAILED: SerialException("could not open port 'COM16': FileNotFoundError(2, 'El sistema no puede encontrar el archivo especificado.', None, 2)")
OPEN FAILED: SerialException("could not open port 'COM16': FileNotFoundError(2, 'El sistema no puede encontrar el archivo especificado.', None, 2)")
OPEN FAILED: SerialException("could not open port 'COM16': FileNotFoundError(2, 'El sistema no puede encontrar el archivo especificado.', None, 2)")
OPEN FAILED: SerialException("could not open port 'COM16': FileNotFoundError(2, 'El sistema no puede encontrar el archivo especificado.', None, 2)")
OPEN FAILED: SerialException("could not open port 'COM16': FileNotFoundError(2, 'El sistema no puede encontrar el archivo especificado.', None, 2)")
OPEN FAILED: SerialException("could not open port 'COM16': FileNotFoundError(2, 'El sistema no puede encontrar el archivo especificado.', None, 2)")
OPEN FAILED: SerialException("could not open port 'COM16': FileNotFoundError(2, 'El sistema no puede encontrar el archivo especificado.', None, 2)")
OPEN FAILED: SerialException("could not open port 'COM16': FileNotFoundError(2, 'El sistema no puede encontrar el archivo especificado.', None, 2)")
OPEN FAILED: SerialException("could not open port 'COM16': FileNotFoundError(2, 'El sistema no puede encontrar el archivo especificado.', None, 2)")
OPEN FAILED: SerialException("could not open port 'COM16': FileNotFoundError(2, 'El sistema no puede encontrar el archivo especificado.', None, 2)")
OPEN FAILED: SerialException("could not open port 'COM16': FileNotFoundError(2, 'El sistema no puede encontrar el archivo especificado.', None, 2)")
OPEN FAILED: SerialException("could not open port 'COM16': FileNotFoundError(2, 'El sistema no puede encontrar el archivo especificado.', None, 2)")
OPEN FAILED: SerialException("could not open port 'COM16': FileNotFoundError(2, 'El sistema no puede encontrar el archivo especificado.', None, 2)")
OPEN FAILED: SerialException("could not open port 'COM16': FileNotFoundError(2, 'El sistema no puede encontrar el archivo especificado.', None, 2)")
OPEN FAILED: SerialException("could not open port 'COM16': FileNotFoundError(2, 'El sistema no puede encontrar el archivo especificado.', None, 2)")
OPEN FAILED: SerialException("could not open port 'COM16': FileNotFoundError(2, 'El sistema no puede encontrar el archivo especificado.', None, 2)")
OPEN FAILED: SerialException("could not open port 'COM16': FileNotFoundError(2, 'El sistema no puede encontrar el archivo especificado.', None, 2)")
OPEN FAILED: SerialException("could not open port 'COM16': FileNotFoundError(2, 'El sistema no puede encontrar el archivo especificado.', None, 2)")
OPEN FAILED: SerialException("could not open port 'COM16': FileNotFoundError(2, 'El sistema no puede encontrar el archivo especificado.', None, 2)")
OPEN FAILED: SerialException("could not open port 'COM16': FileNotFoundError(2, 'El sistema no puede encontrar el archivo especificado.', None, 2)")
OPEN FAILED: SerialException("could not open port 'COM16': FileNotFoundError(2, 'El sistema no puede encontrar el archivo especificado.', None, 2)")
OPEN FAILED: SerialException("could not open port 'COM16': FileNotFoundError(2, 'El sistema no puede encontrar el archivo especificado.', None, 2)")
OPEN FAILED: SerialException("could not open port 'COM16': FileNotFoundError(2, 'El sistema no puede encontrar el archivo especificado.', None, 2)")
OPEN FAILED: SerialException("could not open port 'COM16': FileNotFoundError(2, 'El sistema no puede encontrar el archivo especificado.', None, 2)")
OPEN FAILED: SerialException("could not open port 'COM16': FileNotFoundError(2, 'El sistema no puede encontrar el archivo especificado.', None, 2)")
OPEN FAILED: SerialException("could not open port 'COM16': FileNotFoundError(2, 'El sistema no puede encontrar el archivo especificado.', None, 2)")
OPEN FAILED: SerialException("could not open port 'COM16': FileNotFoundError(2, 'El sistema no puede encontrar el archivo especificado.', None, 2)")
OPEN FAILED: SerialException("could not open port 'COM16': FileNotFoundError(2, 'El sistema no puede encontrar el archivo especificado.', None, 2)")
OPEN FAILED: SerialException("could not open port 'COM16': FileNotFoundError(2, 'El sistema no puede encontrar el archivo especificado.', None, 2)")
OPEN FAILED: SerialException("could not open port 'COM16': FileNotFoundError(2, 'El sistema no puede encontrar el archivo especificado.', None, 2)")
OPEN FAILED: SerialException("could not open port 'COM16': FileNotFoundError(2, 'El sistema no puede encontrar el archivo especificado.', None, 2)")
OPEN FAILED: SerialException("could not open port 'COM16': FileNotFoundError(2, 'El sistema no puede encontrar el archivo especificado.', None, 2)")
OPEN FAILED: SerialException("could not open port 'COM16': FileNotFoundError(2, 'El sistema no puede encontrar el archivo especificado.', None, 2)")
OPEN FAILED: SerialException("could not open port 'COM16': FileNotFoundError(2, 'El sistema no puede encontrar el archivo especificado.', None, 2)")
OPEN FAILED: SerialException("could not open port 'COM16': FileNotFoundError(2, 'El sistema no puede encontrar el archivo especificado.', None, 2)")
OPEN FAILED: SerialException("could not open port 'COM16': FileNotFoundError(2, 'El sistema no puede encontrar el archivo especificado.', None, 2)")
OPEN FAILED: SerialException("could not open port 'COM16': FileNotFoundError(2, 'El sistema no puede encontrar el archivo especificado.', None, 2)")
=== COM16 abierto, capturando 120s (el open resetea la placa) ===
[   0.3s] Deep-sleep wake #160 (cause=4)
[   0.3s] Last reset reason: 8 = DEEPSLEEP
[   0.3s] Node address: 4 (Module B sees this as +RCV addr=4)
[   0.3s] Tick: sensor_read 3/3, lora_trans 2/4
[   0.3s] Boot #83 since last power loss
[   2.2s] 3V3: about to assert
[   2.2s] 3V3: asserted
[   2.8s] 3V3: settled
[   2.8s] 5V: about to assert (plain write)
[   2.8s] 5V: asserted
[   3.4s] 5V: settled
[   3.4s] LoRa: about to assert
[   3.4s] LoRa: asserted
[   3.4s] BMV080 EN: GPIO15 -> LOW
[   3.7s] rails up
[   3.7s] [PowerManager] enable3V3Sensors (stub - bench has no gating FET yet)
[   3.7s] --- I2C scan (after rails, before sensor init) ---
[   3.7s]   ACK at 0x57
[   3.7s]   ACK at 0x74
[   3.7s]   ACK at 0x76
[   3.7s] [bme probe right after scan] 0x76 (addr-probe=0) chip ID = 0x61 (0x61 = BME69x, CORRECT)
[   3.7s] [  4086][E][Wire.cpp:499] requestFrom(): i2cWriteReadNonStop returned Error -1
[   3.7s] [bme probe right after scan] 0x77 accepted the register write but returned no data
[   3.7s] Waiting 5000ms for BMV080 startup...
[   8.7s] [bme probe after BMV080 wait, before begin] 0x76 (addr-probe=0) chip ID = 0x61 (0x61 = BME69x, CORRECT)
[   8.7s] [  9094][E][Wire.cpp:499] requestFrom(): i2cWriteReadNonStop returned Error -1
[   8.7s] [bme probe after BMV080 wait, before begin] 0x77 accepted the register write but returned no data
[   8.7s] [step] bme690.begin ...
[   9.0s] BME690: OK (bound to 0x76)
[   9.0s] SEN0466: SKIPPED (210s settle - excluded from the sleeping cycle)
[   9.0s] [step] cm1106.begin (SWAPPED: now before bmv080) ...
[  11.8s] [step] cm1106.begin returned ...
[  11.8s] [step] bmv080.begin (SWAPPED: now after cm1106) ...
READ FAILED after 12.7s: SerialException("ClearCommError failed (PermissionError(13, 'El dispositivo no reconoce el comando.', None, 22))")
=== fin ===
OPEN FAILED: SerialException("could not open port 'COM16': FileNotFoundError(2, 'El sistema no puede encontrar el archivo especificado.', None, 2)")
OPEN FAILED: SerialException("could not open port 'COM16': FileNotFoundError(2, 'El sistema no puede encontrar el archivo especificado.', None, 2)")
OPEN FAILED: SerialException("could not open port 'COM16': FileNotFoundError(2, 'El sistema no puede encontrar el archivo especificado.', None, 2)")
OPEN FAILED: SerialException("could not open port 'COM16': FileNotFoundError(2, 'El sistema no puede encontrar el archivo especificado.', None, 2)")
OPEN FAILED: SerialException("could not open port 'COM16': FileNotFoundError(2, 'El sistema no puede encontrar el archivo especificado.', None, 2)")
OPEN FAILED: SerialException("could not open port 'COM16': FileNotFoundError(2, 'El sistema no puede encontrar el archivo especificado.', None, 2)")
OPEN FAILED: SerialException("could not open port 'COM16': FileNotFoundError(2, 'El sistema no puede encontrar el archivo especificado.', None, 2)")
OPEN FAILED: SerialException("could not open port 'COM16': FileNotFoundError(2, 'El sistema no puede encontrar el archivo especificado.', None, 2)")
OPEN FAILED: SerialException("could not open port 'COM16': FileNotFoundError(2, 'El sistema no puede encontrar el archivo especificado.', None, 2)")
OPEN FAILED: SerialException("could not open port 'COM16': FileNotFoundError(2, 'El sistema no puede encontrar el archivo especificado.', None, 2)")
OPEN FAILED: SerialException("could not open port 'COM16': FileNotFoundError(2, 'El sistema no puede encontrar el archivo especificado.', None, 2)")
OPEN FAILED: SerialException("could not open port 'COM16': FileNotFoundError(2, 'El sistema no puede encontrar el archivo especificado.', None, 2)")
OPEN FAILED: SerialException("could not open port 'COM16': FileNotFoundError(2, 'El sistema no puede encontrar el archivo especificado.', None, 2)")
OPEN FAILED: SerialException("could not open port 'COM16': FileNotFoundError(2, 'El sistema no puede encontrar el archivo especificado.', None, 2)")
OPEN FAILED: SerialException("could not open port 'COM16': FileNotFoundError(2, 'El sistema no puede encontrar el archivo especificado.', None, 2)")
OPEN FAILED: SerialException("could not open port 'COM16': FileNotFoundError(2, 'El sistema no puede encontrar el archivo especificado.', None, 2)")
OPEN FAILED: SerialException("could not open port 'COM16': FileNotFoundError(2, 'El sistema no puede encontrar el archivo especificado.', None, 2)")
OPEN FAILED: SerialException("could not open port 'COM16': FileNotFoundError(2, 'El sistema no puede encontrar el archivo especificado.', None, 2)")
OPEN FAILED: SerialException("could not open port 'COM16': FileNotFoundError(2, 'El sistema no puede encontrar el archivo especificado.', None, 2)")
OPEN FAILED: SerialException("could not open port 'COM16': FileNotFoundError(2, 'El sistema no puede encontrar el archivo especificado.', None, 2)")
OPEN FAILED: SerialException("could not open port 'COM16': FileNotFoundError(2, 'El sistema no puede encontrar el archivo especificado.', None, 2)")
OPEN FAILED: SerialException("could not open port 'COM16': FileNotFoundError(2, 'El sistema no puede encontrar el archivo especificado.', None, 2)")
OPEN FAILED: SerialException("could not open port 'COM16': FileNotFoundError(2, 'El sistema no puede encontrar el archivo especificado.', None, 2)")
OPEN FAILED: SerialException("could not open port 'COM16': FileNotFoundError(2, 'El sistema no puede encontrar el archivo especificado.', None, 2)")
OPEN FAILED: SerialException("could not open port 'COM16': FileNotFoundError(2, 'El sistema no puede encontrar el archivo especificado.', None, 2)")
OPEN FAILED: SerialException("could not open port 'COM16': FileNotFoundError(2, 'El sistema no puede encontrar el archivo especificado.', None, 2)")
OPEN FAILED: SerialException("could not open port 'COM16': FileNotFoundError(2, 'El sistema no puede encontrar el archivo especificado.', None, 2)")
OPEN FAILED: SerialException("could not open port 'COM16': FileNotFoundError(2, 'El sistema no puede encontrar el archivo especificado.', None, 2)")
OPEN FAILED: SerialException("could not open port 'COM16': FileNotFoundError(2, 'El sistema no puede encontrar el archivo especificado.', None, 2)")
OPEN FAILED: SerialException("could not open port 'COM16': FileNotFoundError(2, 'El sistema no puede encontrar el archivo especificado.', None, 2)")
OPEN FAILED: SerialException("could not open port 'COM16': FileNotFoundError(2, 'El sistema no puede encontrar el archivo especificado.', None, 2)")
OPEN FAILED: SerialException("could not open port 'COM16': FileNotFoundError(2, 'El sistema no puede encontrar el archivo especificado.', None, 2)")
OPEN FAILED: SerialException("could not open port 'COM16': FileNotFoundError(2, 'El sistema no puede encontrar el archivo especificado.', None, 2)")
OPEN FAILED: SerialException("could not open port 'COM16': FileNotFoundError(2, 'El sistema no puede encontrar el archivo especificado.', None, 2)")
OPEN FAILED: SerialException("could not open port 'COM16': FileNotFoundError(2, 'El sistema no puede encontrar el archivo especificado.', None, 2)")
OPEN FAILED: SerialException("could not open port 'COM16': FileNotFoundError(2, 'El sistema no puede encontrar el archivo especificado.', None, 2)")
OPEN FAILED: SerialException("could not open port 'COM16': FileNotFoundError(2, 'El sistema no puede encontrar el archivo especificado.', None, 2)")
OPEN FAILED: SerialException("could not open port 'COM16': FileNotFoundError(2, 'El sistema no puede encontrar el archivo especificado.', None, 2)")
OPEN FAILED: SerialException("could not open port 'COM16': FileNotFoundError(2, 'El sistema no puede encontrar el archivo especificado.', None, 2)")
OPEN FAILED: SerialException("could not open port 'COM16': FileNotFoundError(2, 'El sistema no puede encontrar el archivo especificado.', None, 2)")
OPEN FAILED: SerialException("could not open port 'COM16': FileNotFoundError(2, 'El sistema no puede encontrar el archivo especificado.', None, 2)")
OPEN FAILED: SerialException("could not open port 'COM16': FileNotFoundError(2, 'El sistema no puede encontrar el archivo especificado.', None, 2)")
OPEN FAILED: SerialException("could not open port 'COM16': FileNotFoundError(2, 'El sistema no puede encontrar el archivo especificado.', None, 2)")
OPEN FAILED: SerialException("could not open port 'COM16': FileNotFoundError(2, 'El sistema no puede encontrar el archivo especificado.', None, 2)")
OPEN FAILED: SerialException("could not open port 'COM16': FileNotFoundError(2, 'El sistema no puede encontrar el archivo especificado.', None, 2)")
OPEN FAILED: SerialException("could not open port 'COM16': FileNotFoundError(2, 'El sistema no puede encontrar el archivo especificado.', None, 2)")
OPEN FAILED: SerialException("could not open port 'COM16': FileNotFoundError(2, 'El sistema no puede encontrar el archivo especificado.', None, 2)")
OPEN FAILED: SerialException("could not open port 'COM16': FileNotFoundError(2, 'El sistema no puede encontrar el archivo especificado.', None, 2)")
OPEN FAILED: SerialException("could not open port 'COM16': FileNotFoundError(2, 'El sistema no puede encontrar el archivo especificado.', None, 2)")
OPEN FAILED: SerialException("could not open port 'COM16': FileNotFoundError(2, 'El sistema no puede encontrar el archivo especificado.', None, 2)")
OPEN FAILED: SerialException("could not open port 'COM16': FileNotFoundError(2, 'El sistema no puede encontrar el archivo especificado.', None, 2)")
OPEN FAILED: SerialException("could not open port 'COM16': FileNotFoundError(2, 'El sistema no puede encontrar el archivo especificado.', None, 2)")
OPEN FAILED: SerialException("could not open port 'COM16': FileNotFoundError(2, 'El sistema no puede encontrar el archivo especificado.', None, 2)")
OPEN FAILED: SerialException("could not open port 'COM16': FileNotFoundError(2, 'El sistema no puede encontrar el archivo especificado.', None, 2)")
OPEN FAILED: SerialException("could not open port 'COM16': FileNotFoundError(2, 'El sistema no puede encontrar el archivo especificado.', None, 2)")
OPEN FAILED: SerialException("could not open port 'COM16': FileNotFoundError(2, 'El sistema no puede encontrar el archivo especificado.', None, 2)")
OPEN FAILED: SerialException("could not open port 'COM16': FileNotFoundError(2, 'El sistema no puede encontrar el archivo especificado.', None, 2)")
OPEN FAILED: SerialException("could not open port 'COM16': FileNotFoundError(2, 'El sistema no puede encontrar el archivo especificado.', None, 2)")
OPEN FAILED: SerialException("could not open port 'COM16': FileNotFoundError(2, 'El sistema no puede encontrar el archivo especificado.', None, 2)")
OPEN FAILED: SerialException("could not open port 'COM16': FileNotFoundError(2, 'El sistema no puede encontrar el archivo especificado.', None, 2)")
OPEN FAILED: SerialException("could not open port 'COM16': FileNotFoundError(2, 'El sistema no puede encontrar el archivo especificado.', None, 2)")
OPEN FAILED: SerialException("could not open port 'COM16': FileNotFoundError(2, 'El sistema no puede encontrar el archivo especificado.', None, 2)")
OPEN FAILED: SerialException("could not open port 'COM16': FileNotFoundError(2, 'El sistema no puede encontrar el archivo especificado.', None, 2)")
OPEN FAILED: SerialException("could not open port 'COM16': FileNotFoundError(2, 'El sistema no puede encontrar el archivo especificado.', None, 2)")
OPEN FAILED: SerialException("could not open port 'COM16': FileNotFoundError(2, 'El sistema no puede encontrar el archivo especificado.', None, 2)")
OPEN FAILED: SerialException("could not open port 'COM16': FileNotFoundError(2, 'El sistema no puede encontrar el archivo especificado.', None, 2)")
OPEN FAILED: SerialException("could not open port 'COM16': FileNotFoundError(2, 'El sistema no puede encontrar el archivo especificado.', None, 2)")
OPEN FAILED: SerialException("could not open port 'COM16': FileNotFoundError(2, 'El sistema no puede encontrar el archivo especificado.', None, 2)")
OPEN FAILED: SerialException("could not open port 'COM16': FileNotFoundError(2, 'El sistema no puede encontrar el archivo especificado.', None, 2)")
OPEN FAILED: SerialException("could not open port 'COM16': FileNotFoundError(2, 'El sistema no puede encontrar el archivo especificado.', None, 2)")
OPEN FAILED: SerialException("could not open port 'COM16': FileNotFoundError(2, 'El sistema no puede encontrar el archivo especificado.', None, 2)")
OPEN FAILED: SerialException("could not open port 'COM16': FileNotFoundError(2, 'El sistema no puede encontrar el archivo especificado.', None, 2)")
OPEN FAILED: SerialException("could not open port 'COM16': FileNotFoundError(2, 'El sistema no puede encontrar el archivo especificado.', None, 2)")
OPEN FAILED: SerialException("could not open port 'COM16': FileNotFoundError(2, 'El sistema no puede encontrar el archivo especificado.', None, 2)")
OPEN FAILED: SerialException("could not open port 'COM16': FileNotFoundError(2, 'El sistema no puede encontrar el archivo especificado.', None, 2)")
OPEN FAILED: SerialException("could not open port 'COM16': FileNotFoundError(2, 'El sistema no puede encontrar el archivo especificado.', None, 2)")
OPEN FAILED: SerialException("could not open port 'COM16': FileNotFoundError(2, 'El sistema no puede encontrar el archivo especificado.', None, 2)")
OPEN FAILED: SerialException("could not open port 'COM16': FileNotFoundError(2, 'El sistema no puede encontrar el archivo especificado.', None, 2)")
OPEN FAILED: SerialException("could not open port 'COM16': FileNotFoundError(2, 'El sistema no puede encontrar el archivo especificado.', None, 2)")
OPEN FAILED: SerialException("could not open port 'COM16': FileNotFoundError(2, 'El sistema no puede encontrar el archivo especificado.', None, 2)")
OPEN FAILED: SerialException("could not open port 'COM16': FileNotFoundError(2, 'El sistema no puede encontrar el archivo especificado.', None, 2)")
OPEN FAILED: SerialException("could not open port 'COM16': FileNotFoundError(2, 'El sistema no puede encontrar el archivo especificado.', None, 2)")
OPEN FAILED: SerialException("could not open port 'COM16': FileNotFoundError(2, 'El sistema no puede encontrar el archivo especificado.', None, 2)")
OPEN FAILED: SerialException("could not open port 'COM16': FileNotFoundError(2, 'El sistema no puede encontrar el archivo especificado.', None, 2)")
OPEN FAILED: SerialException("could not open port 'COM16': FileNotFoundError(2, 'El sistema no puede encontrar el archivo especificado.', None, 2)")
OPEN FAILED: SerialException("could not open port 'COM16': FileNotFoundError(2, 'El sistema no puede encontrar el archivo especificado.', None, 2)")
OPEN FAILED: SerialException("could not open port 'COM16': FileNotFoundError(2, 'El sistema no puede encontrar el archivo especificado.', None, 2)")
OPEN FAILED: SerialException("could not open port 'COM16': FileNotFoundError(2, 'El sistema no puede encontrar el archivo especificado.', None, 2)")
OPEN FAILED: SerialException("could not open port 'COM16': FileNotFoundError(2, 'El sistema no puede encontrar el archivo especificado.', None, 2)")
OPEN FAILED: SerialException("could not open port 'COM16': FileNotFoundError(2, 'El sistema no puede encontrar el archivo especificado.', None, 2)")
OPEN FAILED: SerialException("could not open port 'COM16': FileNotFoundError(2, 'El sistema no puede encontrar el archivo especificado.', None, 2)")
OPEN FAILED: SerialException("could not open port 'COM16': FileNotFoundError(2, 'El sistema no puede encontrar el archivo especificado.', None, 2)")
OPEN FAILED: SerialException("could not open port 'COM16': FileNotFoundError(2, 'El sistema no puede encontrar el archivo especificado.', None, 2)")
OPEN FAILED: SerialException("could not open port 'COM16': FileNotFoundError(2, 'El sistema no puede encontrar el archivo especificado.', None, 2)")
OPEN FAILED: SerialException("could not open port 'COM16': FileNotFoundError(2, 'El sistema no puede encontrar el archivo especificado.', None, 2)")
OPEN FAILED: SerialException("could not open port 'COM16': FileNotFoundError(2, 'El sistema no puede encontrar el archivo especificado.', None, 2)")
OPEN FAILED: SerialException("could not open port 'COM16': FileNotFoundError(2, 'El sistema no puede encontrar el archivo especificado.', None, 2)")
OPEN FAILED: SerialException("could not open port 'COM16': FileNotFoundError(2, 'El sistema no puede encontrar el archivo especificado.', None, 2)")
OPEN FAILED: SerialException("could not open port 'COM16': FileNotFoundError(2, 'El sistema no puede encontrar el archivo especificado.', None, 2)")
OPEN FAILED: SerialException("could not open port 'COM16': FileNotFoundError(2, 'El sistema no puede encontrar el archivo especificado.', None, 2)")
OPEN FAILED: SerialException("could not open port 'COM16': FileNotFoundError(2, 'El sistema no puede encontrar el archivo especificado.', None, 2)")
OPEN FAILED: SerialException("could not open port 'COM16': FileNotFoundError(2, 'El sistema no puede encontrar el archivo especificado.', None, 2)")
OPEN FAILED: SerialException("could not open port 'COM16': FileNotFoundError(2, 'El sistema no puede encontrar el archivo especificado.', None, 2)")
OPEN FAILED: SerialException("could not open port 'COM16': FileNotFoundError(2, 'El sistema no puede encontrar el archivo especificado.', None, 2)")
OPEN FAILED: SerialException("could not open port 'COM16': FileNotFoundError(2, 'El sistema no puede encontrar el archivo especificado.', None, 2)")
OPEN FAILED: SerialException("could not open port 'COM16': FileNotFoundError(2, 'El sistema no puede encontrar el archivo especificado.', None, 2)")
OPEN FAILED: SerialException("could not open port 'COM16': FileNotFoundError(2, 'El sistema no puede encontrar el archivo especificado.', None, 2)")
OPEN FAILED: SerialException("could not open port 'COM16': FileNotFoundError(2, 'El sistema no puede encontrar el archivo especificado.', None, 2)")
OPEN FAILED: SerialException("could not open port 'COM16': FileNotFoundError(2, 'El sistema no puede encontrar el archivo especificado.', None, 2)")
OPEN FAILED: SerialException("could not open port 'COM16': FileNotFoundError(2, 'El sistema no puede encontrar el archivo especificado.', None, 2)")
=== COM16 abierto, capturando 120s (el open resetea la placa) ===
READ FAILED after 0.3s: SerialException("ClearCommError failed (PermissionError(13, 'El dispositivo no reconoce el comando.', None, 22))")
=== fin ===
OPEN FAILED: SerialException("could not open port 'COM16': FileNotFoundError(2, 'El sistema no puede encontrar el archivo especificado.', None, 2)")
OPEN FAILED: SerialException("could not open port 'COM16': FileNotFoundError(2, 'El sistema no puede encontrar el archivo especificado.', None, 2)")
OPEN FAILED: SerialException("could not open port 'COM16': FileNotFoundError(2, 'El sistema no puede encontrar el archivo especificado.', None, 2)")
OPEN FAILED: SerialException("could not open port 'COM16': FileNotFoundError(2, 'El sistema no puede encontrar el archivo especificado.', None, 2)")
OPEN FAILED: SerialException("could not open port 'COM16': FileNotFoundError(2, 'El sistema no puede encontrar el archivo especificado.', None, 2)")
OPEN FAILED: SerialException("could not open port 'COM16': FileNotFoundError(2, 'El sistema no puede encontrar el archivo especificado.', None, 2)")
OPEN FAILED: SerialException("could not open port 'COM16': FileNotFoundError(2, 'El sistema no puede encontrar el archivo especificado.', None, 2)")
OPEN FAILED: SerialException("could not open port 'COM16': FileNotFoundError(2, 'El sistema no puede encontrar el archivo especificado.', None, 2)")
OPEN FAILED: SerialException("could not open port 'COM16': FileNotFoundError(2, 'El sistema no puede encontrar el archivo especificado.', None, 2)")
OPEN FAILED: SerialException("could not open port 'COM16': FileNotFoundError(2, 'El sistema no puede encontrar el archivo especificado.', None, 2)")
OPEN FAILED: SerialException("could not open port 'COM16': FileNotFoundError(2, 'El sistema no puede encontrar el archivo especificado.', None, 2)")
OPEN FAILED: SerialException("could not open port 'COM16': FileNotFoundError(2, 'El sistema no puede encontrar el archivo especificado.', None, 2)")
OPEN FAILED: SerialException("could not open port 'COM16': FileNotFoundError(2, 'El sistema no puede encontrar el archivo especificado.', None, 2)")
OPEN FAILED: SerialException("could not open port 'COM16': FileNotFoundError(2, 'El sistema no puede encontrar el archivo especificado.', None, 2)")
OPEN FAILED: SerialException("could not open port 'COM16': FileNotFoundError(2, 'El sistema no puede encontrar el archivo especificado.', None, 2)")
OPEN FAILED: SerialException("could not open port 'COM16': FileNotFoundError(2, 'El sistema no puede encontrar el archivo especificado.', None, 2)")
OPEN FAILED: SerialException("could not open port 'COM16': FileNotFoundError(2, 'El sistema no puede encontrar el archivo especificado.', None, 2)")
OPEN FAILED: SerialException("could not open port 'COM16': FileNotFoundError(2, 'El sistema no puede encontrar el archivo especificado.', None, 2)")
OPEN FAILED: SerialException("could not open port 'COM16': FileNotFoundError(2, 'El sistema no puede encontrar el archivo especificado.', None, 2)")
OPEN FAILED: SerialException("could not open port 'COM16': FileNotFoundError(2, 'El sistema no puede encontrar el archivo especificado.', None, 2)")
OPEN FAILED: SerialException("could not open port 'COM16': FileNotFoundError(2, 'El sistema no puede encontrar el archivo especificado.', None, 2)")
OPEN FAILED: SerialException("could not open port 'COM16': FileNotFoundError(2, 'El sistema no puede encontrar el archivo especificado.', None, 2)")
OPEN FAILED: SerialException("could not open port 'COM16': FileNotFoundError(2, 'El sistema no puede encontrar el archivo especificado.', None, 2)")
OPEN FAILED: SerialException("could not open port 'COM16': FileNotFoundError(2, 'El sistema no puede encontrar el archivo especificado.', None, 2)")
OPEN FAILED: SerialException("could not open port 'COM16': FileNotFoundError(2, 'El sistema no puede encontrar el archivo especificado.', None, 2)")
OPEN FAILED: SerialException("could not open port 'COM16': FileNotFoundError(2, 'El sistema no puede encontrar el archivo especificado.', None, 2)")
OPEN FAILED: SerialException("could not open port 'COM16': FileNotFoundError(2, 'El sistema no puede encontrar el archivo especificado.', None, 2)")
OPEN FAILED: SerialException("could not open port 'COM16': FileNotFoundError(2, 'El sistema no puede encontrar el archivo especificado.', None, 2)")
OPEN FAILED: SerialException("could not open port 'COM16': FileNotFoundError(2, 'El sistema no puede encontrar el archivo especificado.', None, 2)")
OPEN FAILED: SerialException("could not open port 'COM16': FileNotFoundError(2, 'El sistema no puede encontrar el archivo especificado.', None, 2)")
OPEN FAILED: SerialException("could not open port 'COM16': FileNotFoundError(2, 'El sistema no puede encontrar el archivo especificado.', None, 2)")
OPEN FAILED: SerialException("could not open port 'COM16': FileNotFoundError(2, 'El sistema no puede encontrar el archivo especificado.', None, 2)")
OPEN FAILED: SerialException("could not open port 'COM16': FileNotFoundError(2, 'El sistema no puede encontrar el archivo especificado.', None, 2)")
OPEN FAILED: SerialException("could not open port 'COM16': FileNotFoundError(2, 'El sistema no puede encontrar el archivo especificado.', None, 2)")
OPEN FAILED: SerialException("could not open port 'COM16': FileNotFoundError(2, 'El sistema no puede encontrar el archivo especificado.', None, 2)")
OPEN FAILED: SerialException("could not open port 'COM16': FileNotFoundError(2, 'El sistema no puede encontrar el archivo especificado.', None, 2)")
OPEN FAILED: SerialException("could not open port 'COM16': FileNotFoundError(2, 'El sistema no puede encontrar el archivo especificado.', None, 2)")
OPEN FAILED: SerialException("could not open port 'COM16': FileNotFoundError(2, 'El sistema no puede encontrar el archivo especificado.', None, 2)")
OPEN FAILED: SerialException("could not open port 'COM16': FileNotFoundError(2, 'El sistema no puede encontrar el archivo especificado.', None, 2)")
OPEN FAILED: SerialException("could not open port 'COM16': FileNotFoundError(2, 'El sistema no puede encontrar el archivo especificado.', None, 2)")
OPEN FAILED: SerialException("could not open port 'COM16': FileNotFoundError(2, 'El sistema no puede encontrar el archivo especificado.', None, 2)")
OPEN FAILED: SerialException("could not open port 'COM16': FileNotFoundError(2, 'El sistema no puede encontrar el archivo especificado.', None, 2)")
OPEN FAILED: SerialException("could not open port 'COM16': FileNotFoundError(2, 'El sistema no puede encontrar el archivo especificado.', None, 2)")
OPEN FAILED: SerialException("could not open port 'COM16': FileNotFoundError(2, 'El sistema no puede encontrar el archivo especificado.', None, 2)")
OPEN FAILED: SerialException("could not open port 'COM16': FileNotFoundError(2, 'El sistema no puede encontrar el archivo especificado.', None, 2)")
OPEN FAILED: SerialException("could not open port 'COM16': FileNotFoundError(2, 'El sistema no puede encontrar el archivo especificado.', None, 2)")
OPEN FAILED: SerialException("could not open port 'COM16': FileNotFoundError(2, 'El sistema no puede encontrar el archivo especificado.', None, 2)")
OPEN FAILED: SerialException("could not open port 'COM16': FileNotFoundError(2, 'El sistema no puede encontrar el archivo especificado.', None, 2)")
OPEN FAILED: SerialException("could not open port 'COM16': FileNotFoundError(2, 'El sistema no puede encontrar el archivo especificado.', None, 2)")
OPEN FAILED: SerialException("could not open port 'COM16': FileNotFoundError(2, 'El sistema no puede encontrar el archivo especificado.', None, 2)")
OPEN FAILED: SerialException("could not open port 'COM16': FileNotFoundError(2, 'El sistema no puede encontrar el archivo especificado.', None, 2)")
OPEN FAILED: SerialException("could not open port 'COM16': FileNotFoundError(2, 'El sistema no puede encontrar el archivo especificado.', None, 2)")
OPEN FAILED: SerialException("could not open port 'COM16': FileNotFoundError(2, 'El sistema no puede encontrar el archivo especificado.', None, 2)")
OPEN FAILED: SerialException("could not open port 'COM16': FileNotFoundError(2, 'El sistema no puede encontrar el archivo especificado.', None, 2)")
OPEN FAILED: SerialException("could not open port 'COM16': FileNotFoundError(2, 'El sistema no puede encontrar el archivo especificado.', None, 2)")
OPEN FAILED: SerialException("could not open port 'COM16': FileNotFoundError(2, 'El sistema no puede encontrar el archivo especificado.', None, 2)")
OPEN FAILED: SerialException("could not open port 'COM16': FileNotFoundError(2, 'El sistema no puede encontrar el archivo especificado.', None, 2)")
OPEN FAILED: SerialException("could not open port 'COM16': FileNotFoundError(2, 'El sistema no puede encontrar el archivo especificado.', None, 2)")
OPEN FAILED: SerialException("could not open port 'COM16': FileNotFoundError(2, 'El sistema no puede encontrar el archivo especificado.', None, 2)")
OPEN FAILED: SerialException("could not open port 'COM16': FileNotFoundError(2, 'El sistema no puede encontrar el archivo especificado.', None, 2)")
OPEN FAILED: SerialException("could not open port 'COM16': FileNotFoundError(2, 'El sistema no puede encontrar el archivo especificado.', None, 2)")
OPEN FAILED: SerialException("could not open port 'COM16': FileNotFoundError(2, 'El sistema no puede encontrar el archivo especificado.', None, 2)")
OPEN FAILED: SerialException("could not open port 'COM16': FileNotFoundError(2, 'El sistema no puede encontrar el archivo especificado.', None, 2)")
OPEN FAILED: SerialException("could not open port 'COM16': FileNotFoundError(2, 'El sistema no puede encontrar el archivo especificado.', None, 2)")
OPEN FAILED: SerialException("could not open port 'COM16': FileNotFoundError(2, 'El sistema no puede encontrar el archivo especificado.', None, 2)")
OPEN FAILED: SerialException("could not open port 'COM16': FileNotFoundError(2, 'El sistema no puede encontrar el archivo especificado.', None, 2)")
OPEN FAILED: SerialException("could not open port 'COM16': FileNotFoundError(2, 'El sistema no puede encontrar el archivo especificado.', None, 2)")
OPEN FAILED: SerialException("could not open port 'COM16': FileNotFoundError(2, 'El sistema no puede encontrar el archivo especificado.', None, 2)")
OPEN FAILED: SerialException("could not open port 'COM16': FileNotFoundError(2, 'El sistema no puede encontrar el archivo especificado.', None, 2)")
OPEN FAILED: SerialException("could not open port 'COM16': FileNotFoundError(2, 'El sistema no puede encontrar el archivo especificado.', None, 2)")
OPEN FAILED: SerialException("could not open port 'COM16': FileNotFoundError(2, 'El sistema no puede encontrar el archivo especificado.', None, 2)")
OPEN FAILED: SerialException("could not open port 'COM16': FileNotFoundError(2, 'El sistema no puede encontrar el archivo especificado.', None, 2)")
OPEN FAILED: SerialException("could not open port 'COM16': FileNotFoundError(2, 'El sistema no puede encontrar el archivo especificado.', None, 2)")
OPEN FAILED: SerialException("could not open port 'COM16': FileNotFoundError(2, 'El sistema no puede encontrar el archivo especificado.', None, 2)")
OPEN FAILED: SerialException("could not open port 'COM16': FileNotFoundError(2, 'El sistema no puede encontrar el archivo especificado.', None, 2)")
OPEN FAILED: SerialException("could not open port 'COM16': FileNotFoundError(2, 'El sistema no puede encontrar el archivo especificado.', None, 2)")
OPEN FAILED: SerialException("could not open port 'COM16': FileNotFoundError(2, 'El sistema no puede encontrar el archivo especificado.', None, 2)")
OPEN FAILED: SerialException("could not open port 'COM16': FileNotFoundError(2, 'El sistema no puede encontrar el archivo especificado.', None, 2)")
OPEN FAILED: SerialException("could not open port 'COM16': FileNotFoundError(2, 'El sistema no puede encontrar el archivo especificado.', None, 2)")
OPEN FAILED: SerialException("could not open port 'COM16': FileNotFoundError(2, 'El sistema no puede encontrar el archivo especificado.', None, 2)")
OPEN FAILED: SerialException("could not open port 'COM16': FileNotFoundError(2, 'El sistema no puede encontrar el archivo especificado.', None, 2)")
OPEN FAILED: SerialException("could not open port 'COM16': FileNotFoundError(2, 'El sistema no puede encontrar el archivo especificado.', None, 2)")
OPEN FAILED: SerialException("could not open port 'COM16': FileNotFoundError(2, 'El sistema no puede encontrar el archivo especificado.', None, 2)")
OPEN FAILED: SerialException("could not open port 'COM16': FileNotFoundError(2, 'El sistema no puede encontrar el archivo especificado.', None, 2)")
OPEN FAILED: SerialException("could not open port 'COM16': FileNotFoundError(2, 'El sistema no puede encontrar el archivo especificado.', None, 2)")
OPEN FAILED: SerialException("could not open port 'COM16': FileNotFoundError(2, 'El sistema no puede encontrar el archivo especificado.', None, 2)")
OPEN FAILED: SerialException("could not open port 'COM16': FileNotFoundError(2, 'El sistema no puede encontrar el archivo especificado.', None, 2)")
OPEN FAILED: SerialException("could not open port 'COM16': FileNotFoundError(2, 'El sistema no puede encontrar el archivo especificado.', None, 2)")
OPEN FAILED: SerialException("could not open port 'COM16': FileNotFoundError(2, 'El sistema no puede encontrar el archivo especificado.', None, 2)")
OPEN FAILED: SerialException("could not open port 'COM16': FileNotFoundError(2, 'El sistema no puede encontrar el archivo especificado.', None, 2)")
OPEN FAILED: SerialException("could not open port 'COM16': FileNotFoundError(2, 'El sistema no puede encontrar el archivo especificado.', None, 2)")
OPEN FAILED: SerialException("could not open port 'COM16': FileNotFoundError(2, 'El sistema no puede encontrar el archivo especificado.', None, 2)")
OPEN FAILED: SerialException("could not open port 'COM16': FileNotFoundError(2, 'El sistema no puede encontrar el archivo especificado.', None, 2)")
OPEN FAILED: SerialException("could not open port 'COM16': FileNotFoundError(2, 'El sistema no puede encontrar el archivo especificado.', None, 2)")
OPEN FAILED: SerialException("could not open port 'COM16': FileNotFoundError(2, 'El sistema no puede encontrar el archivo especificado.', None, 2)")
OPEN FAILED: SerialException("could not open port 'COM16': FileNotFoundError(2, 'El sistema no puede encontrar el archivo especificado.', None, 2)")
OPEN FAILED: SerialException("could not open port 'COM16': FileNotFoundError(2, 'El sistema no puede encontrar el archivo especificado.', None, 2)")
OPEN FAILED: SerialException("could not open port 'COM16': FileNotFoundError(2, 'El sistema no puede encontrar el archivo especificado.', None, 2)")
OPEN FAILED: SerialException("could not open port 'COM16': FileNotFoundError(2, 'El sistema no puede encontrar el archivo especificado.', None, 2)")
OPEN FAILED: SerialException("could not open port 'COM16': FileNotFoundError(2, 'El sistema no puede encontrar el archivo especificado.', None, 2)")
OPEN FAILED: SerialException("could not open port 'COM16': FileNotFoundError(2, 'El sistema no puede encontrar el archivo especificado.', None, 2)")
OPEN FAILED: SerialException("could not open port 'COM16': FileNotFoundError(2, 'El sistema no puede encontrar el archivo especificado.', None, 2)")
OPEN FAILED: SerialException("could not open port 'COM16': FileNotFoundError(2, 'El sistema no puede encontrar el archivo especificado.', None, 2)")
OPEN FAILED: SerialException("could not open port 'COM16': FileNotFoundError(2, 'El sistema no puede encontrar el archivo especificado.', None, 2)")
OPEN FAILED: SerialException("could not open port 'COM16': FileNotFoundError(2, 'El sistema no puede encontrar el archivo especificado.', None, 2)")
OPEN FAILED: SerialException("could not open port 'COM16': FileNotFoundError(2, 'El sistema no puede encontrar el archivo especificado.', None, 2)")
OPEN FAILED: SerialException("could not open port 'COM16': FileNotFoundError(2, 'El sistema no puede encontrar el archivo especificado.', None, 2)")
OPEN FAILED: SerialException("could not open port 'COM16': FileNotFoundError(2, 'El sistema no puede encontrar el archivo especificado.', None, 2)")
=== COM16 abierto, capturando 120s (el open resetea la placa) ===
[   0.3s] Deep-sleep wake #162 (cause=4)
[   0.3s] Last reset reason: 8 = DEEPSLEEP
[   0.3s] Node address: 4 (Module B sees this as +RCV addr=4)
[   0.3s] Tick: sensor_read 2/3, lora_trans 4/4
[   0.3s] Boot #84 since last power loss
[   2.5s] 3V3: about to assert
[   2.5s] 3V3: asserted
[   2.8s] 3V3: settled
[   2.8s] 5V: about to assert (plain write)
[   2.8s] 5V: asserted
[   3.4s] 5V: settled
[   3.4s] LoRa: about to assert
[   3.4s] LoRa: asserted
[   3.4s] BMV080 EN: GPIO15 -> LOW
[   4.0s] rails up
[   4.0s] [PowerManager] enable3V3Sensors (stub - bench has no gating FET yet)
[   4.0s] --- I2C scan (after rails, before sensor init) ---
[   4.0s]   ACK at 0x57
[   4.0s]   ACK at 0x74
[   4.0s]   ACK at 0x76
[   4.0s] [bme probe right after scan] 0x76 (addr-probe=0) chip ID = 0x61 (0x61 = BME69x, CORRECT)
[   4.0s] [  4088][E][Wire.cpp:499] requestFrom(): i2cWriteReadNonStop returned Error -1
[   4.0s] [bme probe right after scan] 0x77 accepted the register write but returned no data
[   4.0s] Waiting 5000ms for BMV080 startup...
[   9.0s] [bme probe after BMV080 wait, before begin] 0x76 (addr-probe=0) chip ID = 0x61 (0x61 = BME69x, CORRECT)
[   9.0s] [  9096][E][Wire.cpp:499] requestFrom(): i2cWriteReadNonStop returned Error -1
[   9.0s] [bme probe after BMV080 wait, before begin] 0x77 accepted the register write but returned no data
[   9.0s] [step] bme690.begin ...
[   9.0s] BME690: OK (bound to 0x76)
[   9.0s] SEN0466: SKIPPED (210s settle - excluded from the sleeping cycle)
[   9.0s] [step] cm1106.begin (SWAPPED: now before bmv080) ...
[  12.1s] [step] cm1106.begin returned ...
[  12.1s] [step] bmv080.begin (SWAPPED: now after cm1106) ...
[  12.7s] BMV080: OK
[  12.7s] [step] calypso.begin next ...
[  12.7s] [step] calypso.begin returned - radio next ...
[  12.7s] Configuring RYLR998 (link parameters must match pp1-lora-receiver):
[  12.7s]   -> AT
[  12.7s]   <- +OK
[  12.7s]   -> AT+ADDRESS=4
[  12.7s]   <- +OK
[  12.7s]   -> AT+NETWORKID=5
[  12.7s]   <- +OK
[  12.7s]   -> AT+BAND=868000000
[  12.7s]   <- +OK
[  12.7s]   -> AT+PARAMETER=7,7,1,12
[  12.7s]   <- +OK
[  12.7s]   -> AT+CRFOP=14
[  12.7s]   <- +OK
[  12.7s] LoRa TX power -> 14 dBm: OK
[  12.7s] Radio init OK
[  12.7s] Setup complete.
[  12.7s] 
[  12.7s] [sentinel] bme=OK(T25.1 H46.6) co=NotInit(0.00)  (40ms)
[  14.2s] [tx] sensor rails off for the transmit
[  14.9s] TX [0..0/1] 70 bytes: 25.12,46.48,944.42,7239.82,0.00,0.00,0.00,667.00,0.00,0.00,0.00,0.00,0  (sent)
READ FAILED after 16.9s: SerialException("ClearCommError failed (PermissionError(13, 'El dispositivo no reconoce el comando.', None, 22))")
=== fin ===
OPEN FAILED: SerialException("could not open port 'COM16': FileNotFoundError(2, 'El sistema no puede encontrar el archivo especificado.', None, 2)")
OPEN FAILED: SerialException("could not open port 'COM16': FileNotFoundError(2, 'El sistema no puede encontrar el archivo especificado.', None, 2)")
OPEN FAILED: SerialException("could not open port 'COM16': FileNotFoundError(2, 'El sistema no puede encontrar el archivo especificado.', None, 2)")
OPEN FAILED: SerialException("could not open port 'COM16': FileNotFoundError(2, 'El sistema no puede encontrar el archivo especificado.', None, 2)")
OPEN FAILED: SerialException("could not open port 'COM16': FileNotFoundError(2, 'El sistema no puede encontrar el archivo especificado.', None, 2)")
OPEN FAILED: SerialException("could not open port 'COM16': FileNotFoundError(2, 'El sistema no puede encontrar el archivo especificado.', None, 2)")
OPEN FAILED: SerialException("could not open port 'COM16': FileNotFoundError(2, 'El sistema no puede encontrar el archivo especificado.', None, 2)")
OPEN FAILED: SerialException("could not open port 'COM16': FileNotFoundError(2, 'El sistema no puede encontrar el archivo especificado.', None, 2)")
OPEN FAILED: SerialException("could not open port 'COM16': FileNotFoundError(2, 'El sistema no puede encontrar el archivo especificado.', None, 2)")
OPEN FAILED: SerialException("could not open port 'COM16': FileNotFoundError(2, 'El sistema no puede encontrar el archivo especificado.', None, 2)")
OPEN FAILED: SerialException("could not open port 'COM16': FileNotFoundError(2, 'El sistema no puede encontrar el archivo especificado.', None, 2)")
OPEN FAILED: SerialException("could not open port 'COM16': FileNotFoundError(2, 'El sistema no puede encontrar el archivo especificado.', None, 2)")
OPEN FAILED: SerialException("could not open port 'COM16': FileNotFoundError(2, 'El sistema no puede encontrar el archivo especificado.', None, 2)")
OPEN FAILED: SerialException("could not open port 'COM16': FileNotFoundError(2, 'El sistema no puede encontrar el archivo especificado.', None, 2)")
OPEN FAILED: SerialException("could not open port 'COM16': FileNotFoundError(2, 'El sistema no puede encontrar el archivo especificado.', None, 2)")
OPEN FAILED: SerialException("could not open port 'COM16': FileNotFoundError(2, 'El sistema no puede encontrar el archivo especificado.', None, 2)")
OPEN FAILED: SerialException("could not open port 'COM16': FileNotFoundError(2, 'El sistema no puede encontrar el archivo especificado.', None, 2)")
OPEN FAILED: SerialException("could not open port 'COM16': FileNotFoundError(2, 'El sistema no puede encontrar el archivo especificado.', None, 2)")
OPEN FAILED: SerialException("could not open port 'COM16': FileNotFoundError(2, 'El sistema no puede encontrar el archivo especificado.', None, 2)")
OPEN FAILED: SerialException("could not open port 'COM16': FileNotFoundError(2, 'El sistema no puede encontrar el archivo especificado.', None, 2)")
OPEN FAILED: SerialException("could not open port 'COM16': FileNotFoundError(2, 'El sistema no puede encontrar el archivo especificado.', None, 2)")
OPEN FAILED: SerialException("could not open port 'COM16': FileNotFoundError(2, 'El sistema no puede encontrar el archivo especificado.', None, 2)")
OPEN FAILED: SerialException("could not open port 'COM16': FileNotFoundError(2, 'El sistema no puede encontrar el archivo especificado.', None, 2)")
OPEN FAILED: SerialException("could not open port 'COM16': FileNotFoundError(2, 'El sistema no puede encontrar el archivo especificado.', None, 2)")
OPEN FAILED: SerialException("could not open port 'COM16': FileNotFoundError(2, 'El sistema no puede encontrar el archivo especificado.', None, 2)")
OPEN FAILED: SerialException("could not open port 'COM16': FileNotFoundError(2, 'El sistema no puede encontrar el archivo especificado.', None, 2)")
OPEN FAILED: SerialException("could not open port 'COM16': FileNotFoundError(2, 'El sistema no puede encontrar el archivo especificado.', None, 2)")
OPEN FAILED: SerialException("could not open port 'COM16': FileNotFoundError(2, 'El sistema no puede encontrar el archivo especificado.', None, 2)")
OPEN FAILED: SerialException("could not open port 'COM16': FileNotFoundError(2, 'El sistema no puede encontrar el archivo especificado.', None, 2)")
OPEN FAILED: SerialException("could not open port 'COM16': FileNotFoundError(2, 'El sistema no puede encontrar el archivo especificado.', None, 2)")
OPEN FAILED: SerialException("could not open port 'COM16': FileNotFoundError(2, 'El sistema no puede encontrar el archivo especificado.', None, 2)")
OPEN FAILED: SerialException("could not open port 'COM16': FileNotFoundError(2, 'El sistema no puede encontrar el archivo especificado.', None, 2)")
OPEN FAILED: SerialException("could not open port 'COM16': FileNotFoundError(2, 'El sistema no puede encontrar el archivo especificado.', None, 2)")
OPEN FAILED: SerialException("could not open port 'COM16': FileNotFoundError(2, 'El sistema no puede encontrar el archivo especificado.', None, 2)")
OPEN FAILED: SerialException("could not open port 'COM16': FileNotFoundError(2, 'El sistema no puede encontrar el archivo especificado.', None, 2)")
OPEN FAILED: SerialException("could not open port 'COM16': FileNotFoundError(2, 'El sistema no puede encontrar el archivo especificado.', None, 2)")
OPEN FAILED: SerialException("could not open port 'COM16': FileNotFoundError(2, 'El sistema no puede encontrar el archivo especificado.', None, 2)")
OPEN FAILED: SerialException("could not open port 'COM16': FileNotFoundError(2, 'El sistema no puede encontrar el archivo especificado.', None, 2)")
OPEN FAILED: SerialException("could not open port 'COM16': FileNotFoundError(2, 'El sistema no puede encontrar el archivo especificado.', None, 2)")
OPEN FAILED: SerialException("could not open port 'COM16': FileNotFoundError(2, 'El sistema no puede encontrar el archivo especificado.', None, 2)")
OPEN FAILED: SerialException("could not open port 'COM16': FileNotFoundError(2, 'El sistema no puede encontrar el archivo especificado.', None, 2)")
OPEN FAILED: SerialException("could not open port 'COM16': FileNotFoundError(2, 'El sistema no puede encontrar el archivo especificado.', None, 2)")
OPEN FAILED: SerialException("could not open port 'COM16': FileNotFoundError(2, 'El sistema no puede encontrar el archivo especificado.', None, 2)")
OPEN FAILED: SerialException("could not open port 'COM16': FileNotFoundError(2, 'El sistema no puede encontrar el archivo especificado.', None, 2)")
OPEN FAILED: SerialException("could not open port 'COM16': FileNotFoundError(2, 'El sistema no puede encontrar el archivo especificado.', None, 2)")
OPEN FAILED: SerialException("could not open port 'COM16': FileNotFoundError(2, 'El sistema no puede encontrar el archivo especificado.', None, 2)")
OPEN FAILED: SerialException("could not open port 'COM16': FileNotFoundError(2, 'El sistema no puede encontrar el archivo especificado.', None, 2)")
OPEN FAILED: SerialException("could not open port 'COM16': FileNotFoundError(2, 'El sistema no puede encontrar el archivo especificado.', None, 2)")
OPEN FAILED: SerialException("could not open port 'COM16': FileNotFoundError(2, 'El sistema no puede encontrar el archivo especificado.', None, 2)")
OPEN FAILED: SerialException("could not open port 'COM16': FileNotFoundError(2, 'El sistema no puede encontrar el archivo especificado.', None, 2)")
OPEN FAILED: SerialException("could not open port 'COM16': FileNotFoundError(2, 'El sistema no puede encontrar el archivo especificado.', None, 2)")
OPEN FAILED: SerialException("could not open port 'COM16': FileNotFoundError(2, 'El sistema no puede encontrar el archivo especificado.', None, 2)")
OPEN FAILED: SerialException("could not open port 'COM16': FileNotFoundError(2, 'El sistema no puede encontrar el archivo especificado.', None, 2)")
OPEN FAILED: SerialException("could not open port 'COM16': FileNotFoundError(2, 'El sistema no puede encontrar el archivo especificado.', None, 2)")
OPEN FAILED: SerialException("could not open port 'COM16': FileNotFoundError(2, 'El sistema no puede encontrar el archivo especificado.', None, 2)")
OPEN FAILED: SerialException("could not open port 'COM16': FileNotFoundError(2, 'El sistema no puede encontrar el archivo especificado.', None, 2)")
OPEN FAILED: SerialException("could not open port 'COM16': FileNotFoundError(2, 'El sistema no puede encontrar el archivo especificado.', None, 2)")
OPEN FAILED: SerialException("could not open port 'COM16': FileNotFoundError(2, 'El sistema no puede encontrar el archivo especificado.', None, 2)")
OPEN FAILED: SerialException("could not open port 'COM16': FileNotFoundError(2, 'El sistema no puede encontrar el archivo especificado.', None, 2)")
OPEN FAILED: SerialException("could not open port 'COM16': FileNotFoundError(2, 'El sistema no puede encontrar el archivo especificado.', None, 2)")
OPEN FAILED: SerialException("could not open port 'COM16': FileNotFoundError(2, 'El sistema no puede encontrar el archivo especificado.', None, 2)")
OPEN FAILED: SerialException("could not open port 'COM16': FileNotFoundError(2, 'El sistema no puede encontrar el archivo especificado.', None, 2)")
OPEN FAILED: SerialException("could not open port 'COM16': FileNotFoundError(2, 'El sistema no puede encontrar el archivo especificado.', None, 2)")
OPEN FAILED: SerialException("could not open port 'COM16': FileNotFoundError(2, 'El sistema no puede encontrar el archivo especificado.', None, 2)")
OPEN FAILED: SerialException("could not open port 'COM16': FileNotFoundError(2, 'El sistema no puede encontrar el archivo especificado.', None, 2)")
OPEN FAILED: SerialException("could not open port 'COM16': FileNotFoundError(2, 'El sistema no puede encontrar el archivo especificado.', None, 2)")
OPEN FAILED: SerialException("could not open port 'COM16': FileNotFoundError(2, 'El sistema no puede encontrar el archivo especificado.', None, 2)")
OPEN FAILED: SerialException("could not open port 'COM16': FileNotFoundError(2, 'El sistema no puede encontrar el archivo especificado.', None, 2)")
OPEN FAILED: SerialException("could not open port 'COM16': FileNotFoundError(2, 'El sistema no puede encontrar el archivo especificado.', None, 2)")
OPEN FAILED: SerialException("could not open port 'COM16': FileNotFoundError(2, 'El sistema no puede encontrar el archivo especificado.', None, 2)")
OPEN FAILED: SerialException("could not open port 'COM16': FileNotFoundError(2, 'El sistema no puede encontrar el archivo especificado.', None, 2)")
OPEN FAILED: SerialException("could not open port 'COM16': FileNotFoundError(2, 'El sistema no puede encontrar el archivo especificado.', None, 2)")
OPEN FAILED: SerialException("could not open port 'COM16': FileNotFoundError(2, 'El sistema no puede encontrar el archivo especificado.', None, 2)")
OPEN FAILED: SerialException("could not open port 'COM16': FileNotFoundError(2, 'El sistema no puede encontrar el archivo especificado.', None, 2)")
OPEN FAILED: SerialException("could not open port 'COM16': FileNotFoundError(2, 'El sistema no puede encontrar el archivo especificado.', None, 2)")
OPEN FAILED: SerialException("could not open port 'COM16': FileNotFoundError(2, 'El sistema no puede encontrar el archivo especificado.', None, 2)")
OPEN FAILED: SerialException("could not open port 'COM16': FileNotFoundError(2, 'El sistema no puede encontrar el archivo especificado.', None, 2)")
OPEN FAILED: SerialException("could not open port 'COM16': FileNotFoundError(2, 'El sistema no puede encontrar el archivo especificado.', None, 2)")
OPEN FAILED: SerialException("could not open port 'COM16': FileNotFoundError(2, 'El sistema no puede encontrar el archivo especificado.', None, 2)")
OPEN FAILED: SerialException("could not open port 'COM16': FileNotFoundError(2, 'El sistema no puede encontrar el archivo especificado.', None, 2)")
OPEN FAILED: SerialException("could not open port 'COM16': FileNotFoundError(2, 'El sistema no puede encontrar el archivo especificado.', None, 2)")
OPEN FAILED: SerialException("could not open port 'COM16': FileNotFoundError(2, 'El sistema no puede encontrar el archivo especificado.', None, 2)")
OPEN FAILED: SerialException("could not open port 'COM16': FileNotFoundError(2, 'El sistema no puede encontrar el archivo especificado.', None, 2)")
OPEN FAILED: SerialException("could not open port 'COM16': FileNotFoundError(2, 'El sistema no puede encontrar el archivo especificado.', None, 2)")
OPEN FAILED: SerialException("could not open port 'COM16': FileNotFoundError(2, 'El sistema no puede encontrar el archivo especificado.', None, 2)")
OPEN FAILED: SerialException("could not open port 'COM16': FileNotFoundError(2, 'El sistema no puede encontrar el archivo especificado.', None, 2)")
OPEN FAILED: SerialException("could not open port 'COM16': FileNotFoundError(2, 'El sistema no puede encontrar el archivo especificado.', None, 2)")
OPEN FAILED: SerialException("could not open port 'COM16': FileNotFoundError(2, 'El sistema no puede encontrar el archivo especificado.', None, 2)")
OPEN FAILED: SerialException("could not open port 'COM16': FileNotFoundError(2, 'El sistema no puede encontrar el archivo especificado.', None, 2)")
OPEN FAILED: SerialException("could not open port 'COM16': FileNotFoundError(2, 'El sistema no puede encontrar el archivo especificado.', None, 2)")
OPEN FAILED: SerialException("could not open port 'COM16': FileNotFoundError(2, 'El sistema no puede encontrar el archivo especificado.', None, 2)")
OPEN FAILED: SerialException("could not open port 'COM16': FileNotFoundError(2, 'El sistema no puede encontrar el archivo especificado.', None, 2)")
OPEN FAILED: SerialException("could not open port 'COM16': FileNotFoundError(2, 'El sistema no puede encontrar el archivo especificado.', None, 2)")
OPEN FAILED: SerialException("could not open port 'COM16': FileNotFoundError(2, 'El sistema no puede encontrar el archivo especificado.', None, 2)")
OPEN FAILED: SerialException("could not open port 'COM16': FileNotFoundError(2, 'El sistema no puede encontrar el archivo especificado.', None, 2)")
OPEN FAILED: SerialException("could not open port 'COM16': FileNotFoundError(2, 'El sistema no puede encontrar el archivo especificado.', None, 2)")
OPEN FAILED: SerialException("could not open port 'COM16': FileNotFoundError(2, 'El sistema no puede encontrar el archivo especificado.', None, 2)")
OPEN FAILED: SerialException("could not open port 'COM16': FileNotFoundError(2, 'El sistema no puede encontrar el archivo especificado.', None, 2)")
OPEN FAILED: SerialException("could not open port 'COM16': FileNotFoundError(2, 'El sistema no puede encontrar el archivo especificado.', None, 2)")
OPEN FAILED: SerialException("could not open port 'COM16': FileNotFoundError(2, 'El sistema no puede encontrar el archivo especificado.', None, 2)")
OPEN FAILED: SerialException("could not open port 'COM16': FileNotFoundError(2, 'El sistema no puede encontrar el archivo especificado.', None, 2)")
OPEN FAILED: SerialException("could not open port 'COM16': FileNotFoundError(2, 'El sistema no puede encontrar el archivo especificado.', None, 2)")
OPEN FAILED: SerialException("could not open port 'COM16': FileNotFoundError(2, 'El sistema no puede encontrar el archivo especificado.', None, 2)")
OPEN FAILED: SerialException("could not open port 'COM16': FileNotFoundError(2, 'El sistema no puede encontrar el archivo especificado.', None, 2)")
OPEN FAILED: SerialException("could not open port 'COM16': FileNotFoundError(2, 'El sistema no puede encontrar el archivo especificado.', None, 2)")
OPEN FAILED: SerialException("could not open port 'COM16': FileNotFoundError(2, 'El sistema no puede encontrar el archivo especificado.', None, 2)")
OPEN FAILED: SerialException("could not open port 'COM16': FileNotFoundError(2, 'El sistema no puede encontrar el archivo especificado.', None, 2)")
OPEN FAILED: SerialException("could not open port 'COM16': FileNotFoundError(2, 'El sistema no puede encontrar el archivo especificado.', None, 2)")
OPEN FAILED: SerialException("could not open port 'COM16': FileNotFoundError(2, 'El sistema no puede encontrar el archivo especificado.', None, 2)")
OPEN FAILED: SerialException("could not open port 'COM16': FileNotFoundError(2, 'El sistema no puede encontrar el archivo especificado.', None, 2)")
OPEN FAILED: SerialException("could not open port 'COM16': FileNotFoundError(2, 'El sistema no puede encontrar el archivo especificado.', None, 2)")
OPEN FAILED: SerialException("could not open port 'COM16': FileNotFoundError(2, 'El sistema no puede encontrar el archivo especificado.', None, 2)")
OPEN FAILED: SerialException("could not open port 'COM16': FileNotFoundError(2, 'El sistema no puede encontrar el archivo especificado.', None, 2)")
OPEN FAILED: SerialException("could not open port 'COM16': FileNotFoundError(2, 'El sistema no puede encontrar el archivo especificado.', None, 2)")
OPEN FAILED: SerialException("could not open port 'COM16': FileNotFoundError(2, 'El sistema no puede encontrar el archivo especificado.', None, 2)")
=== COM16 abierto, capturando 120s (el open resetea la placa) ===
[   2.5s] 3V3: about to assert
[   2.5s] 3V3: asserted
[   2.8s] 3V3: settled
[   2.8s] 5V: about to assert (plain write)
[   2.8s] 5V: asserted
[   3.4s] 5V: settled
[   3.4s] LoRa: about to assert
[   3.4s] LoRa: asserted
[   3.4s] BMV080 EN: GPIO15 -> LOW
[   3.7s] rails up
[   3.7s] [PowerManager] enable3V3Sensors (stub - bench has no gating FET yet)
[   3.7s] --- I2C scan (after rails, before sensor init) ---
[   3.7s]   ACK at 0x57
[   4.1s]   ACK at 0x74
[   4.1s]   ACK at 0x76
[   4.1s] [bme probe right after scan] 0x76 (addr-probe=0) chip ID = 0x61 (0x61 = BME69x, CORRECT)
[   4.1s] [  4086][E][Wire.cpp:499] requestFrom(): i2cWriteReadNonStop returned Error -1
[   4.1s] [bme probe right after scan] 0x77 accepted the register write but returned no data
[   4.1s] Waiting 5000ms for BMV080 startup...
[   9.0s] [bme probe after BMV080 wait, before begin] 0x76 (addr-probe=0) chip ID = 0x61 (0x61 = BME69x, CORRECT)
[   9.0s] [  9094][E][Wire.cpp:499] requestFrom(): i2cWriteReadNonStop returned Error -1
[   9.0s] [bme probe after BMV080 wait, before begin] 0x77 accepted the register write but returned no data
[   9.0s] [step] bme690.begin ...
[   9.0s] BME690: OK (bound to 0x76)
[   9.0s] SEN0466: SKIPPED (210s settle - excluded from the sleeping cycle)
[   9.0s] [step] cm1106.begin (SWAPPED: now before bmv080) ...
[  12.1s] [step] cm1106.begin returned ...
[  12.1s] [step] bmv080.begin (SWAPPED: now after cm1106) ...
READ FAILED after 12.7s: SerialException("ClearCommError failed (PermissionError(13, 'El dispositivo no reconoce el comando.', None, 22))")
=== fin ===
OPEN FAILED: SerialException("could not open port 'COM16': FileNotFoundError(2, 'El sistema no puede encontrar el archivo especificado.', None, 2)")
OPEN FAILED: SerialException("could not open port 'COM16': FileNotFoundError(2, 'El sistema no puede encontrar el archivo especificado.', None, 2)")
OPEN FAILED: SerialException("could not open port 'COM16': FileNotFoundError(2, 'El sistema no puede encontrar el archivo especificado.', None, 2)")
OPEN FAILED: SerialException("could not open port 'COM16': FileNotFoundError(2, 'El sistema no puede encontrar el archivo especificado.', None, 2)")
OPEN FAILED: SerialException("could not open port 'COM16': FileNotFoundError(2, 'El sistema no puede encontrar el archivo especificado.', None, 2)")
OPEN FAILED: SerialException("could not open port 'COM16': FileNotFoundError(2, 'El sistema no puede encontrar el archivo especificado.', None, 2)")
OPEN FAILED: SerialException("could not open port 'COM16': FileNotFoundError(2, 'El sistema no puede encontrar el archivo especificado.', None, 2)")
OPEN FAILED: SerialException("could not open port 'COM16': FileNotFoundError(2, 'El sistema no puede encontrar el archivo especificado.', None, 2)")
OPEN FAILED: SerialException("could not open port 'COM16': FileNotFoundError(2, 'El sistema no puede encontrar el archivo especificado.', None, 2)")
OPEN FAILED: SerialException("could not open port 'COM16': FileNotFoundError(2, 'El sistema no puede encontrar el archivo especificado.', None, 2)")
OPEN FAILED: SerialException("could not open port 'COM16': FileNotFoundError(2, 'El sistema no puede encontrar el archivo especificado.', None, 2)")
OPEN FAILED: SerialException("could not open port 'COM16': FileNotFoundError(2, 'El sistema no puede encontrar el archivo especificado.', None, 2)")
OPEN FAILED: SerialException("could not open port 'COM16': FileNotFoundError(2, 'El sistema no puede encontrar el archivo especificado.', None, 2)")
OPEN FAILED: SerialException("could not open port 'COM16': FileNotFoundError(2, 'El sistema no puede encontrar el archivo especificado.', None, 2)")
OPEN FAILED: SerialException("could not open port 'COM16': FileNotFoundError(2, 'El sistema no puede encontrar el archivo especificado.', None, 2)")
OPEN FAILED: SerialException("could not open port 'COM16': FileNotFoundError(2, 'El sistema no puede encontrar el archivo especificado.', None, 2)")
OPEN FAILED: SerialException("could not open port 'COM16': FileNotFoundError(2, 'El sistema no puede encontrar el archivo especificado.', None, 2)")
OPEN FAILED: SerialException("could not open port 'COM16': FileNotFoundError(2, 'El sistema no puede encontrar el archivo especificado.', None, 2)")
OPEN FAILED: SerialException("could not open port 'COM16': FileNotFoundError(2, 'El sistema no puede encontrar el archivo especificado.', None, 2)")
OPEN FAILED: SerialException("could not open port 'COM16': FileNotFoundError(2, 'El sistema no puede encontrar el archivo especificado.', None, 2)")
OPEN FAILED: SerialException("could not open port 'COM16': FileNotFoundError(2, 'El sistema no puede encontrar el archivo especificado.', None, 2)")
OPEN FAILED: SerialException("could not open port 'COM16': FileNotFoundError(2, 'El sistema no puede encontrar el archivo especificado.', None, 2)")
OPEN FAILED: SerialException("could not open port 'COM16': FileNotFoundError(2, 'El sistema no puede encontrar el archivo especificado.', None, 2)")
OPEN FAILED: SerialException("could not open port 'COM16': FileNotFoundError(2, 'El sistema no puede encontrar el archivo especificado.', None, 2)")
OPEN FAILED: SerialException("could not open port 'COM16': FileNotFoundError(2, 'El sistema no puede encontrar el archivo especificado.', None, 2)")
OPEN FAILED: SerialException("could not open port 'COM16': FileNotFoundError(2, 'El sistema no puede encontrar el archivo especificado.', None, 2)")
OPEN FAILED: SerialException("could not open port 'COM16': FileNotFoundError(2, 'El sistema no puede encontrar el archivo especificado.', None, 2)")
OPEN FAILED: SerialException("could not open port 'COM16': FileNotFoundError(2, 'El sistema no puede encontrar el archivo especificado.', None, 2)")
OPEN FAILED: SerialException("could not open port 'COM16': FileNotFoundError(2, 'El sistema no puede encontrar el archivo especificado.', None, 2)")
OPEN FAILED: SerialException("could not open port 'COM16': FileNotFoundError(2, 'El sistema no puede encontrar el archivo especificado.', None, 2)")
OPEN FAILED: SerialException("could not open port 'COM16': FileNotFoundError(2, 'El sistema no puede encontrar el archivo especificado.', None, 2)")
OPEN FAILED: SerialException("could not open port 'COM16': FileNotFoundError(2, 'El sistema no puede encontrar el archivo especificado.', None, 2)")
OPEN FAILED: SerialException("could not open port 'COM16': FileNotFoundError(2, 'El sistema no puede encontrar el archivo especificado.', None, 2)")
OPEN FAILED: SerialException("could not open port 'COM16': FileNotFoundError(2, 'El sistema no puede encontrar el archivo especificado.', None, 2)")
OPEN FAILED: SerialException("could not open port 'COM16': FileNotFoundError(2, 'El sistema no puede encontrar el archivo especificado.', None, 2)")
OPEN FAILED: SerialException("could not open port 'COM16': FileNotFoundError(2, 'El sistema no puede encontrar el archivo especificado.', None, 2)")
OPEN FAILED: SerialException("could not open port 'COM16': FileNotFoundError(2, 'El sistema no puede encontrar el archivo especificado.', None, 2)")
OPEN FAILED: SerialException("could not open port 'COM16': FileNotFoundError(2, 'El sistema no puede encontrar el archivo especificado.', None, 2)")
OPEN FAILED: SerialException("could not open port 'COM16': FileNotFoundError(2, 'El sistema no puede encontrar el archivo especificado.', None, 2)")
OPEN FAILED: SerialException("could not open port 'COM16': FileNotFoundError(2, 'El sistema no puede encontrar el archivo especificado.', None, 2)")
OPEN FAILED: SerialException("could not open port 'COM16': FileNotFoundError(2, 'El sistema no puede encontrar el archivo especificado.', None, 2)")
OPEN FAILED: SerialException("could not open port 'COM16': FileNotFoundError(2, 'El sistema no puede encontrar el archivo especificado.', None, 2)")
OPEN FAILED: SerialException("could not open port 'COM16': FileNotFoundError(2, 'El sistema no puede encontrar el archivo especificado.', None, 2)")
OPEN FAILED: SerialException("could not open port 'COM16': FileNotFoundError(2, 'El sistema no puede encontrar el archivo especificado.', None, 2)")
OPEN FAILED: SerialException("could not open port 'COM16': FileNotFoundError(2, 'El sistema no puede encontrar el archivo especificado.', None, 2)")
OPEN FAILED: SerialException("could not open port 'COM16': FileNotFoundError(2, 'El sistema no puede encontrar el archivo especificado.', None, 2)")
OPEN FAILED: SerialException("could not open port 'COM16': FileNotFoundError(2, 'El sistema no puede encontrar el archivo especificado.', None, 2)")
OPEN FAILED: SerialException("could not open port 'COM16': FileNotFoundError(2, 'El sistema no puede encontrar el archivo especificado.', None, 2)")
OPEN FAILED: SerialException("could not open port 'COM16': FileNotFoundError(2, 'El sistema no puede encontrar el archivo especificado.', None, 2)")
OPEN FAILED: SerialException("could not open port 'COM16': FileNotFoundError(2, 'El sistema no puede encontrar el archivo especificado.', None, 2)")
OPEN FAILED: SerialException("could not open port 'COM16': FileNotFoundError(2, 'El sistema no puede encontrar el archivo especificado.', None, 2)")
OPEN FAILED: SerialException("could not open port 'COM16': FileNotFoundError(2, 'El sistema no puede encontrar el archivo especificado.', None, 2)")
OPEN FAILED: SerialException("could not open port 'COM16': FileNotFoundError(2, 'El sistema no puede encontrar el archivo especificado.', None, 2)")
OPEN FAILED: SerialException("could not open port 'COM16': FileNotFoundError(2, 'El sistema no puede encontrar el archivo especificado.', None, 2)")
OPEN FAILED: SerialException("could not open port 'COM16': FileNotFoundError(2, 'El sistema no puede encontrar el archivo especificado.', None, 2)")
OPEN FAILED: SerialException("could not open port 'COM16': FileNotFoundError(2, 'El sistema no puede encontrar el archivo especificado.', None, 2)")
OPEN FAILED: SerialException("could not open port 'COM16': FileNotFoundError(2, 'El sistema no puede encontrar el archivo especificado.', None, 2)")
OPEN FAILED: SerialException("could not open port 'COM16': FileNotFoundError(2, 'El sistema no puede encontrar el archivo especificado.', None, 2)")
OPEN FAILED: SerialException("could not open port 'COM16': FileNotFoundError(2, 'El sistema no puede encontrar el archivo especificado.', None, 2)")
OPEN FAILED: SerialException("could not open port 'COM16': FileNotFoundError(2, 'El sistema no puede encontrar el archivo especificado.', None, 2)")
OPEN FAILED: SerialException("could not open port 'COM16': FileNotFoundError(2, 'El sistema no puede encontrar el archivo especificado.', None, 2)")
OPEN FAILED: SerialException("could not open port 'COM16': FileNotFoundError(2, 'El sistema no puede encontrar el archivo especificado.', None, 2)")
OPEN FAILED: SerialException("could not open port 'COM16': FileNotFoundError(2, 'El sistema no puede encontrar el archivo especificado.', None, 2)")
OPEN FAILED: SerialException("could not open port 'COM16': FileNotFoundError(2, 'El sistema no puede encontrar el archivo especificado.', None, 2)")
OPEN FAILED: SerialException("could not open port 'COM16': FileNotFoundError(2, 'El sistema no puede encontrar el archivo especificado.', None, 2)")
OPEN FAILED: SerialException("could not open port 'COM16': FileNotFoundError(2, 'El sistema no puede encontrar el archivo especificado.', None, 2)")
OPEN FAILED: SerialException("could not open port 'COM16': FileNotFoundError(2, 'El sistema no puede encontrar el archivo especificado.', None, 2)")
OPEN FAILED: SerialException("could not open port 'COM16': FileNotFoundError(2, 'El sistema no puede encontrar el archivo especificado.', None, 2)")
OPEN FAILED: SerialException("could not open port 'COM16': FileNotFoundError(2, 'El sistema no puede encontrar el archivo especificado.', None, 2)")
OPEN FAILED: SerialException("could not open port 'COM16': FileNotFoundError(2, 'El sistema no puede encontrar el archivo especificado.', None, 2)")
OPEN FAILED: SerialException("could not open port 'COM16': FileNotFoundError(2, 'El sistema no puede encontrar el archivo especificado.', None, 2)")
OPEN FAILED: SerialException("could not open port 'COM16': FileNotFoundError(2, 'El sistema no puede encontrar el archivo especificado.', None, 2)")
OPEN FAILED: SerialException("could not open port 'COM16': FileNotFoundError(2, 'El sistema no puede encontrar el archivo especificado.', None, 2)")
OPEN FAILED: SerialException("could not open port 'COM16': FileNotFoundError(2, 'El sistema no puede encontrar el archivo especificado.', None, 2)")
OPEN FAILED: SerialException("could not open port 'COM16': FileNotFoundError(2, 'El sistema no puede encontrar el archivo especificado.', None, 2)")
OPEN FAILED: SerialException("could not open port 'COM16': FileNotFoundError(2, 'El sistema no puede encontrar el archivo especificado.', None, 2)")
OPEN FAILED: SerialException("could not open port 'COM16': FileNotFoundError(2, 'El sistema no puede encontrar el archivo especificado.', None, 2)")
OPEN FAILED: SerialException("could not open port 'COM16': FileNotFoundError(2, 'El sistema no puede encontrar el archivo especificado.', None, 2)")
OPEN FAILED: SerialException("could not open port 'COM16': FileNotFoundError(2, 'El sistema no puede encontrar el archivo especificado.', None, 2)")
OPEN FAILED: SerialException("could not open port 'COM16': FileNotFoundError(2, 'El sistema no puede encontrar el archivo especificado.', None, 2)")
OPEN FAILED: SerialException("could not open port 'COM16': FileNotFoundError(2, 'El sistema no puede encontrar el archivo especificado.', None, 2)")
OPEN FAILED: SerialException("could not open port 'COM16': FileNotFoundError(2, 'El sistema no puede encontrar el archivo especificado.', None, 2)")
OPEN FAILED: SerialException("could not open port 'COM16': FileNotFoundError(2, 'El sistema no puede encontrar el archivo especificado.', None, 2)")
OPEN FAILED: SerialException("could not open port 'COM16': FileNotFoundError(2, 'El sistema no puede encontrar el archivo especificado.', None, 2)")
OPEN FAILED: SerialException("could not open port 'COM16': FileNotFoundError(2, 'El sistema no puede encontrar el archivo especificado.', None, 2)")
OPEN FAILED: SerialException("could not open port 'COM16': FileNotFoundError(2, 'El sistema no puede encontrar el archivo especificado.', None, 2)")
OPEN FAILED: SerialException("could not open port 'COM16': FileNotFoundError(2, 'El sistema no puede encontrar el archivo especificado.', None, 2)")
OPEN FAILED: SerialException("could not open port 'COM16': FileNotFoundError(2, 'El sistema no puede encontrar el archivo especificado.', None, 2)")
OPEN FAILED: SerialException("could not open port 'COM16': FileNotFoundError(2, 'El sistema no puede encontrar el archivo especificado.', None, 2)")
OPEN FAILED: SerialException("could not open port 'COM16': FileNotFoundError(2, 'El sistema no puede encontrar el archivo especificado.', None, 2)")
OPEN FAILED: SerialException("could not open port 'COM16': FileNotFoundError(2, 'El sistema no puede encontrar el archivo especificado.', None, 2)")
OPEN FAILED: SerialException("could not open port 'COM16': FileNotFoundError(2, 'El sistema no puede encontrar el archivo especificado.', None, 2)")
OPEN FAILED: SerialException("could not open port 'COM16': FileNotFoundError(2, 'El sistema no puede encontrar el archivo especificado.', None, 2)")
OPEN FAILED: SerialException("could not open port 'COM16': FileNotFoundError(2, 'El sistema no puede encontrar el archivo especificado.', None, 2)")
OPEN FAILED: SerialException("could not open port 'COM16': FileNotFoundError(2, 'El sistema no puede encontrar el archivo especificado.', None, 2)")
OPEN FAILED: SerialException("could not open port 'COM16': FileNotFoundError(2, 'El sistema no puede encontrar el archivo especificado.', None, 2)")
OPEN FAILED: SerialException("could not open port 'COM16': FileNotFoundError(2, 'El sistema no puede encontrar el archivo especificado.', None, 2)")
OPEN FAILED: SerialException("could not open port 'COM16': FileNotFoundError(2, 'El sistema no puede encontrar el archivo especificado.', None, 2)")
OPEN FAILED: SerialException("could not open port 'COM16': FileNotFoundError(2, 'El sistema no puede encontrar el archivo especificado.', None, 2)")
OPEN FAILED: SerialException("could not open port 'COM16': FileNotFoundError(2, 'El sistema no puede encontrar el archivo especificado.', None, 2)")
OPEN FAILED: SerialException("could not open port 'COM16': FileNotFoundError(2, 'El sistema no puede encontrar el archivo especificado.', None, 2)")
OPEN FAILED: SerialException("could not open port 'COM16': FileNotFoundError(2, 'El sistema no puede encontrar el archivo especificado.', None, 2)")
OPEN FAILED: SerialException("could not open port 'COM16': FileNotFoundError(2, 'El sistema no puede encontrar el archivo especificado.', None, 2)")
OPEN FAILED: SerialException("could not open port 'COM16': FileNotFoundError(2, 'El sistema no puede encontrar el archivo especificado.', None, 2)")
OPEN FAILED: SerialException("could not open port 'COM16': FileNotFoundError(2, 'El sistema no puede encontrar el archivo especificado.', None, 2)")
OPEN FAILED: SerialException("could not open port 'COM16': FileNotFoundError(2, 'El sistema no puede encontrar el archivo especificado.', None, 2)")
OPEN FAILED: SerialException("could not open port 'COM16': FileNotFoundError(2, 'El sistema no puede encontrar el archivo especificado.', None, 2)")
OPEN FAILED: SerialException("could not open port 'COM16': FileNotFoundError(2, 'El sistema no puede encontrar el archivo especificado.', None, 2)")
OPEN FAILED: SerialException("could not open port 'COM16': FileNotFoundError(2, 'El sistema no puede encontrar el archivo especificado.', None, 2)")
OPEN FAILED: SerialException("could not open port 'COM16': FileNotFoundError(2, 'El sistema no puede encontrar el archivo especificado.', None, 2)")
OPEN FAILED: SerialException("could not open port 'COM16': FileNotFoundError(2, 'El sistema no puede encontrar el archivo especificado.', None, 2)")
OPEN FAILED: SerialException("could not open port 'COM16': FileNotFoundError(2, 'El sistema no puede encontrar el archivo especificado.', None, 2)")
OPEN FAILED: SerialException("could not open port 'COM16': FileNotFoundError(2, 'El sistema no puede encontrar el archivo especificado.', None, 2)")
OPEN FAILED: SerialException("could not open port 'COM16': FileNotFoundError(2, 'El sistema no puede encontrar el archivo especificado.', None, 2)")
OPEN FAILED: SerialException("could not open port 'COM16': FileNotFoundError(2, 'El sistema no puede encontrar el archivo especificado.', None, 2)")
OPEN FAILED: SerialException("could not open port 'COM16': FileNotFoundError(2, 'El sistema no puede encontrar el archivo especificado.', None, 2)")
OPEN FAILED: SerialException("could not open port 'COM16': FileNotFoundError(2, 'El sistema no puede encontrar el archivo especificado.', None, 2)")
OPEN FAILED: SerialException("could not open port 'COM16': FileNotFoundError(2, 'El sistema no puede encontrar el archivo especificado.', None, 2)")
=== COM16 abierto, capturando 120s (el open resetea la placa) ===
READ FAILED after 0.2s: SerialException("ClearCommError failed (PermissionError(13, 'El dispositivo no reconoce el comando.', None, 22))")
=== fin ===
OPEN FAILED: SerialException("could not open port 'COM16': FileNotFoundError(2, 'El sistema no puede encontrar el archivo especificado.', None, 2)")
OPEN FAILED: SerialException("could not open port 'COM16': FileNotFoundError(2, 'El sistema no puede encontrar el archivo especificado.', None, 2)")
OPEN FAILED: SerialException("could not open port 'COM16': FileNotFoundError(2, 'El sistema no puede encontrar el archivo especificado.', None, 2)")
OPEN FAILED: SerialException("could not open port 'COM16': FileNotFoundError(2, 'El sistema no puede encontrar el archivo especificado.', None, 2)")
OPEN FAILED: SerialException("could not open port 'COM16': FileNotFoundError(2, 'El sistema no puede encontrar el archivo especificado.', None, 2)")
OPEN FAILED: SerialException("could not open port 'COM16': FileNotFoundError(2, 'El sistema no puede encontrar el archivo especificado.', None, 2)")
OPEN FAILED: SerialException("could not open port 'COM16': FileNotFoundError(2, 'El sistema no puede encontrar el archivo especificado.', None, 2)")
OPEN FAILED: SerialException("could not open port 'COM16': FileNotFoundError(2, 'El sistema no puede encontrar el archivo especificado.', None, 2)")
OPEN FAILED: SerialException("could not open port 'COM16': FileNotFoundError(2, 'El sistema no puede encontrar el archivo especificado.', None, 2)")
OPEN FAILED: SerialException("could not open port 'COM16': FileNotFoundError(2, 'El sistema no puede encontrar el archivo especificado.', None, 2)")
OPEN FAILED: SerialException("could not open port 'COM16': FileNotFoundError(2, 'El sistema no puede encontrar el archivo especificado.', None, 2)")
OPEN FAILED: SerialException("could not open port 'COM16': FileNotFoundError(2, 'El sistema no puede encontrar el archivo especificado.', None, 2)")
OPEN FAILED: SerialException("could not open port 'COM16': FileNotFoundError(2, 'El sistema no puede encontrar el archivo especificado.', None, 2)")
OPEN FAILED: SerialException("could not open port 'COM16': FileNotFoundError(2, 'El sistema no puede encontrar el archivo especificado.', None, 2)")
OPEN FAILED: SerialException("could not open port 'COM16': FileNotFoundError(2, 'El sistema no puede encontrar el archivo especificado.', None, 2)")
OPEN FAILED: SerialException("could not open port 'COM16': FileNotFoundError(2, 'El sistema no puede encontrar el archivo especificado.', None, 2)")
OPEN FAILED: SerialException("could not open port 'COM16': FileNotFoundError(2, 'El sistema no puede encontrar el archivo especificado.', None, 2)")
OPEN FAILED: SerialException("could not open port 'COM16': FileNotFoundError(2, 'El sistema no puede encontrar el archivo especificado.', None, 2)")
OPEN FAILED: SerialException("could not open port 'COM16': FileNotFoundError(2, 'El sistema no puede encontrar el archivo especificado.', None, 2)")
OPEN FAILED: SerialException("could not open port 'COM16': FileNotFoundError(2, 'El sistema no puede encontrar el archivo especificado.', None, 2)")
OPEN FAILED: SerialException("could not open port 'COM16': FileNotFoundError(2, 'El sistema no puede encontrar el archivo especificado.', None, 2)")
OPEN FAILED: SerialException("could not open port 'COM16': FileNotFoundError(2, 'El sistema no puede encontrar el archivo especificado.', None, 2)")
OPEN FAILED: SerialException("could not open port 'COM16': FileNotFoundError(2, 'El sistema no puede encontrar el archivo especificado.', None, 2)")
OPEN FAILED: SerialException("could not open port 'COM16': FileNotFoundError(2, 'El sistema no puede encontrar el archivo especificado.', None, 2)")
OPEN FAILED: SerialException("could not open port 'COM16': FileNotFoundError(2, 'El sistema no puede encontrar el archivo especificado.', None, 2)")
OPEN FAILED: SerialException("could not open port 'COM16': FileNotFoundError(2, 'El sistema no puede encontrar el archivo especificado.', None, 2)")
OPEN FAILED: SerialException("could not open port 'COM16': FileNotFoundError(2, 'El sistema no puede encontrar el archivo especificado.', None, 2)")
OPEN FAILED: SerialException("could not open port 'COM16': FileNotFoundError(2, 'El sistema no puede encontrar el archivo especificado.', None, 2)")
OPEN FAILED: SerialException("could not open port 'COM16': FileNotFoundError(2, 'El sistema no puede encontrar el archivo especificado.', None, 2)")
OPEN FAILED: SerialException("could not open port 'COM16': FileNotFoundError(2, 'El sistema no puede encontrar el archivo especificado.', None, 2)")
OPEN FAILED: SerialException("could not open port 'COM16': FileNotFoundError(2, 'El sistema no puede encontrar el archivo especificado.', None, 2)")
OPEN FAILED: SerialException("could not open port 'COM16': FileNotFoundError(2, 'El sistema no puede encontrar el archivo especificado.', None, 2)")
OPEN FAILED: SerialException("could not open port 'COM16': FileNotFoundError(2, 'El sistema no puede encontrar el archivo especificado.', None, 2)")
OPEN FAILED: SerialException("could not open port 'COM16': FileNotFoundError(2, 'El sistema no puede encontrar el archivo especificado.', None, 2)")
OPEN FAILED: SerialException("could not open port 'COM16': FileNotFoundError(2, 'El sistema no puede encontrar el archivo especificado.', None, 2)")
OPEN FAILED: SerialException("could not open port 'COM16': FileNotFoundError(2, 'El sistema no puede encontrar el archivo especificado.', None, 2)")
OPEN FAILED: SerialException("could not open port 'COM16': FileNotFoundError(2, 'El sistema no puede encontrar el archivo especificado.', None, 2)")
OPEN FAILED: SerialException("could not open port 'COM16': FileNotFoundError(2, 'El sistema no puede encontrar el archivo especificado.', None, 2)")
OPEN FAILED: SerialException("could not open port 'COM16': FileNotFoundError(2, 'El sistema no puede encontrar el archivo especificado.', None, 2)")
OPEN FAILED: SerialException("could not open port 'COM16': FileNotFoundError(2, 'El sistema no puede encontrar el archivo especificado.', None, 2)")
OPEN FAILED: SerialException("could not open port 'COM16': FileNotFoundError(2, 'El sistema no puede encontrar el archivo especificado.', None, 2)")
OPEN FAILED: SerialException("could not open port 'COM16': FileNotFoundError(2, 'El sistema no puede encontrar el archivo especificado.', None, 2)")
OPEN FAILED: SerialException("could not open port 'COM16': FileNotFoundError(2, 'El sistema no puede encontrar el archivo especificado.', None, 2)")
OPEN FAILED: SerialException("could not open port 'COM16': FileNotFoundError(2, 'El sistema no puede encontrar el archivo especificado.', None, 2)")
OPEN FAILED: SerialException("could not open port 'COM16': FileNotFoundError(2, 'El sistema no puede encontrar el archivo especificado.', None, 2)")
OPEN FAILED: SerialException("could not open port 'COM16': FileNotFoundError(2, 'El sistema no puede encontrar el archivo especificado.', None, 2)")
OPEN FAILED: SerialException("could not open port 'COM16': FileNotFoundError(2, 'El sistema no puede encontrar el archivo especificado.', None, 2)")
OPEN FAILED: SerialException("could not open port 'COM16': FileNotFoundError(2, 'El sistema no puede encontrar el archivo especificado.', None, 2)")
OPEN FAILED: SerialException("could not open port 'COM16': FileNotFoundError(2, 'El sistema no puede encontrar el archivo especificado.', None, 2)")
OPEN FAILED: SerialException("could not open port 'COM16': FileNotFoundError(2, 'El sistema no puede encontrar el archivo especificado.', None, 2)")
OPEN FAILED: SerialException("could not open port 'COM16': FileNotFoundError(2, 'El sistema no puede encontrar el archivo especificado.', None, 2)")
OPEN FAILED: SerialException("could not open port 'COM16': FileNotFoundError(2, 'El sistema no puede encontrar el archivo especificado.', None, 2)")
OPEN FAILED: SerialException("could not open port 'COM16': FileNotFoundError(2, 'El sistema no puede encontrar el archivo especificado.', None, 2)")
OPEN FAILED: SerialException("could not open port 'COM16': FileNotFoundError(2, 'El sistema no puede encontrar el archivo especificado.', None, 2)")
OPEN FAILED: SerialException("could not open port 'COM16': FileNotFoundError(2, 'El sistema no puede encontrar el archivo especificado.', None, 2)")
OPEN FAILED: SerialException("could not open port 'COM16': FileNotFoundError(2, 'El sistema no puede encontrar el archivo especificado.', None, 2)")
OPEN FAILED: SerialException("could not open port 'COM16': FileNotFoundError(2, 'El sistema no puede encontrar el archivo especificado.', None, 2)")
OPEN FAILED: SerialException("could not open port 'COM16': FileNotFoundError(2, 'El sistema no puede encontrar el archivo especificado.', None, 2)")
OPEN FAILED: SerialException("could not open port 'COM16': FileNotFoundError(2, 'El sistema no puede encontrar el archivo especificado.', None, 2)")
OPEN FAILED: SerialException("could not open port 'COM16': FileNotFoundError(2, 'El sistema no puede encontrar el archivo especificado.', None, 2)")
OPEN FAILED: SerialException("could not open port 'COM16': FileNotFoundError(2, 'El sistema no puede encontrar el archivo especificado.', None, 2)")
OPEN FAILED: SerialException("could not open port 'COM16': FileNotFoundError(2, 'El sistema no puede encontrar el archivo especificado.', None, 2)")
OPEN FAILED: SerialException("could not open port 'COM16': FileNotFoundError(2, 'El sistema no puede encontrar el archivo especificado.', None, 2)")
OPEN FAILED: SerialException("could not open port 'COM16': FileNotFoundError(2, 'El sistema no puede encontrar el archivo especificado.', None, 2)")
OPEN FAILED: SerialException("could not open port 'COM16': FileNotFoundError(2, 'El sistema no puede encontrar el archivo especificado.', None, 2)")
OPEN FAILED: SerialException("could not open port 'COM16': FileNotFoundError(2, 'El sistema no puede encontrar el archivo especificado.', None, 2)")
OPEN FAILED: SerialException("could not open port 'COM16': FileNotFoundError(2, 'El sistema no puede encontrar el archivo especificado.', None, 2)")
OPEN FAILED: SerialException("could not open port 'COM16': FileNotFoundError(2, 'El sistema no puede encontrar el archivo especificado.', None, 2)")
OPEN FAILED: SerialException("could not open port 'COM16': FileNotFoundError(2, 'El sistema no puede encontrar el archivo especificado.', None, 2)")
OPEN FAILED: SerialException("could not open port 'COM16': FileNotFoundError(2, 'El sistema no puede encontrar el archivo especificado.', None, 2)")
OPEN FAILED: SerialException("could not open port 'COM16': FileNotFoundError(2, 'El sistema no puede encontrar el archivo especificado.', None, 2)")
OPEN FAILED: SerialException("could not open port 'COM16': FileNotFoundError(2, 'El sistema no puede encontrar el archivo especificado.', None, 2)")
OPEN FAILED: SerialException("could not open port 'COM16': FileNotFoundError(2, 'El sistema no puede encontrar el archivo especificado.', None, 2)")
OPEN FAILED: SerialException("could not open port 'COM16': FileNotFoundError(2, 'El sistema no puede encontrar el archivo especificado.', None, 2)")
OPEN FAILED: SerialException("could not open port 'COM16': FileNotFoundError(2, 'El sistema no puede encontrar el archivo especificado.', None, 2)")
OPEN FAILED: SerialException("could not open port 'COM16': FileNotFoundError(2, 'El sistema no puede encontrar el archivo especificado.', None, 2)")
OPEN FAILED: SerialException("could not open port 'COM16': FileNotFoundError(2, 'El sistema no puede encontrar el archivo especificado.', None, 2)")
OPEN FAILED: SerialException("could not open port 'COM16': FileNotFoundError(2, 'El sistema no puede encontrar el archivo especificado.', None, 2)")
OPEN FAILED: SerialException("could not open port 'COM16': FileNotFoundError(2, 'El sistema no puede encontrar el archivo especificado.', None, 2)")
OPEN FAILED: SerialException("could not open port 'COM16': FileNotFoundError(2, 'El sistema no puede encontrar el archivo especificado.', None, 2)")
OPEN FAILED: SerialException("could not open port 'COM16': FileNotFoundError(2, 'El sistema no puede encontrar el archivo especificado.', None, 2)")
OPEN FAILED: SerialException("could not open port 'COM16': FileNotFoundError(2, 'El sistema no puede encontrar el archivo especificado.', None, 2)")
OPEN FAILED: SerialException("could not open port 'COM16': FileNotFoundError(2, 'El sistema no puede encontrar el archivo especificado.', None, 2)")
OPEN FAILED: SerialException("could not open port 'COM16': FileNotFoundError(2, 'El sistema no puede encontrar el archivo especificado.', None, 2)")
OPEN FAILED: SerialException("could not open port 'COM16': FileNotFoundError(2, 'El sistema no puede encontrar el archivo especificado.', None, 2)")
OPEN FAILED: SerialException("could not open port 'COM16': FileNotFoundError(2, 'El sistema no puede encontrar el archivo especificado.', None, 2)")
OPEN FAILED: SerialException("could not open port 'COM16': FileNotFoundError(2, 'El sistema no puede encontrar el archivo especificado.', None, 2)")
OPEN FAILED: SerialException("could not open port 'COM16': FileNotFoundError(2, 'El sistema no puede encontrar el archivo especificado.', None, 2)")
OPEN FAILED: SerialException("could not open port 'COM16': FileNotFoundError(2, 'El sistema no puede encontrar el archivo especificado.', None, 2)")
OPEN FAILED: SerialException("could not open port 'COM16': FileNotFoundError(2, 'El sistema no puede encontrar el archivo especificado.', None, 2)")
OPEN FAILED: SerialException("could not open port 'COM16': FileNotFoundError(2, 'El sistema no puede encontrar el archivo especificado.', None, 2)")
OPEN FAILED: SerialException("could not open port 'COM16': FileNotFoundError(2, 'El sistema no puede encontrar el archivo especificado.', None, 2)")
OPEN FAILED: SerialException("could not open port 'COM16': FileNotFoundError(2, 'El sistema no puede encontrar el archivo especificado.', None, 2)")
OPEN FAILED: SerialException("could not open port 'COM16': FileNotFoundError(2, 'El sistema no puede encontrar el archivo especificado.', None, 2)")
OPEN FAILED: SerialException("could not open port 'COM16': FileNotFoundError(2, 'El sistema no puede encontrar el archivo especificado.', None, 2)")
OPEN FAILED: SerialException("could not open port 'COM16': FileNotFoundError(2, 'El sistema no puede encontrar el archivo especificado.', None, 2)")
OPEN FAILED: SerialException("could not open port 'COM16': FileNotFoundError(2, 'El sistema no puede encontrar el archivo especificado.', None, 2)")
OPEN FAILED: SerialException("could not open port 'COM16': FileNotFoundError(2, 'El sistema no puede encontrar el archivo especificado.', None, 2)")
OPEN FAILED: SerialException("could not open port 'COM16': FileNotFoundError(2, 'El sistema no puede encontrar el archivo especificado.', None, 2)")
OPEN FAILED: SerialException("could not open port 'COM16': FileNotFoundError(2, 'El sistema no puede encontrar el archivo especificado.', None, 2)")
OPEN FAILED: SerialException("could not open port 'COM16': FileNotFoundError(2, 'El sistema no puede encontrar el archivo especificado.', None, 2)")
OPEN FAILED: SerialException("could not open port 'COM16': FileNotFoundError(2, 'El sistema no puede encontrar el archivo especificado.', None, 2)")
OPEN FAILED: SerialException("could not open port 'COM16': FileNotFoundError(2, 'El sistema no puede encontrar el archivo especificado.', None, 2)")
OPEN FAILED: SerialException("could not open port 'COM16': FileNotFoundError(2, 'El sistema no puede encontrar el archivo especificado.', None, 2)")
OPEN FAILED: SerialException("could not open port 'COM16': FileNotFoundError(2, 'El sistema no puede encontrar el archivo especificado.', None, 2)")
OPEN FAILED: SerialException("could not open port 'COM16': FileNotFoundError(2, 'El sistema no puede encontrar el archivo especificado.', None, 2)")
OPEN FAILED: SerialException("could not open port 'COM16': FileNotFoundError(2, 'El sistema no puede encontrar el archivo especificado.', None, 2)")
OPEN FAILED: SerialException("could not open port 'COM16': FileNotFoundError(2, 'El sistema no puede encontrar el archivo especificado.', None, 2)")
OPEN FAILED: SerialException("could not open port 'COM16': FileNotFoundError(2, 'El sistema no puede encontrar el archivo especificado.', None, 2)")
OPEN FAILED: SerialException("could not open port 'COM16': FileNotFoundError(2, 'El sistema no puede encontrar el archivo especificado.', None, 2)")
OPEN FAILED: SerialException("could not open port 'COM16': FileNotFoundError(2, 'El sistema no puede encontrar el archivo especificado.', None, 2)")
OPEN FAILED: SerialException("could not open port 'COM16': FileNotFoundError(2, 'El sistema no puede encontrar el archivo especificado.', None, 2)")
OPEN FAILED: SerialException("could not open port 'COM16': FileNotFoundError(2, 'El sistema no puede encontrar el archivo especificado.', None, 2)")
OPEN FAILED: SerialException("could not open port 'COM16': FileNotFoundError(2, 'El sistema no puede encontrar el archivo especificado.', None, 2)")
OPEN FAILED: SerialException("could not open port 'COM16': FileNotFoundError(2, 'El sistema no puede encontrar el archivo especificado.', None, 2)")
=== COM16 abierto, capturando 120s (el open resetea la placa) ===
[   0.3s] Deep-sleep wake #165 (cause=4)
[   0.3s] Last reset reason: 8 = DEEPSLEEP
[   0.3s] Node address: 4 (Module B sees this as +RCV addr=4)
[   0.3s] Tick: sensor_read 2/3, lora_trans 3/4
[   0.3s] 
[   0.3s] [sleep] nothing due - no rails powered - sleeping 10s
READ FAILED after 0.3s: SerialException("ClearCommError failed (PermissionError(13, 'El dispositivo no reconoce el comando.', None, 22))")
=== fin ===
OPEN FAILED: SerialException("could not open port 'COM16': FileNotFoundError(2, 'El sistema no puede encontrar el archivo especificado.', None, 2)")
OPEN FAILED: SerialException("could not open port 'COM16': FileNotFoundError(2, 'El sistema no puede encontrar el archivo especificado.', None, 2)")
OPEN FAILED: SerialException("could not open port 'COM16': FileNotFoundError(2, 'El sistema no puede encontrar el archivo especificado.', None, 2)")
OPEN FAILED: SerialException("could not open port 'COM16': FileNotFoundError(2, 'El sistema no puede encontrar el archivo especificado.', None, 2)")
OPEN FAILED: SerialException("could not open port 'COM16': FileNotFoundError(2, 'El sistema no puede encontrar el archivo especificado.', None, 2)")
OPEN FAILED: SerialException("could not open port 'COM16': FileNotFoundError(2, 'El sistema no puede encontrar el archivo especificado.', None, 2)")
OPEN FAILED: SerialException("could not open port 'COM16': FileNotFoundError(2, 'El sistema no puede encontrar el archivo especificado.', None, 2)")
OPEN FAILED: SerialException("could not open port 'COM16': FileNotFoundError(2, 'El sistema no puede encontrar el archivo especificado.', None, 2)")
OPEN FAILED: SerialException("could not open port 'COM16': FileNotFoundError(2, 'El sistema no puede encontrar el archivo especificado.', None, 2)")
OPEN FAILED: SerialException("could not open port 'COM16': FileNotFoundError(2, 'El sistema no puede encontrar el archivo especificado.', None, 2)")
OPEN FAILED: SerialException("could not open port 'COM16': FileNotFoundError(2, 'El sistema no puede encontrar el archivo especificado.', None, 2)")
OPEN FAILED: SerialException("could not open port 'COM16': FileNotFoundError(2, 'El sistema no puede encontrar el archivo especificado.', None, 2)")
OPEN FAILED: SerialException("could not open port 'COM16': FileNotFoundError(2, 'El sistema no puede encontrar el archivo especificado.', None, 2)")
OPEN FAILED: SerialException("could not open port 'COM16': FileNotFoundError(2, 'El sistema no puede encontrar el archivo especificado.', None, 2)")
OPEN FAILED: SerialException("could not open port 'COM16': FileNotFoundError(2, 'El sistema no puede encontrar el archivo especificado.', None, 2)")
OPEN FAILED: SerialException("could not open port 'COM16': FileNotFoundError(2, 'El sistema no puede encontrar el archivo especificado.', None, 2)")
OPEN FAILED: SerialException("could not open port 'COM16': FileNotFoundError(2, 'El sistema no puede encontrar el archivo especificado.', None, 2)")
OPEN FAILED: SerialException("could not open port 'COM16': FileNotFoundError(2, 'El sistema no puede encontrar el archivo especificado.', None, 2)")
OPEN FAILED: SerialException("could not open port 'COM16': FileNotFoundError(2, 'El sistema no puede encontrar el archivo especificado.', None, 2)")
OPEN FAILED: SerialException("could not open port 'COM16': FileNotFoundError(2, 'El sistema no puede encontrar el archivo especificado.', None, 2)")
OPEN FAILED: SerialException("could not open port 'COM16': FileNotFoundError(2, 'El sistema no puede encontrar el archivo especificado.', None, 2)")
OPEN FAILED: SerialException("could not open port 'COM16': FileNotFoundError(2, 'El sistema no puede encontrar el archivo especificado.', None, 2)")
OPEN FAILED: SerialException("could not open port 'COM16': FileNotFoundError(2, 'El sistema no puede encontrar el archivo especificado.', None, 2)")
OPEN FAILED: SerialException("could not open port 'COM16': FileNotFoundError(2, 'El sistema no puede encontrar el archivo especificado.', None, 2)")
OPEN FAILED: SerialException("could not open port 'COM16': FileNotFoundError(2, 'El sistema no puede encontrar el archivo especificado.', None, 2)")
OPEN FAILED: SerialException("could not open port 'COM16': FileNotFoundError(2, 'El sistema no puede encontrar el archivo especificado.', None, 2)")
OPEN FAILED: SerialException("could not open port 'COM16': FileNotFoundError(2, 'El sistema no puede encontrar el archivo especificado.', None, 2)")
OPEN FAILED: SerialException("could not open port 'COM16': FileNotFoundError(2, 'El sistema no puede encontrar el archivo especificado.', None, 2)")
OPEN FAILED: SerialException("could not open port 'COM16': FileNotFoundError(2, 'El sistema no puede encontrar el archivo especificado.', None, 2)")
OPEN FAILED: SerialException("could not open port 'COM16': FileNotFoundError(2, 'El sistema no puede encontrar el archivo especificado.', None, 2)")
OPEN FAILED: SerialException("could not open port 'COM16': FileNotFoundError(2, 'El sistema no puede encontrar el archivo especificado.', None, 2)")
OPEN FAILED: SerialException("could not open port 'COM16': FileNotFoundError(2, 'El sistema no puede encontrar el archivo especificado.', None, 2)")
OPEN FAILED: SerialException("could not open port 'COM16': FileNotFoundError(2, 'El sistema no puede encontrar el archivo especificado.', None, 2)")
OPEN FAILED: SerialException("could not open port 'COM16': FileNotFoundError(2, 'El sistema no puede encontrar el archivo especificado.', None, 2)")
OPEN FAILED: SerialException("could not open port 'COM16': FileNotFoundError(2, 'El sistema no puede encontrar el archivo especificado.', None, 2)")
OPEN FAILED: SerialException("could not open port 'COM16': FileNotFoundError(2, 'El sistema no puede encontrar el archivo especificado.', None, 2)")
OPEN FAILED: SerialException("could not open port 'COM16': FileNotFoundError(2, 'El sistema no puede encontrar el archivo especificado.', None, 2)")
OPEN FAILED: SerialException("could not open port 'COM16': FileNotFoundError(2, 'El sistema no puede encontrar el archivo especificado.', None, 2)")
OPEN FAILED: SerialException("could not open port 'COM16': FileNotFoundError(2, 'El sistema no puede encontrar el archivo especificado.', None, 2)")
OPEN FAILED: SerialException("could not open port 'COM16': FileNotFoundError(2, 'El sistema no puede encontrar el archivo especificado.', None, 2)")
OPEN FAILED: SerialException("could not open port 'COM16': FileNotFoundError(2, 'El sistema no puede encontrar el archivo especificado.', None, 2)")
OPEN FAILED: SerialException("could not open port 'COM16': FileNotFoundError(2, 'El sistema no puede encontrar el archivo especificado.', None, 2)")
OPEN FAILED: SerialException("could not open port 'COM16': FileNotFoundError(2, 'El sistema no puede encontrar el archivo especificado.', None, 2)")
OPEN FAILED: SerialException("could not open port 'COM16': FileNotFoundError(2, 'El sistema no puede encontrar el archivo especificado.', None, 2)")
OPEN FAILED: SerialException("could not open port 'COM16': FileNotFoundError(2, 'El sistema no puede encontrar el archivo especificado.', None, 2)")
OPEN FAILED: SerialException("could not open port 'COM16': FileNotFoundError(2, 'El sistema no puede encontrar el archivo especificado.', None, 2)")
OPEN FAILED: SerialException("could not open port 'COM16': FileNotFoundError(2, 'El sistema no puede encontrar el archivo especificado.', None, 2)")
OPEN FAILED: SerialException("could not open port 'COM16': FileNotFoundError(2, 'El sistema no puede encontrar el archivo especificado.', None, 2)")
OPEN FAILED: SerialException("could not open port 'COM16': FileNotFoundError(2, 'El sistema no puede encontrar el archivo especificado.', None, 2)")
OPEN FAILED: SerialException("could not open port 'COM16': FileNotFoundError(2, 'El sistema no puede encontrar el archivo especificado.', None, 2)")
OPEN FAILED: SerialException("could not open port 'COM16': FileNotFoundError(2, 'El sistema no puede encontrar el archivo especificado.', None, 2)")
OPEN FAILED: SerialException("could not open port 'COM16': FileNotFoundError(2, 'El sistema no puede encontrar el archivo especificado.', None, 2)")
OPEN FAILED: SerialException("could not open port 'COM16': FileNotFoundError(2, 'El sistema no puede encontrar el archivo especificado.', None, 2)")
OPEN FAILED: SerialException("could not open port 'COM16': FileNotFoundError(2, 'El sistema no puede encontrar el archivo especificado.', None, 2)")
OPEN FAILED: SerialException("could not open port 'COM16': FileNotFoundError(2, 'El sistema no puede encontrar el archivo especificado.', None, 2)")
OPEN FAILED: SerialException("could not open port 'COM16': FileNotFoundError(2, 'El sistema no puede encontrar el archivo especificado.', None, 2)")
OPEN FAILED: SerialException("could not open port 'COM16': FileNotFoundError(2, 'El sistema no puede encontrar el archivo especificado.', None, 2)")
OPEN FAILED: SerialException("could not open port 'COM16': FileNotFoundError(2, 'El sistema no puede encontrar el archivo especificado.', None, 2)")
OPEN FAILED: SerialException("could not open port 'COM16': FileNotFoundError(2, 'El sistema no puede encontrar el archivo especificado.', None, 2)")
OPEN FAILED: SerialException("could not open port 'COM16': FileNotFoundError(2, 'El sistema no puede encontrar el archivo especificado.', None, 2)")
OPEN FAILED: SerialException("could not open port 'COM16': FileNotFoundError(2, 'El sistema no puede encontrar el archivo especificado.', None, 2)")
OPEN FAILED: SerialException("could not open port 'COM16': FileNotFoundError(2, 'El sistema no puede encontrar el archivo especificado.', None, 2)")
OPEN FAILED: SerialException("could not open port 'COM16': FileNotFoundError(2, 'El sistema no puede encontrar el archivo especificado.', None, 2)")
OPEN FAILED: SerialException("could not open port 'COM16': FileNotFoundError(2, 'El sistema no puede encontrar el archivo especificado.', None, 2)")
OPEN FAILED: SerialException("could not open port 'COM16': FileNotFoundError(2, 'El sistema no puede encontrar el archivo especificado.', None, 2)")
OPEN FAILED: SerialException("could not open port 'COM16': FileNotFoundError(2, 'El sistema no puede encontrar el archivo especificado.', None, 2)")
OPEN FAILED: SerialException("could not open port 'COM16': FileNotFoundError(2, 'El sistema no puede encontrar el archivo especificado.', None, 2)")
OPEN FAILED: SerialException("could not open port 'COM16': FileNotFoundError(2, 'El sistema no puede encontrar el archivo especificado.', None, 2)")
OPEN FAILED: SerialException("could not open port 'COM16': FileNotFoundError(2, 'El sistema no puede encontrar el archivo especificado.', None, 2)")
OPEN FAILED: SerialException("could not open port 'COM16': FileNotFoundError(2, 'El sistema no puede encontrar el archivo especificado.', None, 2)")
OPEN FAILED: SerialException("could not open port 'COM16': FileNotFoundError(2, 'El sistema no puede encontrar el archivo especificado.', None, 2)")
OPEN FAILED: SerialException("could not open port 'COM16': FileNotFoundError(2, 'El sistema no puede encontrar el archivo especificado.', None, 2)")
OPEN FAILED: SerialException("could not open port 'COM16': FileNotFoundError(2, 'El sistema no puede encontrar el archivo especificado.', None, 2)")
OPEN FAILED: SerialException("could not open port 'COM16': FileNotFoundError(2, 'El sistema no puede encontrar el archivo especificado.', None, 2)")
OPEN FAILED: SerialException("could not open port 'COM16': FileNotFoundError(2, 'El sistema no puede encontrar el archivo especificado.', None, 2)")
OPEN FAILED: SerialException("could not open port 'COM16': FileNotFoundError(2, 'El sistema no puede encontrar el archivo especificado.', None, 2)")
OPEN FAILED: SerialException("could not open port 'COM16': FileNotFoundError(2, 'El sistema no puede encontrar el archivo especificado.', None, 2)")
OPEN FAILED: SerialException("could not open port 'COM16': FileNotFoundError(2, 'El sistema no puede encontrar el archivo especificado.', None, 2)")
OPEN FAILED: SerialException("could not open port 'COM16': FileNotFoundError(2, 'El sistema no puede encontrar el archivo especificado.', None, 2)")
OPEN FAILED: SerialException("could not open port 'COM16': FileNotFoundError(2, 'El sistema no puede encontrar el archivo especificado.', None, 2)")
OPEN FAILED: SerialException("could not open port 'COM16': FileNotFoundError(2, 'El sistema no puede encontrar el archivo especificado.', None, 2)")
OPEN FAILED: SerialException("could not open port 'COM16': FileNotFoundError(2, 'El sistema no puede encontrar el archivo especificado.', None, 2)")
OPEN FAILED: SerialException("could not open port 'COM16': FileNotFoundError(2, 'El sistema no puede encontrar el archivo especificado.', None, 2)")
OPEN FAILED: SerialException("could not open port 'COM16': FileNotFoundError(2, 'El sistema no puede encontrar el archivo especificado.', None, 2)")
OPEN FAILED: SerialException("could not open port 'COM16': FileNotFoundError(2, 'El sistema no puede encontrar el archivo especificado.', None, 2)")
OPEN FAILED: SerialException("could not open port 'COM16': FileNotFoundError(2, 'El sistema no puede encontrar el archivo especificado.', None, 2)")
OPEN FAILED: SerialException("could not open port 'COM16': FileNotFoundError(2, 'El sistema no puede encontrar el archivo especificado.', None, 2)")
OPEN FAILED: SerialException("could not open port 'COM16': FileNotFoundError(2, 'El sistema no puede encontrar el archivo especificado.', None, 2)")
OPEN FAILED: SerialException("could not open port 'COM16': FileNotFoundError(2, 'El sistema no puede encontrar el archivo especificado.', None, 2)")
OPEN FAILED: SerialException("could not open port 'COM16': FileNotFoundError(2, 'El sistema no puede encontrar el archivo especificado.', None, 2)")
OPEN FAILED: SerialException("could not open port 'COM16': FileNotFoundError(2, 'El sistema no puede encontrar el archivo especificado.', None, 2)")
OPEN FAILED: SerialException("could not open port 'COM16': FileNotFoundError(2, 'El sistema no puede encontrar el archivo especificado.', None, 2)")
OPEN FAILED: SerialException("could not open port 'COM16': FileNotFoundError(2, 'El sistema no puede encontrar el archivo especificado.', None, 2)")
OPEN FAILED: SerialException("could not open port 'COM16': FileNotFoundError(2, 'El sistema no puede encontrar el archivo especificado.', None, 2)")
OPEN FAILED: SerialException("could not open port 'COM16': FileNotFoundError(2, 'El sistema no puede encontrar el archivo especificado.', None, 2)")
OPEN FAILED: SerialException("could not open port 'COM16': FileNotFoundError(2, 'El sistema no puede encontrar el archivo especificado.', None, 2)")
OPEN FAILED: SerialException("could not open port 'COM16': FileNotFoundError(2, 'El sistema no puede encontrar el archivo especificado.', None, 2)")
OPEN FAILED: SerialException("could not open port 'COM16': FileNotFoundError(2, 'El sistema no puede encontrar el archivo especificado.', None, 2)")
OPEN FAILED: SerialException("could not open port 'COM16': FileNotFoundError(2, 'El sistema no puede encontrar el archivo especificado.', None, 2)")
OPEN FAILED: SerialException("could not open port 'COM16': FileNotFoundError(2, 'El sistema no puede encontrar el archivo especificado.', None, 2)")
OPEN FAILED: SerialException("could not open port 'COM16': FileNotFoundError(2, 'El sistema no puede encontrar el archivo especificado.', None, 2)")
OPEN FAILED: SerialException("could not open port 'COM16': FileNotFoundError(2, 'El sistema no puede encontrar el archivo especificado.', None, 2)")
OPEN FAILED: SerialException("could not open port 'COM16': FileNotFoundError(2, 'El sistema no puede encontrar el archivo especificado.', None, 2)")
OPEN FAILED: SerialException("could not open port 'COM16': FileNotFoundError(2, 'El sistema no puede encontrar el archivo especificado.', None, 2)")
OPEN FAILED: SerialException("could not open port 'COM16': FileNotFoundError(2, 'El sistema no puede encontrar el archivo especificado.', None, 2)")
OPEN FAILED: SerialException("could not open port 'COM16': FileNotFoundError(2, 'El sistema no puede encontrar el archivo especificado.', None, 2)")
OPEN FAILED: SerialException("could not open port 'COM16': FileNotFoundError(2, 'El sistema no puede encontrar el archivo especificado.', None, 2)")
OPEN FAILED: SerialException("could not open port 'COM16': FileNotFoundError(2, 'El sistema no puede encontrar el archivo especificado.', None, 2)")
OPEN FAILED: SerialException("could not open port 'COM16': FileNotFoundError(2, 'El sistema no puede encontrar el archivo especificado.', None, 2)")
OPEN FAILED: SerialException("could not open port 'COM16': FileNotFoundError(2, 'El sistema no puede encontrar el archivo especificado.', None, 2)")
OPEN FAILED: SerialException("could not open port 'COM16': FileNotFoundError(2, 'El sistema no puede encontrar el archivo especificado.', None, 2)")
OPEN FAILED: SerialException("could not open port 'COM16': FileNotFoundError(2, 'El sistema no puede encontrar el archivo especificado.', None, 2)")
OPEN FAILED: SerialException("could not open port 'COM16': FileNotFoundError(2, 'El sistema no puede encontrar el archivo especificado.', None, 2)")
OPEN FAILED: SerialException("could not open port 'COM16': FileNotFoundError(2, 'El sistema no puede encontrar el archivo especificado.', None, 2)")
OPEN FAILED: SerialException("could not open port 'COM16': FileNotFoundError(2, 'El sistema no puede encontrar el archivo especificado.', None, 2)")
OPEN FAILED: SerialException("could not open port 'COM16': FileNotFoundError(2, 'El sistema no puede encontrar el archivo especificado.', None, 2)")
=== COM16 abierto, capturando 120s (el open resetea la placa) ===
[   0.3s] Deep-sleep wake #166 (cause=4)
[   0.3s] Last reset reason: 8 = DEEPSLEEP
[   0.3s] Node address: 4 (Module B sees this as +RCV addr=4)
[   0.3s] Tick: sensor_read 3/3, lora_trans 4/4
[   0.3s] Boot #86 since last power loss
[   2.5s] 3V3: about to assert
[   2.5s] 3V3: asserted
[   2.8s] 3V3: settled
[   2.8s] 5V: about to assert (plain write)
[   2.8s] 5V: asserted
[   3.4s] 5V: settled
[   3.4s] LoRa: about to assert
[   3.4s] LoRa: asserted
[   3.4s] BMV080 EN: GPIO15 -> LOW
[   4.0s] rails up
[   4.0s] [PowerManager] enable3V3Sensors (stub - bench has no gating FET yet)
[   4.0s] --- I2C scan (after rails, before sensor init) ---
[   4.0s]   ACK at 0x57
[   4.0s]   ACK at 0x74
[   4.0s]   ACK at 0x76
[   4.0s] [bme probe right after scan] 0x76 (addr-probe=0) chip ID = 0x61 (0x61 = BME69x, CORRECT)
[   4.0s] [  4087][E][Wire.cpp:499] requestFrom(): i2cWriteReadNonStop returned Error -1
[   4.0s] [bme probe right after scan] 0x77 accepted the register write but returned no data
[   4.0s] Waiting 5000ms for BMV080 startup...
[   9.0s] [bme probe after BMV080 wait, before begin] 0x76 (addr-probe=0) chip ID = 0x61 (0x61 = BME69x, CORRECT)
[   9.0s] [  9095][E][Wire.cpp:499] requestFrom(): i2cWriteReadNonStop returned Error -1
[   9.0s] [bme probe after BMV080 wait, before begin] 0x77 accepted the register write but returned no data
[   9.0s] [step] bme690.begin ...
[   9.0s] BME690: OK (bound to 0x76)
[   9.0s] SEN0466: SKIPPED (210s settle - excluded from the sleeping cycle)
[   9.0s] [step] cm1106.begin (SWAPPED: now before bmv080) ...
[  12.1s] [step] cm1106.begin returned ...
[  12.1s] [step] bmv080.begin (SWAPPED: now after cm1106) ...
[  12.7s] BMV080: OK
[  12.7s] [step] calypso.begin next ...
[  12.7s] [step] calypso.begin returned - radio next ...
[  12.7s] Configuring RYLR998 (link parameters must match pp1-lora-receiver):
[  12.7s]   -> AT
[  12.7s]   <- +OK
[  12.7s]   -> AT+ADDRESS=4
[  12.7s]   <- +OK
[  12.7s]   -> AT+NETWORKID=5
[  12.7s]   <- +OK
[  12.7s]   -> AT+BAND=868000000
[  12.7s]   <- +OK
[  12.7s]   -> AT+PARAMETER=7,7,1,12
[  12.7s]   <- +OK
[  12.7s]   -> AT+CRFOP=14
[  12.7s]   <- +OK
[  12.7s] LoRa TX power -> 14 dBm: OK
[  12.7s] Radio init OK
[  12.7s] Setup complete.
[  12.7s] 
[  12.7s] [sentinel] bme=OK(T25.1 H46.6) co=NotInit(0.00)  (40ms)
[  12.7s] [store] reading 2/4 kept (tick 166)
[  14.3s] [tx] sensor rails off for the transmit
[  14.9s] TX [0..1/2] 114 bytes: B,2,25.1,46.5,944.5,7240,0.0,0.0,0.0,667,0.0,0.0,0,0.0,0,3;25.1,46.6,944.4,7240,0.0,0.0,0.0,667,0.0,0.0,0,0.0,0,0;  (sent)
READ FAILED after 17.0s: SerialException("ClearCommError failed (PermissionError(13, 'El dispositivo no reconoce el comando.', None, 22))")
=== fin ===
OPEN FAILED: SerialException("could not open port 'COM16': FileNotFoundError(2, 'El sistema no puede encontrar el archivo especificado.', None, 2)")
OPEN FAILED: SerialException("could not open port 'COM16': FileNotFoundError(2, 'El sistema no puede encontrar el archivo especificado.', None, 2)")
OPEN FAILED: SerialException("could not open port 'COM16': FileNotFoundError(2, 'El sistema no puede encontrar el archivo especificado.', None, 2)")
OPEN FAILED: SerialException("could not open port 'COM16': FileNotFoundError(2, 'El sistema no puede encontrar el archivo especificado.', None, 2)")
OPEN FAILED: SerialException("could not open port 'COM16': FileNotFoundError(2, 'El sistema no puede encontrar el archivo especificado.', None, 2)")
OPEN FAILED: SerialException("could not open port 'COM16': FileNotFoundError(2, 'El sistema no puede encontrar el archivo especificado.', None, 2)")
OPEN FAILED: SerialException("could not open port 'COM16': FileNotFoundError(2, 'El sistema no puede encontrar el archivo especificado.', None, 2)")
OPEN FAILED: SerialException("could not open port 'COM16': FileNotFoundError(2, 'El sistema no puede encontrar el archivo especificado.', None, 2)")
OPEN FAILED: SerialException("could not open port 'COM16': FileNotFoundError(2, 'El sistema no puede encontrar el archivo especificado.', None, 2)")
OPEN FAILED: SerialException("could not open port 'COM16': FileNotFoundError(2, 'El sistema no puede encontrar el archivo especificado.', None, 2)")
OPEN FAILED: SerialException("could not open port 'COM16': FileNotFoundError(2, 'El sistema no puede encontrar el archivo especificado.', None, 2)")
OPEN FAILED: SerialException("could not open port 'COM16': FileNotFoundError(2, 'El sistema no puede encontrar el archivo especificado.', None, 2)")
OPEN FAILED: SerialException("could not open port 'COM16': FileNotFoundError(2, 'El sistema no puede encontrar el archivo especificado.', None, 2)")
OPEN FAILED: SerialException("could not open port 'COM16': FileNotFoundError(2, 'El sistema no puede encontrar el archivo especificado.', None, 2)")
OPEN FAILED: SerialException("could not open port 'COM16': FileNotFoundError(2, 'El sistema no puede encontrar el archivo especificado.', None, 2)")
OPEN FAILED: SerialException("could not open port 'COM16': FileNotFoundError(2, 'El sistema no puede encontrar el archivo especificado.', None, 2)")
OPEN FAILED: SerialException("could not open port 'COM16': FileNotFoundError(2, 'El sistema no puede encontrar el archivo especificado.', None, 2)")
OPEN FAILED: SerialException("could not open port 'COM16': FileNotFoundError(2, 'El sistema no puede encontrar el archivo especificado.', None, 2)")
OPEN FAILED: SerialException("could not open port 'COM16': FileNotFoundError(2, 'El sistema no puede encontrar el archivo especificado.', None, 2)")
OPEN FAILED: SerialException("could not open port 'COM16': FileNotFoundError(2, 'El sistema no puede encontrar el archivo especificado.', None, 2)")
OPEN FAILED: SerialException("could not open port 'COM16': FileNotFoundError(2, 'El sistema no puede encontrar el archivo especificado.', None, 2)")
OPEN FAILED: SerialException("could not open port 'COM16': FileNotFoundError(2, 'El sistema no puede encontrar el archivo especificado.', None, 2)")
OPEN FAILED: SerialException("could not open port 'COM16': FileNotFoundError(2, 'El sistema no puede encontrar el archivo especificado.', None, 2)")
OPEN FAILED: SerialException("could not open port 'COM16': FileNotFoundError(2, 'El sistema no puede encontrar el archivo especificado.', None, 2)")
OPEN FAILED: SerialException("could not open port 'COM16': FileNotFoundError(2, 'El sistema no puede encontrar el archivo especificado.', None, 2)")
OPEN FAILED: SerialException("could not open port 'COM16': FileNotFoundError(2, 'El sistema no puede encontrar el archivo especificado.', None, 2)")
OPEN FAILED: SerialException("could not open port 'COM16': FileNotFoundError(2, 'El sistema no puede encontrar el archivo especificado.', None, 2)")
OPEN FAILED: SerialException("could not open port 'COM16': FileNotFoundError(2, 'El sistema no puede encontrar el archivo especificado.', None, 2)")
OPEN FAILED: SerialException("could not open port 'COM16': FileNotFoundError(2, 'El sistema no puede encontrar el archivo especificado.', None, 2)")
OPEN FAILED: SerialException("could not open port 'COM16': FileNotFoundError(2, 'El sistema no puede encontrar el archivo especificado.', None, 2)")
OPEN FAILED: SerialException("could not open port 'COM16': FileNotFoundError(2, 'El sistema no puede encontrar el archivo especificado.', None, 2)")
OPEN FAILED: SerialException("could not open port 'COM16': FileNotFoundError(2, 'El sistema no puede encontrar el archivo especificado.', None, 2)")
OPEN FAILED: SerialException("could not open port 'COM16': FileNotFoundError(2, 'El sistema no puede encontrar el archivo especificado.', None, 2)")
OPEN FAILED: SerialException("could not open port 'COM16': FileNotFoundError(2, 'El sistema no puede encontrar el archivo especificado.', None, 2)")
OPEN FAILED: SerialException("could not open port 'COM16': FileNotFoundError(2, 'El sistema no puede encontrar el archivo especificado.', None, 2)")
OPEN FAILED: SerialException("could not open port 'COM16': FileNotFoundError(2, 'El sistema no puede encontrar el archivo especificado.', None, 2)")
OPEN FAILED: SerialException("could not open port 'COM16': FileNotFoundError(2, 'El sistema no puede encontrar el archivo especificado.', None, 2)")
OPEN FAILED: SerialException("could not open port 'COM16': FileNotFoundError(2, 'El sistema no puede encontrar el archivo especificado.', None, 2)")
OPEN FAILED: SerialException("could not open port 'COM16': FileNotFoundError(2, 'El sistema no puede encontrar el archivo especificado.', None, 2)")
OPEN FAILED: SerialException("could not open port 'COM16': FileNotFoundError(2, 'El sistema no puede encontrar el archivo especificado.', None, 2)")
OPEN FAILED: SerialException("could not open port 'COM16': FileNotFoundError(2, 'El sistema no puede encontrar el archivo especificado.', None, 2)")
OPEN FAILED: SerialException("could not open port 'COM16': FileNotFoundError(2, 'El sistema no puede encontrar el archivo especificado.', None, 2)")
OPEN FAILED: SerialException("could not open port 'COM16': FileNotFoundError(2, 'El sistema no puede encontrar el archivo especificado.', None, 2)")
OPEN FAILED: SerialException("could not open port 'COM16': FileNotFoundError(2, 'El sistema no puede encontrar el archivo especificado.', None, 2)")
OPEN FAILED: SerialException("could not open port 'COM16': FileNotFoundError(2, 'El sistema no puede encontrar el archivo especificado.', None, 2)")
OPEN FAILED: SerialException("could not open port 'COM16': FileNotFoundError(2, 'El sistema no puede encontrar el archivo especificado.', None, 2)")
OPEN FAILED: SerialException("could not open port 'COM16': FileNotFoundError(2, 'El sistema no puede encontrar el archivo especificado.', None, 2)")
OPEN FAILED: SerialException("could not open port 'COM16': FileNotFoundError(2, 'El sistema no puede encontrar el archivo especificado.', None, 2)")
OPEN FAILED: SerialException("could not open port 'COM16': FileNotFoundError(2, 'El sistema no puede encontrar el archivo especificado.', None, 2)")
OPEN FAILED: SerialException("could not open port 'COM16': FileNotFoundError(2, 'El sistema no puede encontrar el archivo especificado.', None, 2)")
OPEN FAILED: SerialException("could not open port 'COM16': FileNotFoundError(2, 'El sistema no puede encontrar el archivo especificado.', None, 2)")
OPEN FAILED: SerialException("could not open port 'COM16': FileNotFoundError(2, 'El sistema no puede encontrar el archivo especificado.', None, 2)")
OPEN FAILED: SerialException("could not open port 'COM16': FileNotFoundError(2, 'El sistema no puede encontrar el archivo especificado.', None, 2)")
OPEN FAILED: SerialException("could not open port 'COM16': FileNotFoundError(2, 'El sistema no puede encontrar el archivo especificado.', None, 2)")
OPEN FAILED: SerialException("could not open port 'COM16': FileNotFoundError(2, 'El sistema no puede encontrar el archivo especificado.', None, 2)")
OPEN FAILED: SerialException("could not open port 'COM16': FileNotFoundError(2, 'El sistema no puede encontrar el archivo especificado.', None, 2)")
OPEN FAILED: SerialException("could not open port 'COM16': FileNotFoundError(2, 'El sistema no puede encontrar el archivo especificado.', None, 2)")
OPEN FAILED: SerialException("could not open port 'COM16': FileNotFoundError(2, 'El sistema no puede encontrar el archivo especificado.', None, 2)")
OPEN FAILED: SerialException("could not open port 'COM16': FileNotFoundError(2, 'El sistema no puede encontrar el archivo especificado.', None, 2)")
OPEN FAILED: SerialException("could not open port 'COM16': FileNotFoundError(2, 'El sistema no puede encontrar el archivo especificado.', None, 2)")
OPEN FAILED: SerialException("could not open port 'COM16': FileNotFoundError(2, 'El sistema no puede encontrar el archivo especificado.', None, 2)")
OPEN FAILED: SerialException("could not open port 'COM16': FileNotFoundError(2, 'El sistema no puede encontrar el archivo especificado.', None, 2)")
OPEN FAILED: SerialException("could not open port 'COM16': FileNotFoundError(2, 'El sistema no puede encontrar el archivo especificado.', None, 2)")
OPEN FAILED: SerialException("could not open port 'COM16': FileNotFoundError(2, 'El sistema no puede encontrar el archivo especificado.', None, 2)")
OPEN FAILED: SerialException("could not open port 'COM16': FileNotFoundError(2, 'El sistema no puede encontrar el archivo especificado.', None, 2)")
OPEN FAILED: SerialException("could not open port 'COM16': FileNotFoundError(2, 'El sistema no puede encontrar el archivo especificado.', None, 2)")
OPEN FAILED: SerialException("could not open port 'COM16': FileNotFoundError(2, 'El sistema no puede encontrar el archivo especificado.', None, 2)")
OPEN FAILED: SerialException("could not open port 'COM16': FileNotFoundError(2, 'El sistema no puede encontrar el archivo especificado.', None, 2)")
OPEN FAILED: SerialException("could not open port 'COM16': FileNotFoundError(2, 'El sistema no puede encontrar el archivo especificado.', None, 2)")
OPEN FAILED: SerialException("could not open port 'COM16': FileNotFoundError(2, 'El sistema no puede encontrar el archivo especificado.', None, 2)")
OPEN FAILED: SerialException("could not open port 'COM16': FileNotFoundError(2, 'El sistema no puede encontrar el archivo especificado.', None, 2)")
OPEN FAILED: SerialException("could not open port 'COM16': FileNotFoundError(2, 'El sistema no puede encontrar el archivo especificado.', None, 2)")
OPEN FAILED: SerialException("could not open port 'COM16': FileNotFoundError(2, 'El sistema no puede encontrar el archivo especificado.', None, 2)")
OPEN FAILED: SerialException("could not open port 'COM16': FileNotFoundError(2, 'El sistema no puede encontrar el archivo especificado.', None, 2)")
OPEN FAILED: SerialException("could not open port 'COM16': FileNotFoundError(2, 'El sistema no puede encontrar el archivo especificado.', None, 2)")
OPEN FAILED: SerialException("could not open port 'COM16': FileNotFoundError(2, 'El sistema no puede encontrar el archivo especificado.', None, 2)")
OPEN FAILED: SerialException("could not open port 'COM16': FileNotFoundError(2, 'El sistema no puede encontrar el archivo especificado.', None, 2)")
OPEN FAILED: SerialException("could not open port 'COM16': FileNotFoundError(2, 'El sistema no puede encontrar el archivo especificado.', None, 2)")
OPEN FAILED: SerialException("could not open port 'COM16': FileNotFoundError(2, 'El sistema no puede encontrar el archivo especificado.', None, 2)")
OPEN FAILED: SerialException("could not open port 'COM16': FileNotFoundError(2, 'El sistema no puede encontrar el archivo especificado.', None, 2)")
OPEN FAILED: SerialException("could not open port 'COM16': FileNotFoundError(2, 'El sistema no puede encontrar el archivo especificado.', None, 2)")
OPEN FAILED: SerialException("could not open port 'COM16': FileNotFoundError(2, 'El sistema no puede encontrar el archivo especificado.', None, 2)")
OPEN FAILED: SerialException("could not open port 'COM16': FileNotFoundError(2, 'El sistema no puede encontrar el archivo especificado.', None, 2)")
OPEN FAILED: SerialException("could not open port 'COM16': FileNotFoundError(2, 'El sistema no puede encontrar el archivo especificado.', None, 2)")
OPEN FAILED: SerialException("could not open port 'COM16': FileNotFoundError(2, 'El sistema no puede encontrar el archivo especificado.', None, 2)")
OPEN FAILED: SerialException("could not open port 'COM16': FileNotFoundError(2, 'El sistema no puede encontrar el archivo especificado.', None, 2)")
OPEN FAILED: SerialException("could not open port 'COM16': FileNotFoundError(2, 'El sistema no puede encontrar el archivo especificado.', None, 2)")
OPEN FAILED: SerialException("could not open port 'COM16': FileNotFoundError(2, 'El sistema no puede encontrar el archivo especificado.', None, 2)")
OPEN FAILED: SerialException("could not open port 'COM16': FileNotFoundError(2, 'El sistema no puede encontrar el archivo especificado.', None, 2)")
OPEN FAILED: SerialException("could not open port 'COM16': FileNotFoundError(2, 'El sistema no puede encontrar el archivo especificado.', None, 2)")
OPEN FAILED: SerialException("could not open port 'COM16': FileNotFoundError(2, 'El sistema no puede encontrar el archivo especificado.', None, 2)")
OPEN FAILED: SerialException("could not open port 'COM16': FileNotFoundError(2, 'El sistema no puede encontrar el archivo especificado.', None, 2)")
OPEN FAILED: SerialException("could not open port 'COM16': FileNotFoundError(2, 'El sistema no puede encontrar el archivo especificado.', None, 2)")
OPEN FAILED: SerialException("could not open port 'COM16': FileNotFoundError(2, 'El sistema no puede encontrar el archivo especificado.', None, 2)")
OPEN FAILED: SerialException("could not open port 'COM16': FileNotFoundError(2, 'El sistema no puede encontrar el archivo especificado.', None, 2)")
OPEN FAILED: SerialException("could not open port 'COM16': FileNotFoundError(2, 'El sistema no puede encontrar el archivo especificado.', None, 2)")
OPEN FAILED: SerialException("could not open port 'COM16': FileNotFoundError(2, 'El sistema no puede encontrar el archivo especificado.', None, 2)")
OPEN FAILED: SerialException("could not open port 'COM16': FileNotFoundError(2, 'El sistema no puede encontrar el archivo especificado.', None, 2)")
OPEN FAILED: SerialException("could not open port 'COM16': FileNotFoundError(2, 'El sistema no puede encontrar el archivo especificado.', None, 2)")
OPEN FAILED: SerialException("could not open port 'COM16': FileNotFoundError(2, 'El sistema no puede encontrar el archivo especificado.', None, 2)")
OPEN FAILED: SerialException("could not open port 'COM16': FileNotFoundError(2, 'El sistema no puede encontrar el archivo especificado.', None, 2)")
OPEN FAILED: SerialException("could not open port 'COM16': FileNotFoundError(2, 'El sistema no puede encontrar el archivo especificado.', None, 2)")
OPEN FAILED: SerialException("could not open port 'COM16': FileNotFoundError(2, 'El sistema no puede encontrar el archivo especificado.', None, 2)")
OPEN FAILED: SerialException("could not open port 'COM16': FileNotFoundError(2, 'El sistema no puede encontrar el archivo especificado.', None, 2)")
OPEN FAILED: SerialException("could not open port 'COM16': FileNotFoundError(2, 'El sistema no puede encontrar el archivo especificado.', None, 2)")
OPEN FAILED: SerialException("could not open port 'COM16': FileNotFoundError(2, 'El sistema no puede encontrar el archivo especificado.', None, 2)")
OPEN FAILED: SerialException("could not open port 'COM16': FileNotFoundError(2, 'El sistema no puede encontrar el archivo especificado.', None, 2)")
OPEN FAILED: SerialException("could not open port 'COM16': FileNotFoundError(2, 'El sistema no puede encontrar el archivo especificado.', None, 2)")
OPEN FAILED: SerialException("could not open port 'COM16': FileNotFoundError(2, 'El sistema no puede encontrar el archivo especificado.', None, 2)")
OPEN FAILED: SerialException("could not open port 'COM16': FileNotFoundError(2, 'El sistema no puede encontrar el archivo especificado.', None, 2)")
OPEN FAILED: SerialException("could not open port 'COM16': FileNotFoundError(2, 'El sistema no puede encontrar el archivo especificado.', None, 2)")
OPEN FAILED: SerialException("could not open port 'COM16': FileNotFoundError(2, 'El sistema no puede encontrar el archivo especificado.', None, 2)")
OPEN FAILED: SerialException("could not open port 'COM16': FileNotFoundError(2, 'El sistema no puede encontrar el archivo especificado.', None, 2)")
OPEN FAILED: SerialException("could not open port 'COM16': FileNotFoundError(2, 'El sistema no puede encontrar el archivo especificado.', None, 2)")
OPEN FAILED: SerialException("could not open port 'COM16': FileNotFoundError(2, 'El sistema no puede encontrar el archivo especificado.', None, 2)")
OPEN FAILED: SerialException("could not open port 'COM16': FileNotFoundError(2, 'El sistema no puede encontrar el archivo especificado.', None, 2)")
=== COM16 abierto, capturando 120s (el open resetea la placa) ===
READ FAILED after 0.3s: SerialException("ClearCommError failed (PermissionError(13, 'El dispositivo no reconoce el comando.', None, 22))")
=== fin ===
OPEN FAILED: SerialException("could not open port 'COM16': FileNotFoundError(2, 'El sistema no puede encontrar el archivo especificado.', None, 2)")
OPEN FAILED: SerialException("could not open port 'COM16': FileNotFoundError(2, 'El sistema no puede encontrar el archivo especificado.', None, 2)")
OPEN FAILED: SerialException("could not open port 'COM16': FileNotFoundError(2, 'El sistema no puede encontrar el archivo especificado.', None, 2)")
OPEN FAILED: SerialException("could not open port 'COM16': FileNotFoundError(2, 'El sistema no puede encontrar el archivo especificado.', None, 2)")
OPEN FAILED: SerialException("could not open port 'COM16': FileNotFoundError(2, 'El sistema no puede encontrar el archivo especificado.', None, 2)")
OPEN FAILED: SerialException("could not open port 'COM16': FileNotFoundError(2, 'El sistema no puede encontrar el archivo especificado.', None, 2)")
OPEN FAILED: SerialException("could not open port 'COM16': FileNotFoundError(2, 'El sistema no puede encontrar el archivo especificado.', None, 2)")
OPEN FAILED: SerialException("could not open port 'COM16': FileNotFoundError(2, 'El sistema no puede encontrar el archivo especificado.', None, 2)")
OPEN FAILED: SerialException("could not open port 'COM16': FileNotFoundError(2, 'El sistema no puede encontrar el archivo especificado.', None, 2)")
OPEN FAILED: SerialException("could not open port 'COM16': FileNotFoundError(2, 'El sistema no puede encontrar el archivo especificado.', None, 2)")
OPEN FAILED: SerialException("could not open port 'COM16': FileNotFoundError(2, 'El sistema no puede encontrar el archivo especificado.', None, 2)")
OPEN FAILED: SerialException("could not open port 'COM16': FileNotFoundError(2, 'El sistema no puede encontrar el archivo especificado.', None, 2)")
OPEN FAILED: SerialException("could not open port 'COM16': FileNotFoundError(2, 'El sistema no puede encontrar el archivo especificado.', None, 2)")
OPEN FAILED: SerialException("could not open port 'COM16': FileNotFoundError(2, 'El sistema no puede encontrar el archivo especificado.', None, 2)")
OPEN FAILED: SerialException("could not open port 'COM16': FileNotFoundError(2, 'El sistema no puede encontrar el archivo especificado.', None, 2)")
OPEN FAILED: SerialException("could not open port 'COM16': FileNotFoundError(2, 'El sistema no puede encontrar el archivo especificado.', None, 2)")
OPEN FAILED: SerialException("could not open port 'COM16': FileNotFoundError(2, 'El sistema no puede encontrar el archivo especificado.', None, 2)")
OPEN FAILED: SerialException("could not open port 'COM16': FileNotFoundError(2, 'El sistema no puede encontrar el archivo especificado.', None, 2)")
OPEN FAILED: SerialException("could not open port 'COM16': FileNotFoundError(2, 'El sistema no puede encontrar el archivo especificado.', None, 2)")
OPEN FAILED: SerialException("could not open port 'COM16': FileNotFoundError(2, 'El sistema no puede encontrar el archivo especificado.', None, 2)")
OPEN FAILED: SerialException("could not open port 'COM16': FileNotFoundError(2, 'El sistema no puede encontrar el archivo especificado.', None, 2)")
OPEN FAILED: SerialException("could not open port 'COM16': FileNotFoundError(2, 'El sistema no puede encontrar el archivo especificado.', None, 2)")
OPEN FAILED: SerialException("could not open port 'COM16': FileNotFoundError(2, 'El sistema no puede encontrar el archivo especificado.', None, 2)")
OPEN FAILED: SerialException("could not open port 'COM16': FileNotFoundError(2, 'El sistema no puede encontrar el archivo especificado.', None, 2)")
OPEN FAILED: SerialException("could not open port 'COM16': FileNotFoundError(2, 'El sistema no puede encontrar el archivo especificado.', None, 2)")
OPEN FAILED: SerialException("could not open port 'COM16': FileNotFoundError(2, 'El sistema no puede encontrar el archivo especificado.', None, 2)")
OPEN FAILED: SerialException("could not open port 'COM16': FileNotFoundError(2, 'El sistema no puede encontrar el archivo especificado.', None, 2)")
OPEN FAILED: SerialException("could not open port 'COM16': FileNotFoundError(2, 'El sistema no puede encontrar el archivo especificado.', None, 2)")
OPEN FAILED: SerialException("could not open port 'COM16': FileNotFoundError(2, 'El sistema no puede encontrar el archivo especificado.', None, 2)")
OPEN FAILED: SerialException("could not open port 'COM16': FileNotFoundError(2, 'El sistema no puede encontrar el archivo especificado.', None, 2)")
OPEN FAILED: SerialException("could not open port 'COM16': FileNotFoundError(2, 'El sistema no puede encontrar el archivo especificado.', None, 2)")
OPEN FAILED: SerialException("could not open port 'COM16': FileNotFoundError(2, 'El sistema no puede encontrar el archivo especificado.', None, 2)")
OPEN FAILED: SerialException("could not open port 'COM16': FileNotFoundError(2, 'El sistema no puede encontrar el archivo especificado.', None, 2)")
OPEN FAILED: SerialException("could not open port 'COM16': FileNotFoundError(2, 'El sistema no puede encontrar el archivo especificado.', None, 2)")
OPEN FAILED: SerialException("could not open port 'COM16': FileNotFoundError(2, 'El sistema no puede encontrar el archivo especificado.', None, 2)")
OPEN FAILED: SerialException("could not open port 'COM16': FileNotFoundError(2, 'El sistema no puede encontrar el archivo especificado.', None, 2)")
OPEN FAILED: SerialException("could not open port 'COM16': FileNotFoundError(2, 'El sistema no puede encontrar el archivo especificado.', None, 2)")
OPEN FAILED: SerialException("could not open port 'COM16': FileNotFoundError(2, 'El sistema no puede encontrar el archivo especificado.', None, 2)")
OPEN FAILED: SerialException("could not open port 'COM16': FileNotFoundError(2, 'El sistema no puede encontrar el archivo especificado.', None, 2)")
OPEN FAILED: SerialException("could not open port 'COM16': FileNotFoundError(2, 'El sistema no puede encontrar el archivo especificado.', None, 2)")
OPEN FAILED: SerialException("could not open port 'COM16': FileNotFoundError(2, 'El sistema no puede encontrar el archivo especificado.', None, 2)")
OPEN FAILED: SerialException("could not open port 'COM16': FileNotFoundError(2, 'El sistema no puede encontrar el archivo especificado.', None, 2)")
OPEN FAILED: SerialException("could not open port 'COM16': FileNotFoundError(2, 'El sistema no puede encontrar el archivo especificado.', None, 2)")
OPEN FAILED: SerialException("could not open port 'COM16': FileNotFoundError(2, 'El sistema no puede encontrar el archivo especificado.', None, 2)")
OPEN FAILED: SerialException("could not open port 'COM16': FileNotFoundError(2, 'El sistema no puede encontrar el archivo especificado.', None, 2)")
OPEN FAILED: SerialException("could not open port 'COM16': FileNotFoundError(2, 'El sistema no puede encontrar el archivo especificado.', None, 2)")
OPEN FAILED: SerialException("could not open port 'COM16': FileNotFoundError(2, 'El sistema no puede encontrar el archivo especificado.', None, 2)")
OPEN FAILED: SerialException("could not open port 'COM16': FileNotFoundError(2, 'El sistema no puede encontrar el archivo especificado.', None, 2)")
OPEN FAILED: SerialException("could not open port 'COM16': FileNotFoundError(2, 'El sistema no puede encontrar el archivo especificado.', None, 2)")
OPEN FAILED: SerialException("could not open port 'COM16': FileNotFoundError(2, 'El sistema no puede encontrar el archivo especificado.', None, 2)")
OPEN FAILED: SerialException("could not open port 'COM16': FileNotFoundError(2, 'El sistema no puede encontrar el archivo especificado.', None, 2)")
OPEN FAILED: SerialException("could not open port 'COM16': FileNotFoundError(2, 'El sistema no puede encontrar el archivo especificado.', None, 2)")
OPEN FAILED: SerialException("could not open port 'COM16': FileNotFoundError(2, 'El sistema no puede encontrar el archivo especificado.', None, 2)")
OPEN FAILED: SerialException("could not open port 'COM16': FileNotFoundError(2, 'El sistema no puede encontrar el archivo especificado.', None, 2)")
OPEN FAILED: SerialException("could not open port 'COM16': FileNotFoundError(2, 'El sistema no puede encontrar el archivo especificado.', None, 2)")
OPEN FAILED: SerialException("could not open port 'COM16': FileNotFoundError(2, 'El sistema no puede encontrar el archivo especificado.', None, 2)")
OPEN FAILED: SerialException("could not open port 'COM16': FileNotFoundError(2, 'El sistema no puede encontrar el archivo especificado.', None, 2)")
OPEN FAILED: SerialException("could not open port 'COM16': FileNotFoundError(2, 'El sistema no puede encontrar el archivo especificado.', None, 2)")
OPEN FAILED: SerialException("could not open port 'COM16': FileNotFoundError(2, 'El sistema no puede encontrar el archivo especificado.', None, 2)")
OPEN FAILED: SerialException("could not open port 'COM16': FileNotFoundError(2, 'El sistema no puede encontrar el archivo especificado.', None, 2)")
OPEN FAILED: SerialException("could not open port 'COM16': FileNotFoundError(2, 'El sistema no puede encontrar el archivo especificado.', None, 2)")
OPEN FAILED: SerialException("could not open port 'COM16': FileNotFoundError(2, 'El sistema no puede encontrar el archivo especificado.', None, 2)")
OPEN FAILED: SerialException("could not open port 'COM16': FileNotFoundError(2, 'El sistema no puede encontrar el archivo especificado.', None, 2)")
OPEN FAILED: SerialException("could not open port 'COM16': FileNotFoundError(2, 'El sistema no puede encontrar el archivo especificado.', None, 2)")
OPEN FAILED: SerialException("could not open port 'COM16': FileNotFoundError(2, 'El sistema no puede encontrar el archivo especificado.', None, 2)")
OPEN FAILED: SerialException("could not open port 'COM16': FileNotFoundError(2, 'El sistema no puede encontrar el archivo especificado.', None, 2)")
OPEN FAILED: SerialException("could not open port 'COM16': FileNotFoundError(2, 'El sistema no puede encontrar el archivo especificado.', None, 2)")
OPEN FAILED: SerialException("could not open port 'COM16': FileNotFoundError(2, 'El sistema no puede encontrar el archivo especificado.', None, 2)")
OPEN FAILED: SerialException("could not open port 'COM16': FileNotFoundError(2, 'El sistema no puede encontrar el archivo especificado.', None, 2)")
OPEN FAILED: SerialException("could not open port 'COM16': FileNotFoundError(2, 'El sistema no puede encontrar el archivo especificado.', None, 2)")
OPEN FAILED: SerialException("could not open port 'COM16': FileNotFoundError(2, 'El sistema no puede encontrar el archivo especificado.', None, 2)")
OPEN FAILED: SerialException("could not open port 'COM16': FileNotFoundError(2, 'El sistema no puede encontrar el archivo especificado.', None, 2)")
OPEN FAILED: SerialException("could not open port 'COM16': FileNotFoundError(2, 'El sistema no puede encontrar el archivo especificado.', None, 2)")
OPEN FAILED: SerialException("could not open port 'COM16': FileNotFoundError(2, 'El sistema no puede encontrar el archivo especificado.', None, 2)")
OPEN FAILED: SerialException("could not open port 'COM16': FileNotFoundError(2, 'El sistema no puede encontrar el archivo especificado.', None, 2)")
OPEN FAILED: SerialException("could not open port 'COM16': FileNotFoundError(2, 'El sistema no puede encontrar el archivo especificado.', None, 2)")
OPEN FAILED: SerialException("could not open port 'COM16': FileNotFoundError(2, 'El sistema no puede encontrar el archivo especificado.', None, 2)")
OPEN FAILED: SerialException("could not open port 'COM16': FileNotFoundError(2, 'El sistema no puede encontrar el archivo especificado.', None, 2)")
OPEN FAILED: SerialException("could not open port 'COM16': FileNotFoundError(2, 'El sistema no puede encontrar el archivo especificado.', None, 2)")
OPEN FAILED: SerialException("could not open port 'COM16': FileNotFoundError(2, 'El sistema no puede encontrar el archivo especificado.', None, 2)")
OPEN FAILED: SerialException("could not open port 'COM16': FileNotFoundError(2, 'El sistema no puede encontrar el archivo especificado.', None, 2)")
OPEN FAILED: SerialException("could not open port 'COM16': FileNotFoundError(2, 'El sistema no puede encontrar el archivo especificado.', None, 2)")
OPEN FAILED: SerialException("could not open port 'COM16': FileNotFoundError(2, 'El sistema no puede encontrar el archivo especificado.', None, 2)")
OPEN FAILED: SerialException("could not open port 'COM16': FileNotFoundError(2, 'El sistema no puede encontrar el archivo especificado.', None, 2)")
OPEN FAILED: SerialException("could not open port 'COM16': FileNotFoundError(2, 'El sistema no puede encontrar el archivo especificado.', None, 2)")
OPEN FAILED: SerialException("could not open port 'COM16': FileNotFoundError(2, 'El sistema no puede encontrar el archivo especificado.', None, 2)")
OPEN FAILED: SerialException("could not open port 'COM16': FileNotFoundError(2, 'El sistema no puede encontrar el archivo especificado.', None, 2)")
OPEN FAILED: SerialException("could not open port 'COM16': FileNotFoundError(2, 'El sistema no puede encontrar el archivo especificado.', None, 2)")
OPEN FAILED: SerialException("could not open port 'COM16': FileNotFoundError(2, 'El sistema no puede encontrar el archivo especificado.', None, 2)")
OPEN FAILED: SerialException("could not open port 'COM16': FileNotFoundError(2, 'El sistema no puede encontrar el archivo especificado.', None, 2)")
OPEN FAILED: SerialException("could not open port 'COM16': FileNotFoundError(2, 'El sistema no puede encontrar el archivo especificado.', None, 2)")
OPEN FAILED: SerialException("could not open port 'COM16': FileNotFoundError(2, 'El sistema no puede encontrar el archivo especificado.', None, 2)")
OPEN FAILED: SerialException("could not open port 'COM16': FileNotFoundError(2, 'El sistema no puede encontrar el archivo especificado.', None, 2)")
OPEN FAILED: SerialException("could not open port 'COM16': FileNotFoundError(2, 'El sistema no puede encontrar el archivo especificado.', None, 2)")
OPEN FAILED: SerialException("could not open port 'COM16': FileNotFoundError(2, 'El sistema no puede encontrar el archivo especificado.', None, 2)")
OPEN FAILED: SerialException("could not open port 'COM16': FileNotFoundError(2, 'El sistema no puede encontrar el archivo especificado.', None, 2)")
OPEN FAILED: SerialException("could not open port 'COM16': FileNotFoundError(2, 'El sistema no puede encontrar el archivo especificado.', None, 2)")
OPEN FAILED: SerialException("could not open port 'COM16': FileNotFoundError(2, 'El sistema no puede encontrar el archivo especificado.', None, 2)")
OPEN FAILED: SerialException("could not open port 'COM16': FileNotFoundError(2, 'El sistema no puede encontrar el archivo especificado.', None, 2)")
OPEN FAILED: SerialException("could not open port 'COM16': FileNotFoundError(2, 'El sistema no puede encontrar el archivo especificado.', None, 2)")
OPEN FAILED: SerialException("could not open port 'COM16': FileNotFoundError(2, 'El sistema no puede encontrar el archivo especificado.', None, 2)")
OPEN FAILED: SerialException("could not open port 'COM16': FileNotFoundError(2, 'El sistema no puede encontrar el archivo especificado.', None, 2)")
OPEN FAILED: SerialException("could not open port 'COM16': FileNotFoundError(2, 'El sistema no puede encontrar el archivo especificado.', None, 2)")
OPEN FAILED: SerialException("could not open port 'COM16': FileNotFoundError(2, 'El sistema no puede encontrar el archivo especificado.', None, 2)")
OPEN FAILED: SerialException("could not open port 'COM16': FileNotFoundError(2, 'El sistema no puede encontrar el archivo especificado.', None, 2)")
OPEN FAILED: SerialException("could not open port 'COM16': FileNotFoundError(2, 'El sistema no puede encontrar el archivo especificado.', None, 2)")
OPEN FAILED: SerialException("could not open port 'COM16': FileNotFoundError(2, 'El sistema no puede encontrar el archivo especificado.', None, 2)")
OPEN FAILED: SerialException("could not open port 'COM16': FileNotFoundError(2, 'El sistema no puede encontrar el archivo especificado.', None, 2)")
OPEN FAILED: SerialException("could not open port 'COM16': FileNotFoundError(2, 'El sistema no puede encontrar el archivo especificado.', None, 2)")
OPEN FAILED: SerialException("could not open port 'COM16': FileNotFoundError(2, 'El sistema no puede encontrar el archivo especificado.', None, 2)")
OPEN FAILED: SerialException("could not open port 'COM16': FileNotFoundError(2, 'El sistema no puede encontrar el archivo especificado.', None, 2)")
OPEN FAILED: SerialException("could not open port 'COM16': FileNotFoundError(2, 'El sistema no puede encontrar el archivo especificado.', None, 2)")
OPEN FAILED: SerialException("could not open port 'COM16': FileNotFoundError(2, 'El sistema no puede encontrar el archivo especificado.', None, 2)")
OPEN FAILED: SerialException("could not open port 'COM16': FileNotFoundError(2, 'El sistema no puede encontrar el archivo especificado.', None, 2)")
OPEN FAILED: SerialException("could not open port 'COM16': FileNotFoundError(2, 'El sistema no puede encontrar el archivo especificado.', None, 2)")
OPEN FAILED: SerialException("could not open port 'COM16': FileNotFoundError(2, 'El sistema no puede encontrar el archivo especificado.', None, 2)")
=== COM16 abierto, capturando 120s (el open resetea la placa) ===
READ FAILED after 0.3s: SerialException("ClearCommError failed (PermissionError(13, 'El dispositivo no reconoce el comando.', None, 22))")
=== fin ===
OPEN FAILED: SerialException("could not open port 'COM16': FileNotFoundError(2, 'El sistema no puede encontrar el archivo especificado.', None, 2)")
OPEN FAILED: SerialException("could not open port 'COM16': FileNotFoundError(2, 'El sistema no puede encontrar el archivo especificado.', None, 2)")
OPEN FAILED: SerialException("could not open port 'COM16': FileNotFoundError(2, 'El sistema no puede encontrar el archivo especificado.', None, 2)")
OPEN FAILED: SerialException("could not open port 'COM16': FileNotFoundError(2, 'El sistema no puede encontrar el archivo especificado.', None, 2)")
OPEN FAILED: SerialException("could not open port 'COM16': FileNotFoundError(2, 'El sistema no puede encontrar el archivo especificado.', None, 2)")
OPEN FAILED: SerialException("could not open port 'COM16': FileNotFoundError(2, 'El sistema no puede encontrar el archivo especificado.', None, 2)")
OPEN FAILED: SerialException("could not open port 'COM16': FileNotFoundError(2, 'El sistema no puede encontrar el archivo especificado.', None, 2)")
OPEN FAILED: SerialException("could not open port 'COM16': FileNotFoundError(2, 'El sistema no puede encontrar el archivo especificado.', None, 2)")
OPEN FAILED: SerialException("could not open port 'COM16': FileNotFoundError(2, 'El sistema no puede encontrar el archivo especificado.', None, 2)")
OPEN FAILED: SerialException("could not open port 'COM16': FileNotFoundError(2, 'El sistema no puede encontrar el archivo especificado.', None, 2)")
OPEN FAILED: SerialException("could not open port 'COM16': FileNotFoundError(2, 'El sistema no puede encontrar el archivo especificado.', None, 2)")
OPEN FAILED: SerialException("could not open port 'COM16': FileNotFoundError(2, 'El sistema no puede encontrar el archivo especificado.', None, 2)")
OPEN FAILED: SerialException("could not open port 'COM16': FileNotFoundError(2, 'El sistema no puede encontrar el archivo especificado.', None, 2)")
OPEN FAILED: SerialException("could not open port 'COM16': FileNotFoundError(2, 'El sistema no puede encontrar el archivo especificado.', None, 2)")
OPEN FAILED: SerialException("could not open port 'COM16': FileNotFoundError(2, 'El sistema no puede encontrar el archivo especificado.', None, 2)")
OPEN FAILED: SerialException("could not open port 'COM16': FileNotFoundError(2, 'El sistema no puede encontrar el archivo especificado.', None, 2)")
OPEN FAILED: SerialException("could not open port 'COM16': FileNotFoundError(2, 'El sistema no puede encontrar el archivo especificado.', None, 2)")
OPEN FAILED: SerialException("could not open port 'COM16': FileNotFoundError(2, 'El sistema no puede encontrar el archivo especificado.', None, 2)")
OPEN FAILED: SerialException("could not open port 'COM16': FileNotFoundError(2, 'El sistema no puede encontrar el archivo especificado.', None, 2)")
OPEN FAILED: SerialException("could not open port 'COM16': FileNotFoundError(2, 'El sistema no puede encontrar el archivo especificado.', None, 2)")
OPEN FAILED: SerialException("could not open port 'COM16': FileNotFoundError(2, 'El sistema no puede encontrar el archivo especificado.', None, 2)")
OPEN FAILED: SerialException("could not open port 'COM16': FileNotFoundError(2, 'El sistema no puede encontrar el archivo especificado.', None, 2)")
OPEN FAILED: SerialException("could not open port 'COM16': FileNotFoundError(2, 'El sistema no puede encontrar el archivo especificado.', None, 2)")
OPEN FAILED: SerialException("could not open port 'COM16': FileNotFoundError(2, 'El sistema no puede encontrar el archivo especificado.', None, 2)")
OPEN FAILED: SerialException("could not open port 'COM16': FileNotFoundError(2, 'El sistema no puede encontrar el archivo especificado.', None, 2)")
OPEN FAILED: SerialException("could not open port 'COM16': FileNotFoundError(2, 'El sistema no puede encontrar el archivo especificado.', None, 2)")
OPEN FAILED: SerialException("could not open port 'COM16': FileNotFoundError(2, 'El sistema no puede encontrar el archivo especificado.', None, 2)")
OPEN FAILED: SerialException("could not open port 'COM16': FileNotFoundError(2, 'El sistema no puede encontrar el archivo especificado.', None, 2)")
OPEN FAILED: SerialException("could not open port 'COM16': FileNotFoundError(2, 'El sistema no puede encontrar el archivo especificado.', None, 2)")
OPEN FAILED: SerialException("could not open port 'COM16': FileNotFoundError(2, 'El sistema no puede encontrar el archivo especificado.', None, 2)")
OPEN FAILED: SerialException("could not open port 'COM16': FileNotFoundError(2, 'El sistema no puede encontrar el archivo especificado.', None, 2)")
OPEN FAILED: SerialException("could not open port 'COM16': FileNotFoundError(2, 'El sistema no puede encontrar el archivo especificado.', None, 2)")
OPEN FAILED: SerialException("could not open port 'COM16': FileNotFoundError(2, 'El sistema no puede encontrar el archivo especificado.', None, 2)")
OPEN FAILED: SerialException("could not open port 'COM16': FileNotFoundError(2, 'El sistema no puede encontrar el archivo especificado.', None, 2)")
OPEN FAILED: SerialException("could not open port 'COM16': FileNotFoundError(2, 'El sistema no puede encontrar el archivo especificado.', None, 2)")
OPEN FAILED: SerialException("could not open port 'COM16': FileNotFoundError(2, 'El sistema no puede encontrar el archivo especificado.', None, 2)")
OPEN FAILED: SerialException("could not open port 'COM16': FileNotFoundError(2, 'El sistema no puede encontrar el archivo especificado.', None, 2)")
OPEN FAILED: SerialException("could not open port 'COM16': FileNotFoundError(2, 'El sistema no puede encontrar el archivo especificado.', None, 2)")
OPEN FAILED: SerialException("could not open port 'COM16': FileNotFoundError(2, 'El sistema no puede encontrar el archivo especificado.', None, 2)")
OPEN FAILED: SerialException("could not open port 'COM16': FileNotFoundError(2, 'El sistema no puede encontrar el archivo especificado.', None, 2)")
OPEN FAILED: SerialException("could not open port 'COM16': FileNotFoundError(2, 'El sistema no puede encontrar el archivo especificado.', None, 2)")
OPEN FAILED: SerialException("could not open port 'COM16': FileNotFoundError(2, 'El sistema no puede encontrar el archivo especificado.', None, 2)")
OPEN FAILED: SerialException("could not open port 'COM16': FileNotFoundError(2, 'El sistema no puede encontrar el archivo especificado.', None, 2)")
OPEN FAILED: SerialException("could not open port 'COM16': FileNotFoundError(2, 'El sistema no puede encontrar el archivo especificado.', None, 2)")
OPEN FAILED: SerialException("could not open port 'COM16': FileNotFoundError(2, 'El sistema no puede encontrar el archivo especificado.', None, 2)")
OPEN FAILED: SerialException("could not open port 'COM16': FileNotFoundError(2, 'El sistema no puede encontrar el archivo especificado.', None, 2)")
OPEN FAILED: SerialException("could not open port 'COM16': FileNotFoundError(2, 'El sistema no puede encontrar el archivo especificado.', None, 2)")
OPEN FAILED: SerialException("could not open port 'COM16': FileNotFoundError(2, 'El sistema no puede encontrar el archivo especificado.', None, 2)")
OPEN FAILED: SerialException("could not open port 'COM16': FileNotFoundError(2, 'El sistema no puede encontrar el archivo especificado.', None, 2)")
OPEN FAILED: SerialException("could not open port 'COM16': FileNotFoundError(2, 'El sistema no puede encontrar el archivo especificado.', None, 2)")
OPEN FAILED: SerialException("could not open port 'COM16': FileNotFoundError(2, 'El sistema no puede encontrar el archivo especificado.', None, 2)")
OPEN FAILED: SerialException("could not open port 'COM16': FileNotFoundError(2, 'El sistema no puede encontrar el archivo especificado.', None, 2)")
OPEN FAILED: SerialException("could not open port 'COM16': FileNotFoundError(2, 'El sistema no puede encontrar el archivo especificado.', None, 2)")
OPEN FAILED: SerialException("could not open port 'COM16': FileNotFoundError(2, 'El sistema no puede encontrar el archivo especificado.', None, 2)")
OPEN FAILED: SerialException("could not open port 'COM16': FileNotFoundError(2, 'El sistema no puede encontrar el archivo especificado.', None, 2)")
OPEN FAILED: SerialException("could not open port 'COM16': FileNotFoundError(2, 'El sistema no puede encontrar el archivo especificado.', None, 2)")
OPEN FAILED: SerialException("could not open port 'COM16': FileNotFoundError(2, 'El sistema no puede encontrar el archivo especificado.', None, 2)")
OPEN FAILED: SerialException("could not open port 'COM16': FileNotFoundError(2, 'El sistema no puede encontrar el archivo especificado.', None, 2)")
OPEN FAILED: SerialException("could not open port 'COM16': FileNotFoundError(2, 'El sistema no puede encontrar el archivo especificado.', None, 2)")
OPEN FAILED: SerialException("could not open port 'COM16': FileNotFoundError(2, 'El sistema no puede encontrar el archivo especificado.', None, 2)")
OPEN FAILED: SerialException("could not open port 'COM16': FileNotFoundError(2, 'El sistema no puede encontrar el archivo especificado.', None, 2)")
OPEN FAILED: SerialException("could not open port 'COM16': FileNotFoundError(2, 'El sistema no puede encontrar el archivo especificado.', None, 2)")
OPEN FAILED: SerialException("could not open port 'COM16': FileNotFoundError(2, 'El sistema no puede encontrar el archivo especificado.', None, 2)")
OPEN FAILED: SerialException("could not open port 'COM16': FileNotFoundError(2, 'El sistema no puede encontrar el archivo especificado.', None, 2)")
OPEN FAILED: SerialException("could not open port 'COM16': FileNotFoundError(2, 'El sistema no puede encontrar el archivo especificado.', None, 2)")
OPEN FAILED: SerialException("could not open port 'COM16': FileNotFoundError(2, 'El sistema no puede encontrar el archivo especificado.', None, 2)")
OPEN FAILED: SerialException("could not open port 'COM16': FileNotFoundError(2, 'El sistema no puede encontrar el archivo especificado.', None, 2)")
OPEN FAILED: SerialException("could not open port 'COM16': FileNotFoundError(2, 'El sistema no puede encontrar el archivo especificado.', None, 2)")
OPEN FAILED: SerialException("could not open port 'COM16': FileNotFoundError(2, 'El sistema no puede encontrar el archivo especificado.', None, 2)")
OPEN FAILED: SerialException("could not open port 'COM16': FileNotFoundError(2, 'El sistema no puede encontrar el archivo especificado.', None, 2)")
OPEN FAILED: SerialException("could not open port 'COM16': FileNotFoundError(2, 'El sistema no puede encontrar el archivo especificado.', None, 2)")
OPEN FAILED: SerialException("could not open port 'COM16': FileNotFoundError(2, 'El sistema no puede encontrar el archivo especificado.', None, 2)")
OPEN FAILED: SerialException("could not open port 'COM16': FileNotFoundError(2, 'El sistema no puede encontrar el archivo especificado.', None, 2)")
OPEN FAILED: SerialException("could not open port 'COM16': FileNotFoundError(2, 'El sistema no puede encontrar el archivo especificado.', None, 2)")
OPEN FAILED: SerialException("could not open port 'COM16': FileNotFoundError(2, 'El sistema no puede encontrar el archivo especificado.', None, 2)")
OPEN FAILED: SerialException("could not open port 'COM16': FileNotFoundError(2, 'El sistema no puede encontrar el archivo especificado.', None, 2)")
OPEN FAILED: SerialException("could not open port 'COM16': FileNotFoundError(2, 'El sistema no puede encontrar el archivo especificado.', None, 2)")
OPEN FAILED: SerialException("could not open port 'COM16': FileNotFoundError(2, 'El sistema no puede encontrar el archivo especificado.', None, 2)")
OPEN FAILED: SerialException("could not open port 'COM16': FileNotFoundError(2, 'El sistema no puede encontrar el archivo especificado.', None, 2)")
OPEN FAILED: SerialException("could not open port 'COM16': FileNotFoundError(2, 'El sistema no puede encontrar el archivo especificado.', None, 2)")
OPEN FAILED: SerialException("could not open port 'COM16': FileNotFoundError(2, 'El sistema no puede encontrar el archivo especificado.', None, 2)")
OPEN FAILED: SerialException("could not open port 'COM16': FileNotFoundError(2, 'El sistema no puede encontrar el archivo especificado.', None, 2)")
OPEN FAILED: SerialException("could not open port 'COM16': FileNotFoundError(2, 'El sistema no puede encontrar el archivo especificado.', None, 2)")
OPEN FAILED: SerialException("could not open port 'COM16': FileNotFoundError(2, 'El sistema no puede encontrar el archivo especificado.', None, 2)")
OPEN FAILED: SerialException("could not open port 'COM16': FileNotFoundError(2, 'El sistema no puede encontrar el archivo especificado.', None, 2)")
OPEN FAILED: SerialException("could not open port 'COM16': FileNotFoundError(2, 'El sistema no puede encontrar el archivo especificado.', None, 2)")
OPEN FAILED: SerialException("could not open port 'COM16': FileNotFoundError(2, 'El sistema no puede encontrar el archivo especificado.', None, 2)")
OPEN FAILED: SerialException("could not open port 'COM16': FileNotFoundError(2, 'El sistema no puede encontrar el archivo especificado.', None, 2)")
OPEN FAILED: SerialException("could not open port 'COM16': FileNotFoundError(2, 'El sistema no puede encontrar el archivo especificado.', None, 2)")
OPEN FAILED: SerialException("could not open port 'COM16': FileNotFoundError(2, 'El sistema no puede encontrar el archivo especificado.', None, 2)")
OPEN FAILED: SerialException("could not open port 'COM16': FileNotFoundError(2, 'El sistema no puede encontrar el archivo especificado.', None, 2)")
OPEN FAILED: SerialException("could not open port 'COM16': FileNotFoundError(2, 'El sistema no puede encontrar el archivo especificado.', None, 2)")
OPEN FAILED: SerialException("could not open port 'COM16': FileNotFoundError(2, 'El sistema no puede encontrar el archivo especificado.', None, 2)")
OPEN FAILED: SerialException("could not open port 'COM16': FileNotFoundError(2, 'El sistema no puede encontrar el archivo especificado.', None, 2)")
OPEN FAILED: SerialException("could not open port 'COM16': FileNotFoundError(2, 'El sistema no puede encontrar el archivo especificado.', None, 2)")
OPEN FAILED: SerialException("could not open port 'COM16': FileNotFoundError(2, 'El sistema no puede encontrar el archivo especificado.', None, 2)")
OPEN FAILED: SerialException("could not open port 'COM16': FileNotFoundError(2, 'El sistema no puede encontrar el archivo especificado.', None, 2)")
OPEN FAILED: SerialException("could not open port 'COM16': FileNotFoundError(2, 'El sistema no puede encontrar el archivo especificado.', None, 2)")
OPEN FAILED: SerialException("could not open port 'COM16': FileNotFoundError(2, 'El sistema no puede encontrar el archivo especificado.', None, 2)")
OPEN FAILED: SerialException("could not open port 'COM16': FileNotFoundError(2, 'El sistema no puede encontrar el archivo especificado.', None, 2)")
OPEN FAILED: SerialException("could not open port 'COM16': FileNotFoundError(2, 'El sistema no puede encontrar el archivo especificado.', None, 2)")
OPEN FAILED: SerialException("could not open port 'COM16': FileNotFoundError(2, 'El sistema no puede encontrar el archivo especificado.', None, 2)")
OPEN FAILED: SerialException("could not open port 'COM16': FileNotFoundError(2, 'El sistema no puede encontrar el archivo especificado.', None, 2)")
OPEN FAILED: SerialException("could not open port 'COM16': FileNotFoundError(2, 'El sistema no puede encontrar el archivo especificado.', None, 2)")
OPEN FAILED: SerialException("could not open port 'COM16': FileNotFoundError(2, 'El sistema no puede encontrar el archivo especificado.', None, 2)")
OPEN FAILED: SerialException("could not open port 'COM16': FileNotFoundError(2, 'El sistema no puede encontrar el archivo especificado.', None, 2)")
OPEN FAILED: SerialException("could not open port 'COM16': FileNotFoundError(2, 'El sistema no puede encontrar el archivo especificado.', None, 2)")
OPEN FAILED: SerialException("could not open port 'COM16': FileNotFoundError(2, 'El sistema no puede encontrar el archivo especificado.', None, 2)")
OPEN FAILED: SerialException("could not open port 'COM16': FileNotFoundError(2, 'El sistema no puede encontrar el archivo especificado.', None, 2)")
OPEN FAILED: SerialException("could not open port 'COM16': FileNotFoundError(2, 'El sistema no puede encontrar el archivo especificado.', None, 2)")
OPEN FAILED: SerialException("could not open port 'COM16': FileNotFoundError(2, 'El sistema no puede encontrar el archivo especificado.', None, 2)")
OPEN FAILED: SerialException("could not open port 'COM16': FileNotFoundError(2, 'El sistema no puede encontrar el archivo especificado.', None, 2)")
OPEN FAILED: SerialException("could not open port 'COM16': FileNotFoundError(2, 'El sistema no puede encontrar el archivo especificado.', None, 2)")
OPEN FAILED: SerialException("could not open port 'COM16': FileNotFoundError(2, 'El sistema no puede encontrar el archivo especificado.', None, 2)")
OPEN FAILED: SerialException("could not open port 'COM16': FileNotFoundError(2, 'El sistema no puede encontrar el archivo especificado.', None, 2)")
OPEN FAILED: SerialException("could not open port 'COM16': FileNotFoundError(2, 'El sistema no puede encontrar el archivo especificado.', None, 2)")
OPEN FAILED: SerialException("could not open port 'COM16': FileNotFoundError(2, 'El sistema no puede encontrar el archivo especificado.', None, 2)")
=== COM16 abierto, capturando 120s (el open resetea la placa) ===
[   2.2s] 3V3: about to assert
[   2.2s] 3V3: asserted
[   2.8s] 3V3: settled
[   2.8s] 5V: about to assert (plain write)
[   2.8s] 5V: asserted
[   3.4s] 5V: settled
[   3.4s] LoRa: about to assert
[   3.4s] LoRa: asserted
[   3.4s] BMV080 EN: GPIO15 -> LOW
[   3.7s] rails up
[   3.7s] [PowerManager] enable3V3Sensors (stub - bench has no gating FET yet)
[   3.7s] --- I2C scan (after rails, before sensor init) ---
[   3.7s]   ACK at 0x57
[   3.7s]   ACK at 0x74
[   3.7s]   ACK at 0x76
[   3.7s] [bme probe right after scan] 0x76 (addr-probe=0) chip ID = 0x61 (0x61 = BME69x, CORRECT)
[   3.7s] [  4087][E][Wire.cpp:499] requestFrom(): i2cWriteReadNonStop returned Error -1
[   3.7s] [bme probe right after scan] 0x77 accepted the register write but returned no data
[   3.7s] Waiting 5000ms for BMV080 startup...
[   8.7s] [bme probe after BMV080 wait, before begin] 0x76 (addr-probe=0) chip ID = 0x61 (0x61 = BME69x, CORRECT)
[   8.7s] [  9095][E][Wire.cpp:499] requestFrom(): i2cWriteReadNonStop returned Error -1
[   8.7s] [bme probe after BMV080 wait, before begin] 0x77 accepted the register write but returned no data
[   8.7s] [step] bme690.begin ...
[   9.0s] BME690: OK (bound to 0x76)
[   9.0s] SEN0466: SKIPPED (210s settle - excluded from the sleeping cycle)
[   9.0s] [step] cm1106.begin (SWAPPED: now before bmv080) ...
[  11.8s] [step] cm1106.begin returned ...
[  11.8s] [step] bmv080.begin (SWAPPED: now after cm1106) ...
READ FAILED after 12.7s: SerialException("ClearCommError failed (PermissionError(13, 'El dispositivo no reconoce el comando.', None, 22))")
=== fin ===
OPEN FAILED: SerialException("could not open port 'COM16': FileNotFoundError(2, 'El sistema no puede encontrar el archivo especificado.', None, 2)")
OPEN FAILED: SerialException("could not open port 'COM16': FileNotFoundError(2, 'El sistema no puede encontrar el archivo especificado.', None, 2)")
OPEN FAILED: SerialException("could not open port 'COM16': FileNotFoundError(2, 'El sistema no puede encontrar el archivo especificado.', None, 2)")
OPEN FAILED: SerialException("could not open port 'COM16': FileNotFoundError(2, 'El sistema no puede encontrar el archivo especificado.', None, 2)")
OPEN FAILED: SerialException("could not open port 'COM16': FileNotFoundError(2, 'El sistema no puede encontrar el archivo especificado.', None, 2)")
OPEN FAILED: SerialException("could not open port 'COM16': FileNotFoundError(2, 'El sistema no puede encontrar el archivo especificado.', None, 2)")
OPEN FAILED: SerialException("could not open port 'COM16': FileNotFoundError(2, 'El sistema no puede encontrar el archivo especificado.', None, 2)")
OPEN FAILED: SerialException("could not open port 'COM16': FileNotFoundError(2, 'El sistema no puede encontrar el archivo especificado.', None, 2)")
OPEN FAILED: SerialException("could not open port 'COM16': FileNotFoundError(2, 'El sistema no puede encontrar el archivo especificado.', None, 2)")
OPEN FAILED: SerialException("could not open port 'COM16': FileNotFoundError(2, 'El sistema no puede encontrar el archivo especificado.', None, 2)")
OPEN FAILED: SerialException("could not open port 'COM16': FileNotFoundError(2, 'El sistema no puede encontrar el archivo especificado.', None, 2)")
OPEN FAILED: SerialException("could not open port 'COM16': FileNotFoundError(2, 'El sistema no puede encontrar el archivo especificado.', None, 2)")
OPEN FAILED: SerialException("could not open port 'COM16': FileNotFoundError(2, 'El sistema no puede encontrar el archivo especificado.', None, 2)")
OPEN FAILED: SerialException("could not open port 'COM16': FileNotFoundError(2, 'El sistema no puede encontrar el archivo especificado.', None, 2)")
OPEN FAILED: SerialException("could not open port 'COM16': FileNotFoundError(2, 'El sistema no puede encontrar el archivo especificado.', None, 2)")
OPEN FAILED: SerialException("could not open port 'COM16': FileNotFoundError(2, 'El sistema no puede encontrar el archivo especificado.', None, 2)")
OPEN FAILED: SerialException("could not open port 'COM16': FileNotFoundError(2, 'El sistema no puede encontrar el archivo especificado.', None, 2)")
OPEN FAILED: SerialException("could not open port 'COM16': FileNotFoundError(2, 'El sistema no puede encontrar el archivo especificado.', None, 2)")
OPEN FAILED: SerialException("could not open port 'COM16': FileNotFoundError(2, 'El sistema no puede encontrar el archivo especificado.', None, 2)")
OPEN FAILED: SerialException("could not open port 'COM16': FileNotFoundError(2, 'El sistema no puede encontrar el archivo especificado.', None, 2)")
OPEN FAILED: SerialException("could not open port 'COM16': FileNotFoundError(2, 'El sistema no puede encontrar el archivo especificado.', None, 2)")
OPEN FAILED: SerialException("could not open port 'COM16': FileNotFoundError(2, 'El sistema no puede encontrar el archivo especificado.', None, 2)")
OPEN FAILED: SerialException("could not open port 'COM16': FileNotFoundError(2, 'El sistema no puede encontrar el archivo especificado.', None, 2)")
OPEN FAILED: SerialException("could not open port 'COM16': FileNotFoundError(2, 'El sistema no puede encontrar el archivo especificado.', None, 2)")
OPEN FAILED: SerialException("could not open port 'COM16': FileNotFoundError(2, 'El sistema no puede encontrar el archivo especificado.', None, 2)")
OPEN FAILED: SerialException("could not open port 'COM16': FileNotFoundError(2, 'El sistema no puede encontrar el archivo especificado.', None, 2)")
OPEN FAILED: SerialException("could not open port 'COM16': FileNotFoundError(2, 'El sistema no puede encontrar el archivo especificado.', None, 2)")
OPEN FAILED: SerialException("could not open port 'COM16': FileNotFoundError(2, 'El sistema no puede encontrar el archivo especificado.', None, 2)")
OPEN FAILED: SerialException("could not open port 'COM16': FileNotFoundError(2, 'El sistema no puede encontrar el archivo especificado.', None, 2)")
OPEN FAILED: SerialException("could not open port 'COM16': FileNotFoundError(2, 'El sistema no puede encontrar el archivo especificado.', None, 2)")
OPEN FAILED: SerialException("could not open port 'COM16': FileNotFoundError(2, 'El sistema no puede encontrar el archivo especificado.', None, 2)")
OPEN FAILED: SerialException("could not open port 'COM16': FileNotFoundError(2, 'El sistema no puede encontrar el archivo especificado.', None, 2)")
OPEN FAILED: SerialException("could not open port 'COM16': FileNotFoundError(2, 'El sistema no puede encontrar el archivo especificado.', None, 2)")
OPEN FAILED: SerialException("could not open port 'COM16': FileNotFoundError(2, 'El sistema no puede encontrar el archivo especificado.', None, 2)")
OPEN FAILED: SerialException("could not open port 'COM16': FileNotFoundError(2, 'El sistema no puede encontrar el archivo especificado.', None, 2)")
OPEN FAILED: SerialException("could not open port 'COM16': FileNotFoundError(2, 'El sistema no puede encontrar el archivo especificado.', None, 2)")
OPEN FAILED: SerialException("could not open port 'COM16': FileNotFoundError(2, 'El sistema no puede encontrar el archivo especificado.', None, 2)")
OPEN FAILED: SerialException("could not open port 'COM16': FileNotFoundError(2, 'El sistema no puede encontrar el archivo especificado.', None, 2)")
OPEN FAILED: SerialException("could not open port 'COM16': FileNotFoundError(2, 'El sistema no puede encontrar el archivo especificado.', None, 2)")
OPEN FAILED: SerialException("could not open port 'COM16': FileNotFoundError(2, 'El sistema no puede encontrar el archivo especificado.', None, 2)")
OPEN FAILED: SerialException("could not open port 'COM16': FileNotFoundError(2, 'El sistema no puede encontrar el archivo especificado.', None, 2)")
OPEN FAILED: SerialException("could not open port 'COM16': FileNotFoundError(2, 'El sistema no puede encontrar el archivo especificado.', None, 2)")
OPEN FAILED: SerialException("could not open port 'COM16': FileNotFoundError(2, 'El sistema no puede encontrar el archivo especificado.', None, 2)")
OPEN FAILED: SerialException("could not open port 'COM16': FileNotFoundError(2, 'El sistema no puede encontrar el archivo especificado.', None, 2)")
OPEN FAILED: SerialException("could not open port 'COM16': FileNotFoundError(2, 'El sistema no puede encontrar el archivo especificado.', None, 2)")
OPEN FAILED: SerialException("could not open port 'COM16': FileNotFoundError(2, 'El sistema no puede encontrar el archivo especificado.', None, 2)")
OPEN FAILED: SerialException("could not open port 'COM16': FileNotFoundError(2, 'El sistema no puede encontrar el archivo especificado.', None, 2)")
OPEN FAILED: SerialException("could not open port 'COM16': FileNotFoundError(2, 'El sistema no puede encontrar el archivo especificado.', None, 2)")
OPEN FAILED: SerialException("could not open port 'COM16': FileNotFoundError(2, 'El sistema no puede encontrar el archivo especificado.', None, 2)")
OPEN FAILED: SerialException("could not open port 'COM16': FileNotFoundError(2, 'El sistema no puede encontrar el archivo especificado.', None, 2)")
OPEN FAILED: SerialException("could not open port 'COM16': FileNotFoundError(2, 'El sistema no puede encontrar el archivo especificado.', None, 2)")
OPEN FAILED: SerialException("could not open port 'COM16': FileNotFoundError(2, 'El sistema no puede encontrar el archivo especificado.', None, 2)")
OPEN FAILED: SerialException("could not open port 'COM16': FileNotFoundError(2, 'El sistema no puede encontrar el archivo especificado.', None, 2)")
OPEN FAILED: SerialException("could not open port 'COM16': FileNotFoundError(2, 'El sistema no puede encontrar el archivo especificado.', None, 2)")
OPEN FAILED: SerialException("could not open port 'COM16': FileNotFoundError(2, 'El sistema no puede encontrar el archivo especificado.', None, 2)")
OPEN FAILED: SerialException("could not open port 'COM16': FileNotFoundError(2, 'El sistema no puede encontrar el archivo especificado.', None, 2)")
OPEN FAILED: SerialException("could not open port 'COM16': FileNotFoundError(2, 'El sistema no puede encontrar el archivo especificado.', None, 2)")
OPEN FAILED: SerialException("could not open port 'COM16': FileNotFoundError(2, 'El sistema no puede encontrar el archivo especificado.', None, 2)")
OPEN FAILED: SerialException("could not open port 'COM16': FileNotFoundError(2, 'El sistema no puede encontrar el archivo especificado.', None, 2)")
OPEN FAILED: SerialException("could not open port 'COM16': FileNotFoundError(2, 'El sistema no puede encontrar el archivo especificado.', None, 2)")
OPEN FAILED: SerialException("could not open port 'COM16': FileNotFoundError(2, 'El sistema no puede encontrar el archivo especificado.', None, 2)")
OPEN FAILED: SerialException("could not open port 'COM16': FileNotFoundError(2, 'El sistema no puede encontrar el archivo especificado.', None, 2)")
OPEN FAILED: SerialException("could not open port 'COM16': FileNotFoundError(2, 'El sistema no puede encontrar el archivo especificado.', None, 2)")
OPEN FAILED: SerialException("could not open port 'COM16': FileNotFoundError(2, 'El sistema no puede encontrar el archivo especificado.', None, 2)")
OPEN FAILED: SerialException("could not open port 'COM16': FileNotFoundError(2, 'El sistema no puede encontrar el archivo especificado.', None, 2)")
OPEN FAILED: SerialException("could not open port 'COM16': FileNotFoundError(2, 'El sistema no puede encontrar el archivo especificado.', None, 2)")
OPEN FAILED: SerialException("could not open port 'COM16': FileNotFoundError(2, 'El sistema no puede encontrar el archivo especificado.', None, 2)")
OPEN FAILED: SerialException("could not open port 'COM16': FileNotFoundError(2, 'El sistema no puede encontrar el archivo especificado.', None, 2)")
OPEN FAILED: SerialException("could not open port 'COM16': FileNotFoundError(2, 'El sistema no puede encontrar el archivo especificado.', None, 2)")
OPEN FAILED: SerialException("could not open port 'COM16': FileNotFoundError(2, 'El sistema no puede encontrar el archivo especificado.', None, 2)")
OPEN FAILED: SerialException("could not open port 'COM16': FileNotFoundError(2, 'El sistema no puede encontrar el archivo especificado.', None, 2)")
OPEN FAILED: SerialException("could not open port 'COM16': FileNotFoundError(2, 'El sistema no puede encontrar el archivo especificado.', None, 2)")
OPEN FAILED: SerialException("could not open port 'COM16': FileNotFoundError(2, 'El sistema no puede encontrar el archivo especificado.', None, 2)")
OPEN FAILED: SerialException("could not open port 'COM16': FileNotFoundError(2, 'El sistema no puede encontrar el archivo especificado.', None, 2)")
OPEN FAILED: SerialException("could not open port 'COM16': FileNotFoundError(2, 'El sistema no puede encontrar el archivo especificado.', None, 2)")
OPEN FAILED: SerialException("could not open port 'COM16': FileNotFoundError(2, 'El sistema no puede encontrar el archivo especificado.', None, 2)")
OPEN FAILED: SerialException("could not open port 'COM16': FileNotFoundError(2, 'El sistema no puede encontrar el archivo especificado.', None, 2)")
OPEN FAILED: SerialException("could not open port 'COM16': FileNotFoundError(2, 'El sistema no puede encontrar el archivo especificado.', None, 2)")
OPEN FAILED: SerialException("could not open port 'COM16': FileNotFoundError(2, 'El sistema no puede encontrar el archivo especificado.', None, 2)")
OPEN FAILED: SerialException("could not open port 'COM16': FileNotFoundError(2, 'El sistema no puede encontrar el archivo especificado.', None, 2)")
OPEN FAILED: SerialException("could not open port 'COM16': FileNotFoundError(2, 'El sistema no puede encontrar el archivo especificado.', None, 2)")
OPEN FAILED: SerialException("could not open port 'COM16': FileNotFoundError(2, 'El sistema no puede encontrar el archivo especificado.', None, 2)")
OPEN FAILED: SerialException("could not open port 'COM16': FileNotFoundError(2, 'El sistema no puede encontrar el archivo especificado.', None, 2)")
OPEN FAILED: SerialException("could not open port 'COM16': FileNotFoundError(2, 'El sistema no puede encontrar el archivo especificado.', None, 2)")
OPEN FAILED: SerialException("could not open port 'COM16': FileNotFoundError(2, 'El sistema no puede encontrar el archivo especificado.', None, 2)")
OPEN FAILED: SerialException("could not open port 'COM16': FileNotFoundError(2, 'El sistema no puede encontrar el archivo especificado.', None, 2)")
OPEN FAILED: SerialException("could not open port 'COM16': FileNotFoundError(2, 'El sistema no puede encontrar el archivo especificado.', None, 2)")
OPEN FAILED: SerialException("could not open port 'COM16': FileNotFoundError(2, 'El sistema no puede encontrar el archivo especificado.', None, 2)")
OPEN FAILED: SerialException("could not open port 'COM16': FileNotFoundError(2, 'El sistema no puede encontrar el archivo especificado.', None, 2)")
OPEN FAILED: SerialException("could not open port 'COM16': FileNotFoundError(2, 'El sistema no puede encontrar el archivo especificado.', None, 2)")
OPEN FAILED: SerialException("could not open port 'COM16': FileNotFoundError(2, 'El sistema no puede encontrar el archivo especificado.', None, 2)")
OPEN FAILED: SerialException("could not open port 'COM16': FileNotFoundError(2, 'El sistema no puede encontrar el archivo especificado.', None, 2)")
OPEN FAILED: SerialException("could not open port 'COM16': FileNotFoundError(2, 'El sistema no puede encontrar el archivo especificado.', None, 2)")
OPEN FAILED: SerialException("could not open port 'COM16': FileNotFoundError(2, 'El sistema no puede encontrar el archivo especificado.', None, 2)")
OPEN FAILED: SerialException("could not open port 'COM16': FileNotFoundError(2, 'El sistema no puede encontrar el archivo especificado.', None, 2)")
OPEN FAILED: SerialException("could not open port 'COM16': FileNotFoundError(2, 'El sistema no puede encontrar el archivo especificado.', None, 2)")
OPEN FAILED: SerialException("could not open port 'COM16': FileNotFoundError(2, 'El sistema no puede encontrar el archivo especificado.', None, 2)")
OPEN FAILED: SerialException("could not open port 'COM16': FileNotFoundError(2, 'El sistema no puede encontrar el archivo especificado.', None, 2)")
OPEN FAILED: SerialException("could not open port 'COM16': FileNotFoundError(2, 'El sistema no puede encontrar el archivo especificado.', None, 2)")
OPEN FAILED: SerialException("could not open port 'COM16': FileNotFoundError(2, 'El sistema no puede encontrar el archivo especificado.', None, 2)")
OPEN FAILED: SerialException("could not open port 'COM16': FileNotFoundError(2, 'El sistema no puede encontrar el archivo especificado.', None, 2)")
OPEN FAILED: SerialException("could not open port 'COM16': FileNotFoundError(2, 'El sistema no puede encontrar el archivo especificado.', None, 2)")
OPEN FAILED: SerialException("could not open port 'COM16': FileNotFoundError(2, 'El sistema no puede encontrar el archivo especificado.', None, 2)")
OPEN FAILED: SerialException("could not open port 'COM16': FileNotFoundError(2, 'El sistema no puede encontrar el archivo especificado.', None, 2)")
OPEN FAILED: SerialException("could not open port 'COM16': FileNotFoundError(2, 'El sistema no puede encontrar el archivo especificado.', None, 2)")
OPEN FAILED: SerialException("could not open port 'COM16': FileNotFoundError(2, 'El sistema no puede encontrar el archivo especificado.', None, 2)")
OPEN FAILED: SerialException("could not open port 'COM16': FileNotFoundError(2, 'El sistema no puede encontrar el archivo especificado.', None, 2)")
OPEN FAILED: SerialException("could not open port 'COM16': FileNotFoundError(2, 'El sistema no puede encontrar el archivo especificado.', None, 2)")
OPEN FAILED: SerialException("could not open port 'COM16': FileNotFoundError(2, 'El sistema no puede encontrar el archivo especificado.', None, 2)")
OPEN FAILED: SerialException("could not open port 'COM16': FileNotFoundError(2, 'El sistema no puede encontrar el archivo especificado.', None, 2)")
OPEN FAILED: SerialException("could not open port 'COM16': FileNotFoundError(2, 'El sistema no puede encontrar el archivo especificado.', None, 2)")
OPEN FAILED: SerialException("could not open port 'COM16': FileNotFoundError(2, 'El sistema no puede encontrar el archivo especificado.', None, 2)")
OPEN FAILED: SerialException("could not open port 'COM16': FileNotFoundError(2, 'El sistema no puede encontrar el archivo especificado.', None, 2)")
OPEN FAILED: SerialException("could not open port 'COM16': FileNotFoundError(2, 'El sistema no puede encontrar el archivo especificado.', None, 2)")
OPEN FAILED: SerialException("could not open port 'COM16': FileNotFoundError(2, 'El sistema no puede encontrar el archivo especificado.', None, 2)")
OPEN FAILED: SerialException("could not open port 'COM16': FileNotFoundError(2, 'El sistema no puede encontrar el archivo especificado.', None, 2)")
OPEN FAILED: SerialException("could not open port 'COM16': FileNotFoundError(2, 'El sistema no puede encontrar el archivo especificado.', None, 2)")
=== COM16 abierto, capturando 120s (el open resetea la placa) ===
[   2.5s] 3V3: about to assert
[   2.5s] 3V3: asserted
[   2.8s] 3V3: settled
[   2.8s] 5V: about to assert (plain write)
[   2.8s] 5V: asserted
[   3.4s] 5V: settled
[   3.4s] LoRa: about to assert
[   3.4s] LoRa: asserted
[   3.4s] BMV080 EN: GPIO15 -> LOW
[   4.0s] rails up
[   4.0s] [PowerManager] enable3V3Sensors (stub - bench has no gating FET yet)
[   4.0s] --- I2C scan (after rails, before sensor init) ---
[   4.0s]   ACK at 0x57
[   4.0s]   ACK at 0x74
[   4.0s]   ACK at 0x76
[   4.0s] [bme probe right after scan] 0x76 (addr-probe=0) chip ID = 0x61 (0x61 = BME69x, CORRECT)
[   4.0s] [  4087][E][Wire.cpp:499] requestFrom(): i2cWriteReadNonStop returned Error -1
[   4.0s] [bme probe right after scan] 0x77 accepted the register write but returned no data
[   4.0s] Waiting 5000ms for BMV080 startup...
[   9.0s] [bme probe after BMV080 wait, before begin] 0x76 (addr-probe=0) chip ID = 0x61 (0x61 = BME69x, CORRECT)
[   9.0s] [  9095][E][Wire.cpp:499] requestFrom(): i2cWriteReadNonStop returned Error -1
[   9.0s] [bme probe after BMV080 wait, before begin] 0x77 accepted the register write but returned no data
[   9.0s] [step] bme690.begin ...
[   9.0s] BME690: OK (bound to 0x76)
[   9.0s] SEN0466: SKIPPED (210s settle - excluded from the sleeping cycle)
[   9.0s] [step] cm1106.begin (SWAPPED: now before bmv080) ...
[  12.1s] [step] cm1106.begin returned ...
[  12.1s] [step] bmv080.begin (SWAPPED: now after cm1106) ...
[  12.7s] BMV080: OK
[  12.7s] [step] calypso.begin next ...
[  12.7s] [step] calypso.begin returned - radio next ...
[  12.7s] Configuring RYLR998 (link parameters must match pp1-lora-receiver):
[  12.7s]   -> AT
[  12.7s]   <- +OK
[  12.7s]   -> AT+ADDRESS=4
[  12.7s]   <- +OK
[  12.7s]   -> AT+NETWORKID=5
[  12.7s]   <- +OK
[  12.7s]   -> AT+BAND=868000000
[  12.7s]   <- +OK
[  12.7s]   -> AT+PARAMETER=7,7,1,12
[  12.7s]   <- +OK
[  12.7s]   -> AT+CRFOP=14
[  12.7s]   <- +OK
[  12.7s] LoRa TX power -> 14 dBm: OK
[  12.7s] Radio init OK
[  12.7s] Setup complete.
[  12.7s] 
[  12.7s] [sentinel] bme=OK(T25.2 H46.5) co=NotInit(0.00)  (40ms)
[  14.3s] [tx] sensor rails off for the transmit
[  14.9s] TX [0..0/1] 70 bytes: 25.14,46.59,944.40,7239.82,0.00,0.00,0.00,667.00,0.00,0.00,0.00,0.00,0  (sent)
READ FAILED after 16.9s: SerialException("ClearCommError failed (PermissionError(13, 'El dispositivo no reconoce el comando.', None, 22))")
=== fin ===
OPEN FAILED: SerialException("could not open port 'COM16': FileNotFoundError(2, 'El sistema no puede encontrar el archivo especificado.', None, 2)")
OPEN FAILED: SerialException("could not open port 'COM16': FileNotFoundError(2, 'El sistema no puede encontrar el archivo especificado.', None, 2)")
OPEN FAILED: SerialException("could not open port 'COM16': FileNotFoundError(2, 'El sistema no puede encontrar el archivo especificado.', None, 2)")
OPEN FAILED: SerialException("could not open port 'COM16': FileNotFoundError(2, 'El sistema no puede encontrar el archivo especificado.', None, 2)")
OPEN FAILED: SerialException("could not open port 'COM16': FileNotFoundError(2, 'El sistema no puede encontrar el archivo especificado.', None, 2)")
OPEN FAILED: SerialException("could not open port 'COM16': FileNotFoundError(2, 'El sistema no puede encontrar el archivo especificado.', None, 2)")
OPEN FAILED: SerialException("could not open port 'COM16': FileNotFoundError(2, 'El sistema no puede encontrar el archivo especificado.', None, 2)")
OPEN FAILED: SerialException("could not open port 'COM16': FileNotFoundError(2, 'El sistema no puede encontrar el archivo especificado.', None, 2)")
OPEN FAILED: SerialException("could not open port 'COM16': FileNotFoundError(2, 'El sistema no puede encontrar el archivo especificado.', None, 2)")
OPEN FAILED: SerialException("could not open port 'COM16': FileNotFoundError(2, 'El sistema no puede encontrar el archivo especificado.', None, 2)")
OPEN FAILED: SerialException("could not open port 'COM16': FileNotFoundError(2, 'El sistema no puede encontrar el archivo especificado.', None, 2)")
OPEN FAILED: SerialException("could not open port 'COM16': FileNotFoundError(2, 'El sistema no puede encontrar el archivo especificado.', None, 2)")
OPEN FAILED: SerialException("could not open port 'COM16': FileNotFoundError(2, 'El sistema no puede encontrar el archivo especificado.', None, 2)")
OPEN FAILED: SerialException("could not open port 'COM16': FileNotFoundError(2, 'El sistema no puede encontrar el archivo especificado.', None, 2)")
OPEN FAILED: SerialException("could not open port 'COM16': FileNotFoundError(2, 'El sistema no puede encontrar el archivo especificado.', None, 2)")
OPEN FAILED: SerialException("could not open port 'COM16': FileNotFoundError(2, 'El sistema no puede encontrar el archivo especificado.', None, 2)")
OPEN FAILED: SerialException("could not open port 'COM16': FileNotFoundError(2, 'El sistema no puede encontrar el archivo especificado.', None, 2)")
OPEN FAILED: SerialException("could not open port 'COM16': FileNotFoundError(2, 'El sistema no puede encontrar el archivo especificado.', None, 2)")
OPEN FAILED: SerialException("could not open port 'COM16': FileNotFoundError(2, 'El sistema no puede encontrar el archivo especificado.', None, 2)")
OPEN FAILED: SerialException("could not open port 'COM16': FileNotFoundError(2, 'El sistema no puede encontrar el archivo especificado.', None, 2)")
OPEN FAILED: SerialException("could not open port 'COM16': FileNotFoundError(2, 'El sistema no puede encontrar el archivo especificado.', None, 2)")
OPEN FAILED: SerialException("could not open port 'COM16': FileNotFoundError(2, 'El sistema no puede encontrar el archivo especificado.', None, 2)")
OPEN FAILED: SerialException("could not open port 'COM16': FileNotFoundError(2, 'El sistema no puede encontrar el archivo especificado.', None, 2)")
OPEN FAILED: SerialException("could not open port 'COM16': FileNotFoundError(2, 'El sistema no puede encontrar el archivo especificado.', None, 2)")
OPEN FAILED: SerialException("could not open port 'COM16': FileNotFoundError(2, 'El sistema no puede encontrar el archivo especificado.', None, 2)")
OPEN FAILED: SerialException("could not open port 'COM16': FileNotFoundError(2, 'El sistema no puede encontrar el archivo especificado.', None, 2)")
OPEN FAILED: SerialException("could not open port 'COM16': FileNotFoundError(2, 'El sistema no puede encontrar el archivo especificado.', None, 2)")
OPEN FAILED: SerialException("could not open port 'COM16': FileNotFoundError(2, 'El sistema no puede encontrar el archivo especificado.', None, 2)")
OPEN FAILED: SerialException("could not open port 'COM16': FileNotFoundError(2, 'El sistema no puede encontrar el archivo especificado.', None, 2)")
OPEN FAILED: SerialException("could not open port 'COM16': FileNotFoundError(2, 'El sistema no puede encontrar el archivo especificado.', None, 2)")
OPEN FAILED: SerialException("could not open port 'COM16': FileNotFoundError(2, 'El sistema no puede encontrar el archivo especificado.', None, 2)")
OPEN FAILED: SerialException("could not open port 'COM16': FileNotFoundError(2, 'El sistema no puede encontrar el archivo especificado.', None, 2)")
OPEN FAILED: SerialException("could not open port 'COM16': FileNotFoundError(2, 'El sistema no puede encontrar el archivo especificado.', None, 2)")
OPEN FAILED: SerialException("could not open port 'COM16': FileNotFoundError(2, 'El sistema no puede encontrar el archivo especificado.', None, 2)")
OPEN FAILED: SerialException("could not open port 'COM16': FileNotFoundError(2, 'El sistema no puede encontrar el archivo especificado.', None, 2)")
OPEN FAILED: SerialException("could not open port 'COM16': FileNotFoundError(2, 'El sistema no puede encontrar el archivo especificado.', None, 2)")
OPEN FAILED: SerialException("could not open port 'COM16': FileNotFoundError(2, 'El sistema no puede encontrar el archivo especificado.', None, 2)")
OPEN FAILED: SerialException("could not open port 'COM16': FileNotFoundError(2, 'El sistema no puede encontrar el archivo especificado.', None, 2)")
OPEN FAILED: SerialException("could not open port 'COM16': FileNotFoundError(2, 'El sistema no puede encontrar el archivo especificado.', None, 2)")
OPEN FAILED: SerialException("could not open port 'COM16': FileNotFoundError(2, 'El sistema no puede encontrar el archivo especificado.', None, 2)")
OPEN FAILED: SerialException("could not open port 'COM16': FileNotFoundError(2, 'El sistema no puede encontrar el archivo especificado.', None, 2)")
OPEN FAILED: SerialException("could not open port 'COM16': FileNotFoundError(2, 'El sistema no puede encontrar el archivo especificado.', None, 2)")
OPEN FAILED: SerialException("could not open port 'COM16': FileNotFoundError(2, 'El sistema no puede encontrar el archivo especificado.', None, 2)")
OPEN FAILED: SerialException("could not open port 'COM16': FileNotFoundError(2, 'El sistema no puede encontrar el archivo especificado.', None, 2)")
OPEN FAILED: SerialException("could not open port 'COM16': FileNotFoundError(2, 'El sistema no puede encontrar el archivo especificado.', None, 2)")
OPEN FAILED: SerialException("could not open port 'COM16': FileNotFoundError(2, 'El sistema no puede encontrar el archivo especificado.', None, 2)")
OPEN FAILED: SerialException("could not open port 'COM16': FileNotFoundError(2, 'El sistema no puede encontrar el archivo especificado.', None, 2)")
OPEN FAILED: SerialException("could not open port 'COM16': FileNotFoundError(2, 'El sistema no puede encontrar el archivo especificado.', None, 2)")
OPEN FAILED: SerialException("could not open port 'COM16': FileNotFoundError(2, 'El sistema no puede encontrar el archivo especificado.', None, 2)")
OPEN FAILED: SerialException("could not open port 'COM16': FileNotFoundError(2, 'El sistema no puede encontrar el archivo especificado.', None, 2)")
OPEN FAILED: SerialException("could not open port 'COM16': FileNotFoundError(2, 'El sistema no puede encontrar el archivo especificado.', None, 2)")
OPEN FAILED: SerialException("could not open port 'COM16': FileNotFoundError(2, 'El sistema no puede encontrar el archivo especificado.', None, 2)")
OPEN FAILED: SerialException("could not open port 'COM16': FileNotFoundError(2, 'El sistema no puede encontrar el archivo especificado.', None, 2)")
OPEN FAILED: SerialException("could not open port 'COM16': FileNotFoundError(2, 'El sistema no puede encontrar el archivo especificado.', None, 2)")
OPEN FAILED: SerialException("could not open port 'COM16': FileNotFoundError(2, 'El sistema no puede encontrar el archivo especificado.', None, 2)")
OPEN FAILED: SerialException("could not open port 'COM16': FileNotFoundError(2, 'El sistema no puede encontrar el archivo especificado.', None, 2)")
OPEN FAILED: SerialException("could not open port 'COM16': FileNotFoundError(2, 'El sistema no puede encontrar el archivo especificado.', None, 2)")
OPEN FAILED: SerialException("could not open port 'COM16': FileNotFoundError(2, 'El sistema no puede encontrar el archivo especificado.', None, 2)")
OPEN FAILED: SerialException("could not open port 'COM16': FileNotFoundError(2, 'El sistema no puede encontrar el archivo especificado.', None, 2)")
OPEN FAILED: SerialException("could not open port 'COM16': FileNotFoundError(2, 'El sistema no puede encontrar el archivo especificado.', None, 2)")
OPEN FAILED: SerialException("could not open port 'COM16': FileNotFoundError(2, 'El sistema no puede encontrar el archivo especificado.', None, 2)")
OPEN FAILED: SerialException("could not open port 'COM16': FileNotFoundError(2, 'El sistema no puede encontrar el archivo especificado.', None, 2)")
OPEN FAILED: SerialException("could not open port 'COM16': FileNotFoundError(2, 'El sistema no puede encontrar el archivo especificado.', None, 2)")
OPEN FAILED: SerialException("could not open port 'COM16': FileNotFoundError(2, 'El sistema no puede encontrar el archivo especificado.', None, 2)")
OPEN FAILED: SerialException("could not open port 'COM16': FileNotFoundError(2, 'El sistema no puede encontrar el archivo especificado.', None, 2)")
OPEN FAILED: SerialException("could not open port 'COM16': FileNotFoundError(2, 'El sistema no puede encontrar el archivo especificado.', None, 2)")
OPEN FAILED: SerialException("could not open port 'COM16': FileNotFoundError(2, 'El sistema no puede encontrar el archivo especificado.', None, 2)")
OPEN FAILED: SerialException("could not open port 'COM16': FileNotFoundError(2, 'El sistema no puede encontrar el archivo especificado.', None, 2)")
OPEN FAILED: SerialException("could not open port 'COM16': FileNotFoundError(2, 'El sistema no puede encontrar el archivo especificado.', None, 2)")
OPEN FAILED: SerialException("could not open port 'COM16': FileNotFoundError(2, 'El sistema no puede encontrar el archivo especificado.', None, 2)")
OPEN FAILED: SerialException("could not open port 'COM16': FileNotFoundError(2, 'El sistema no puede encontrar el archivo especificado.', None, 2)")
OPEN FAILED: SerialException("could not open port 'COM16': FileNotFoundError(2, 'El sistema no puede encontrar el archivo especificado.', None, 2)")
OPEN FAILED: SerialException("could not open port 'COM16': FileNotFoundError(2, 'El sistema no puede encontrar el archivo especificado.', None, 2)")
OPEN FAILED: SerialException("could not open port 'COM16': FileNotFoundError(2, 'El sistema no puede encontrar el archivo especificado.', None, 2)")
OPEN FAILED: SerialException("could not open port 'COM16': FileNotFoundError(2, 'El sistema no puede encontrar el archivo especificado.', None, 2)")
OPEN FAILED: SerialException("could not open port 'COM16': FileNotFoundError(2, 'El sistema no puede encontrar el archivo especificado.', None, 2)")
OPEN FAILED: SerialException("could not open port 'COM16': FileNotFoundError(2, 'El sistema no puede encontrar el archivo especificado.', None, 2)")
OPEN FAILED: SerialException("could not open port 'COM16': FileNotFoundError(2, 'El sistema no puede encontrar el archivo especificado.', None, 2)")
OPEN FAILED: SerialException("could not open port 'COM16': FileNotFoundError(2, 'El sistema no puede encontrar el archivo especificado.', None, 2)")
OPEN FAILED: SerialException("could not open port 'COM16': FileNotFoundError(2, 'El sistema no puede encontrar el archivo especificado.', None, 2)")
OPEN FAILED: SerialException("could not open port 'COM16': FileNotFoundError(2, 'El sistema no puede encontrar el archivo especificado.', None, 2)")
OPEN FAILED: SerialException("could not open port 'COM16': FileNotFoundError(2, 'El sistema no puede encontrar el archivo especificado.', None, 2)")
OPEN FAILED: SerialException("could not open port 'COM16': FileNotFoundError(2, 'El sistema no puede encontrar el archivo especificado.', None, 2)")
OPEN FAILED: SerialException("could not open port 'COM16': FileNotFoundError(2, 'El sistema no puede encontrar el archivo especificado.', None, 2)")
OPEN FAILED: SerialException("could not open port 'COM16': FileNotFoundError(2, 'El sistema no puede encontrar el archivo especificado.', None, 2)")
OPEN FAILED: SerialException("could not open port 'COM16': FileNotFoundError(2, 'El sistema no puede encontrar el archivo especificado.', None, 2)")
OPEN FAILED: SerialException("could not open port 'COM16': FileNotFoundError(2, 'El sistema no puede encontrar el archivo especificado.', None, 2)")
OPEN FAILED: SerialException("could not open port 'COM16': FileNotFoundError(2, 'El sistema no puede encontrar el archivo especificado.', None, 2)")
OPEN FAILED: SerialException("could not open port 'COM16': FileNotFoundError(2, 'El sistema no puede encontrar el archivo especificado.', None, 2)")
OPEN FAILED: SerialException("could not open port 'COM16': FileNotFoundError(2, 'El sistema no puede encontrar el archivo especificado.', None, 2)")
OPEN FAILED: SerialException("could not open port 'COM16': FileNotFoundError(2, 'El sistema no puede encontrar el archivo especificado.', None, 2)")
OPEN FAILED: SerialException("could not open port 'COM16': FileNotFoundError(2, 'El sistema no puede encontrar el archivo especificado.', None, 2)")
OPEN FAILED: SerialException("could not open port 'COM16': FileNotFoundError(2, 'El sistema no puede encontrar el archivo especificado.', None, 2)")
OPEN FAILED: SerialException("could not open port 'COM16': FileNotFoundError(2, 'El sistema no puede encontrar el archivo especificado.', None, 2)")
OPEN FAILED: SerialException("could not open port 'COM16': FileNotFoundError(2, 'El sistema no puede encontrar el archivo especificado.', None, 2)")
OPEN FAILED: SerialException("could not open port 'COM16': FileNotFoundError(2, 'El sistema no puede encontrar el archivo especificado.', None, 2)")
OPEN FAILED: SerialException("could not open port 'COM16': FileNotFoundError(2, 'El sistema no puede encontrar el archivo especificado.', None, 2)")
OPEN FAILED: SerialException("could not open port 'COM16': FileNotFoundError(2, 'El sistema no puede encontrar el archivo especificado.', None, 2)")
OPEN FAILED: SerialException("could not open port 'COM16': FileNotFoundError(2, 'El sistema no puede encontrar el archivo especificado.', None, 2)")
OPEN FAILED: SerialException("could not open port 'COM16': FileNotFoundError(2, 'El sistema no puede encontrar el archivo especificado.', None, 2)")
OPEN FAILED: SerialException("could not open port 'COM16': FileNotFoundError(2, 'El sistema no puede encontrar el archivo especificado.', None, 2)")
OPEN FAILED: SerialException("could not open port 'COM16': FileNotFoundError(2, 'El sistema no puede encontrar el archivo especificado.', None, 2)")
OPEN FAILED: SerialException("could not open port 'COM16': FileNotFoundError(2, 'El sistema no puede encontrar el archivo especificado.', None, 2)")
OPEN FAILED: SerialException("could not open port 'COM16': FileNotFoundError(2, 'El sistema no puede encontrar el archivo especificado.', None, 2)")
OPEN FAILED: SerialException("could not open port 'COM16': FileNotFoundError(2, 'El sistema no puede encontrar el archivo especificado.', None, 2)")
OPEN FAILED: SerialException("could not open port 'COM16': FileNotFoundError(2, 'El sistema no puede encontrar el archivo especificado.', None, 2)")
OPEN FAILED: SerialException("could not open port 'COM16': FileNotFoundError(2, 'El sistema no puede encontrar el archivo especificado.', None, 2)")
OPEN FAILED: SerialException("could not open port 'COM16': FileNotFoundError(2, 'El sistema no puede encontrar el archivo especificado.', None, 2)")
OPEN FAILED: SerialException("could not open port 'COM16': FileNotFoundError(2, 'El sistema no puede encontrar el archivo especificado.', None, 2)")
OPEN FAILED: SerialException("could not open port 'COM16': FileNotFoundError(2, 'El sistema no puede encontrar el archivo especificado.', None, 2)")
OPEN FAILED: SerialException("could not open port 'COM16': FileNotFoundError(2, 'El sistema no puede encontrar el archivo especificado.', None, 2)")
OPEN FAILED: SerialException("could not open port 'COM16': FileNotFoundError(2, 'El sistema no puede encontrar el archivo especificado.', None, 2)")
OPEN FAILED: SerialException("could not open port 'COM16': FileNotFoundError(2, 'El sistema no puede encontrar el archivo especificado.', None, 2)")
OPEN FAILED: SerialException("could not open port 'COM16': FileNotFoundError(2, 'El sistema no puede encontrar el archivo especificado.', None, 2)")
OPEN FAILED: SerialException("could not open port 'COM16': FileNotFoundError(2, 'El sistema no puede encontrar el archivo especificado.', None, 2)")
OPEN FAILED: SerialException("could not open port 'COM16': FileNotFoundError(2, 'El sistema no puede encontrar el archivo especificado.', None, 2)")
=== COM16 abierto, capturando 120s (el open resetea la placa) ===
READ FAILED after 0.3s: SerialException("ClearCommError failed (PermissionError(13, 'El dispositivo no reconoce el comando.', None, 22))")
=== fin ===
OPEN FAILED: SerialException("could not open port 'COM16': FileNotFoundError(2, 'El sistema no puede encontrar el archivo especificado.', None, 2)")
OPEN FAILED: SerialException("could not open port 'COM16': FileNotFoundError(2, 'El sistema no puede encontrar el archivo especificado.', None, 2)")
OPEN FAILED: SerialException("could not open port 'COM16': FileNotFoundError(2, 'El sistema no puede encontrar el archivo especificado.', None, 2)")
OPEN FAILED: SerialException("could not open port 'COM16': FileNotFoundError(2, 'El sistema no puede encontrar el archivo especificado.', None, 2)")
OPEN FAILED: SerialException("could not open port 'COM16': FileNotFoundError(2, 'El sistema no puede encontrar el archivo especificado.', None, 2)")
OPEN FAILED: SerialException("could not open port 'COM16': FileNotFoundError(2, 'El sistema no puede encontrar el archivo especificado.', None, 2)")
OPEN FAILED: SerialException("could not open port 'COM16': FileNotFoundError(2, 'El sistema no puede encontrar el archivo especificado.', None, 2)")
OPEN FAILED: SerialException("could not open port 'COM16': FileNotFoundError(2, 'El sistema no puede encontrar el archivo especificado.', None, 2)")
OPEN FAILED: SerialException("could not open port 'COM16': FileNotFoundError(2, 'El sistema no puede encontrar el archivo especificado.', None, 2)")
OPEN FAILED: SerialException("could not open port 'COM16': FileNotFoundError(2, 'El sistema no puede encontrar el archivo especificado.', None, 2)")
OPEN FAILED: SerialException("could not open port 'COM16': FileNotFoundError(2, 'El sistema no puede encontrar el archivo especificado.', None, 2)")
OPEN FAILED: SerialException("could not open port 'COM16': FileNotFoundError(2, 'El sistema no puede encontrar el archivo especificado.', None, 2)")
OPEN FAILED: SerialException("could not open port 'COM16': FileNotFoundError(2, 'El sistema no puede encontrar el archivo especificado.', None, 2)")
OPEN FAILED: SerialException("could not open port 'COM16': FileNotFoundError(2, 'El sistema no puede encontrar el archivo especificado.', None, 2)")
OPEN FAILED: SerialException("could not open port 'COM16': FileNotFoundError(2, 'El sistema no puede encontrar el archivo especificado.', None, 2)")
OPEN FAILED: SerialException("could not open port 'COM16': FileNotFoundError(2, 'El sistema no puede encontrar el archivo especificado.', None, 2)")
OPEN FAILED: SerialException("could not open port 'COM16': FileNotFoundError(2, 'El sistema no puede encontrar el archivo especificado.', None, 2)")
OPEN FAILED: SerialException("could not open port 'COM16': FileNotFoundError(2, 'El sistema no puede encontrar el archivo especificado.', None, 2)")
OPEN FAILED: SerialException("could not open port 'COM16': FileNotFoundError(2, 'El sistema no puede encontrar el archivo especificado.', None, 2)")
OPEN FAILED: SerialException("could not open port 'COM16': FileNotFoundError(2, 'El sistema no puede encontrar el archivo especificado.', None, 2)")
OPEN FAILED: SerialException("could not open port 'COM16': FileNotFoundError(2, 'El sistema no puede encontrar el archivo especificado.', None, 2)")
OPEN FAILED: SerialException("could not open port 'COM16': FileNotFoundError(2, 'El sistema no puede encontrar el archivo especificado.', None, 2)")
OPEN FAILED: SerialException("could not open port 'COM16': FileNotFoundError(2, 'El sistema no puede encontrar el archivo especificado.', None, 2)")
OPEN FAILED: SerialException("could not open port 'COM16': FileNotFoundError(2, 'El sistema no puede encontrar el archivo especificado.', None, 2)")
OPEN FAILED: SerialException("could not open port 'COM16': FileNotFoundError(2, 'El sistema no puede encontrar el archivo especificado.', None, 2)")
OPEN FAILED: SerialException("could not open port 'COM16': FileNotFoundError(2, 'El sistema no puede encontrar el archivo especificado.', None, 2)")
OPEN FAILED: SerialException("could not open port 'COM16': FileNotFoundError(2, 'El sistema no puede encontrar el archivo especificado.', None, 2)")
OPEN FAILED: SerialException("could not open port 'COM16': FileNotFoundError(2, 'El sistema no puede encontrar el archivo especificado.', None, 2)")
OPEN FAILED: SerialException("could not open port 'COM16': FileNotFoundError(2, 'El sistema no puede encontrar el archivo especificado.', None, 2)")
OPEN FAILED: SerialException("could not open port 'COM16': FileNotFoundError(2, 'El sistema no puede encontrar el archivo especificado.', None, 2)")
OPEN FAILED: SerialException("could not open port 'COM16': FileNotFoundError(2, 'El sistema no puede encontrar el archivo especificado.', None, 2)")
OPEN FAILED: SerialException("could not open port 'COM16': FileNotFoundError(2, 'El sistema no puede encontrar el archivo especificado.', None, 2)")
OPEN FAILED: SerialException("could not open port 'COM16': FileNotFoundError(2, 'El sistema no puede encontrar el archivo especificado.', None, 2)")
OPEN FAILED: SerialException("could not open port 'COM16': FileNotFoundError(2, 'El sistema no puede encontrar el archivo especificado.', None, 2)")
OPEN FAILED: SerialException("could not open port 'COM16': FileNotFoundError(2, 'El sistema no puede encontrar el archivo especificado.', None, 2)")
OPEN FAILED: SerialException("could not open port 'COM16': FileNotFoundError(2, 'El sistema no puede encontrar el archivo especificado.', None, 2)")
OPEN FAILED: SerialException("could not open port 'COM16': FileNotFoundError(2, 'El sistema no puede encontrar el archivo especificado.', None, 2)")
OPEN FAILED: SerialException("could not open port 'COM16': FileNotFoundError(2, 'El sistema no puede encontrar el archivo especificado.', None, 2)")
OPEN FAILED: SerialException("could not open port 'COM16': FileNotFoundError(2, 'El sistema no puede encontrar el archivo especificado.', None, 2)")
OPEN FAILED: SerialException("could not open port 'COM16': FileNotFoundError(2, 'El sistema no puede encontrar el archivo especificado.', None, 2)")
OPEN FAILED: SerialException("could not open port 'COM16': FileNotFoundError(2, 'El sistema no puede encontrar el archivo especificado.', None, 2)")
OPEN FAILED: SerialException("could not open port 'COM16': FileNotFoundError(2, 'El sistema no puede encontrar el archivo especificado.', None, 2)")
OPEN FAILED: SerialException("could not open port 'COM16': FileNotFoundError(2, 'El sistema no puede encontrar el archivo especificado.', None, 2)")
OPEN FAILED: SerialException("could not open port 'COM16': FileNotFoundError(2, 'El sistema no puede encontrar el archivo especificado.', None, 2)")
OPEN FAILED: SerialException("could not open port 'COM16': FileNotFoundError(2, 'El sistema no puede encontrar el archivo especificado.', None, 2)")
OPEN FAILED: SerialException("could not open port 'COM16': FileNotFoundError(2, 'El sistema no puede encontrar el archivo especificado.', None, 2)")
OPEN FAILED: SerialException("could not open port 'COM16': FileNotFoundError(2, 'El sistema no puede encontrar el archivo especificado.', None, 2)")
OPEN FAILED: SerialException("could not open port 'COM16': FileNotFoundError(2, 'El sistema no puede encontrar el archivo especificado.', None, 2)")
OPEN FAILED: SerialException("could not open port 'COM16': FileNotFoundError(2, 'El sistema no puede encontrar el archivo especificado.', None, 2)")
OPEN FAILED: SerialException("could not open port 'COM16': FileNotFoundError(2, 'El sistema no puede encontrar el archivo especificado.', None, 2)")
OPEN FAILED: SerialException("could not open port 'COM16': FileNotFoundError(2, 'El sistema no puede encontrar el archivo especificado.', None, 2)")
OPEN FAILED: SerialException("could not open port 'COM16': FileNotFoundError(2, 'El sistema no puede encontrar el archivo especificado.', None, 2)")
OPEN FAILED: SerialException("could not open port 'COM16': FileNotFoundError(2, 'El sistema no puede encontrar el archivo especificado.', None, 2)")
OPEN FAILED: SerialException("could not open port 'COM16': FileNotFoundError(2, 'El sistema no puede encontrar el archivo especificado.', None, 2)")
OPEN FAILED: SerialException("could not open port 'COM16': FileNotFoundError(2, 'El sistema no puede encontrar el archivo especificado.', None, 2)")
OPEN FAILED: SerialException("could not open port 'COM16': FileNotFoundError(2, 'El sistema no puede encontrar el archivo especificado.', None, 2)")
OPEN FAILED: SerialException("could not open port 'COM16': FileNotFoundError(2, 'El sistema no puede encontrar el archivo especificado.', None, 2)")
OPEN FAILED: SerialException("could not open port 'COM16': FileNotFoundError(2, 'El sistema no puede encontrar el archivo especificado.', None, 2)")
OPEN FAILED: SerialException("could not open port 'COM16': FileNotFoundError(2, 'El sistema no puede encontrar el archivo especificado.', None, 2)")
OPEN FAILED: SerialException("could not open port 'COM16': FileNotFoundError(2, 'El sistema no puede encontrar el archivo especificado.', None, 2)")
OPEN FAILED: SerialException("could not open port 'COM16': FileNotFoundError(2, 'El sistema no puede encontrar el archivo especificado.', None, 2)")
OPEN FAILED: SerialException("could not open port 'COM16': FileNotFoundError(2, 'El sistema no puede encontrar el archivo especificado.', None, 2)")
OPEN FAILED: SerialException("could not open port 'COM16': FileNotFoundError(2, 'El sistema no puede encontrar el archivo especificado.', None, 2)")
OPEN FAILED: SerialException("could not open port 'COM16': FileNotFoundError(2, 'El sistema no puede encontrar el archivo especificado.', None, 2)")
OPEN FAILED: SerialException("could not open port 'COM16': FileNotFoundError(2, 'El sistema no puede encontrar el archivo especificado.', None, 2)")
OPEN FAILED: SerialException("could not open port 'COM16': FileNotFoundError(2, 'El sistema no puede encontrar el archivo especificado.', None, 2)")
OPEN FAILED: SerialException("could not open port 'COM16': FileNotFoundError(2, 'El sistema no puede encontrar el archivo especificado.', None, 2)")
OPEN FAILED: SerialException("could not open port 'COM16': FileNotFoundError(2, 'El sistema no puede encontrar el archivo especificado.', None, 2)")
OPEN FAILED: SerialException("could not open port 'COM16': FileNotFoundError(2, 'El sistema no puede encontrar el archivo especificado.', None, 2)")
OPEN FAILED: SerialException("could not open port 'COM16': FileNotFoundError(2, 'El sistema no puede encontrar el archivo especificado.', None, 2)")
OPEN FAILED: SerialException("could not open port 'COM16': FileNotFoundError(2, 'El sistema no puede encontrar el archivo especificado.', None, 2)")
OPEN FAILED: SerialException("could not open port 'COM16': FileNotFoundError(2, 'El sistema no puede encontrar el archivo especificado.', None, 2)")
OPEN FAILED: SerialException("could not open port 'COM16': FileNotFoundError(2, 'El sistema no puede encontrar el archivo especificado.', None, 2)")
OPEN FAILED: SerialException("could not open port 'COM16': FileNotFoundError(2, 'El sistema no puede encontrar el archivo especificado.', None, 2)")
OPEN FAILED: SerialException("could not open port 'COM16': FileNotFoundError(2, 'El sistema no puede encontrar el archivo especificado.', None, 2)")
OPEN FAILED: SerialException("could not open port 'COM16': FileNotFoundError(2, 'El sistema no puede encontrar el archivo especificado.', None, 2)")
OPEN FAILED: SerialException("could not open port 'COM16': FileNotFoundError(2, 'El sistema no puede encontrar el archivo especificado.', None, 2)")
OPEN FAILED: SerialException("could not open port 'COM16': FileNotFoundError(2, 'El sistema no puede encontrar el archivo especificado.', None, 2)")
OPEN FAILED: SerialException("could not open port 'COM16': FileNotFoundError(2, 'El sistema no puede encontrar el archivo especificado.', None, 2)")
OPEN FAILED: SerialException("could not open port 'COM16': FileNotFoundError(2, 'El sistema no puede encontrar el archivo especificado.', None, 2)")
OPEN FAILED: SerialException("could not open port 'COM16': FileNotFoundError(2, 'El sistema no puede encontrar el archivo especificado.', None, 2)")
OPEN FAILED: SerialException("could not open port 'COM16': FileNotFoundError(2, 'El sistema no puede encontrar el archivo especificado.', None, 2)")
OPEN FAILED: SerialException("could not open port 'COM16': FileNotFoundError(2, 'El sistema no puede encontrar el archivo especificado.', None, 2)")
OPEN FAILED: SerialException("could not open port 'COM16': FileNotFoundError(2, 'El sistema no puede encontrar el archivo especificado.', None, 2)")
OPEN FAILED: SerialException("could not open port 'COM16': FileNotFoundError(2, 'El sistema no puede encontrar el archivo especificado.', None, 2)")
OPEN FAILED: SerialException("could not open port 'COM16': FileNotFoundError(2, 'El sistema no puede encontrar el archivo especificado.', None, 2)")
OPEN FAILED: SerialException("could not open port 'COM16': FileNotFoundError(2, 'El sistema no puede encontrar el archivo especificado.', None, 2)")
OPEN FAILED: SerialException("could not open port 'COM16': FileNotFoundError(2, 'El sistema no puede encontrar el archivo especificado.', None, 2)")
OPEN FAILED: SerialException("could not open port 'COM16': FileNotFoundError(2, 'El sistema no puede encontrar el archivo especificado.', None, 2)")
OPEN FAILED: SerialException("could not open port 'COM16': FileNotFoundError(2, 'El sistema no puede encontrar el archivo especificado.', None, 2)")
OPEN FAILED: SerialException("could not open port 'COM16': FileNotFoundError(2, 'El sistema no puede encontrar el archivo especificado.', None, 2)")
OPEN FAILED: SerialException("could not open port 'COM16': FileNotFoundError(2, 'El sistema no puede encontrar el archivo especificado.', None, 2)")
OPEN FAILED: SerialException("could not open port 'COM16': FileNotFoundError(2, 'El sistema no puede encontrar el archivo especificado.', None, 2)")
OPEN FAILED: SerialException("could not open port 'COM16': FileNotFoundError(2, 'El sistema no puede encontrar el archivo especificado.', None, 2)")
OPEN FAILED: SerialException("could not open port 'COM16': FileNotFoundError(2, 'El sistema no puede encontrar el archivo especificado.', None, 2)")
OPEN FAILED: SerialException("could not open port 'COM16': FileNotFoundError(2, 'El sistema no puede encontrar el archivo especificado.', None, 2)")
OPEN FAILED: SerialException("could not open port 'COM16': FileNotFoundError(2, 'El sistema no puede encontrar el archivo especificado.', None, 2)")
OPEN FAILED: SerialException("could not open port 'COM16': FileNotFoundError(2, 'El sistema no puede encontrar el archivo especificado.', None, 2)")
OPEN FAILED: SerialException("could not open port 'COM16': FileNotFoundError(2, 'El sistema no puede encontrar el archivo especificado.', None, 2)")
OPEN FAILED: SerialException("could not open port 'COM16': FileNotFoundError(2, 'El sistema no puede encontrar el archivo especificado.', None, 2)")
OPEN FAILED: SerialException("could not open port 'COM16': FileNotFoundError(2, 'El sistema no puede encontrar el archivo especificado.', None, 2)")
OPEN FAILED: SerialException("could not open port 'COM16': FileNotFoundError(2, 'El sistema no puede encontrar el archivo especificado.', None, 2)")
OPEN FAILED: SerialException("could not open port 'COM16': FileNotFoundError(2, 'El sistema no puede encontrar el archivo especificado.', None, 2)")
OPEN FAILED: SerialException("could not open port 'COM16': FileNotFoundError(2, 'El sistema no puede encontrar el archivo especificado.', None, 2)")
OPEN FAILED: SerialException("could not open port 'COM16': FileNotFoundError(2, 'El sistema no puede encontrar el archivo especificado.', None, 2)")
OPEN FAILED: SerialException("could not open port 'COM16': FileNotFoundError(2, 'El sistema no puede encontrar el archivo especificado.', None, 2)")
OPEN FAILED: SerialException("could not open port 'COM16': FileNotFoundError(2, 'El sistema no puede encontrar el archivo especificado.', None, 2)")
OPEN FAILED: SerialException("could not open port 'COM16': FileNotFoundError(2, 'El sistema no puede encontrar el archivo especificado.', None, 2)")
OPEN FAILED: SerialException("could not open port 'COM16': FileNotFoundError(2, 'El sistema no puede encontrar el archivo especificado.', None, 2)")
OPEN FAILED: SerialException("could not open port 'COM16': FileNotFoundError(2, 'El sistema no puede encontrar el archivo especificado.', None, 2)")
OPEN FAILED: SerialException("could not open port 'COM16': FileNotFoundError(2, 'El sistema no puede encontrar el archivo especificado.', None, 2)")
OPEN FAILED: SerialException("could not open port 'COM16': FileNotFoundError(2, 'El sistema no puede encontrar el archivo especificado.', None, 2)")
OPEN FAILED: SerialException("could not open port 'COM16': FileNotFoundError(2, 'El sistema no puede encontrar el archivo especificado.', None, 2)")
OPEN FAILED: SerialException("could not open port 'COM16': FileNotFoundError(2, 'El sistema no puede encontrar el archivo especificado.', None, 2)")
OPEN FAILED: SerialException("could not open port 'COM16': FileNotFoundError(2, 'El sistema no puede encontrar el archivo especificado.', None, 2)")
OPEN FAILED: SerialException("could not open port 'COM16': FileNotFoundError(2, 'El sistema no puede encontrar el archivo especificado.', None, 2)")
OPEN FAILED: SerialException("could not open port 'COM16': FileNotFoundError(2, 'El sistema no puede encontrar el archivo especificado.', None, 2)")
OPEN FAILED: SerialException("Cannot configure port, something went wrong. Original message: OSError(22, 'Se ha especificado un dispositivo que no existe.', None, 433)")
OPEN FAILED: SerialException("could not open port 'COM16': FileNotFoundError(2, 'El sistema no puede encontrar el archivo especificado.', None, 2)")
OPEN FAILED: SerialException("could not open port 'COM16': FileNotFoundError(2, 'El sistema no puede encontrar el archivo especificado.', None, 2)")
OPEN FAILED: SerialException("could not open port 'COM16': FileNotFoundError(2, 'El sistema no puede encontrar el archivo especificado.', None, 2)")
OPEN FAILED: SerialException("could not open port 'COM16': FileNotFoundError(2, 'El sistema no puede encontrar el archivo especificado.', None, 2)")
OPEN FAILED: SerialException("could not open port 'COM16': FileNotFoundError(2, 'El sistema no puede encontrar el archivo especificado.', None, 2)")
OPEN FAILED: SerialException("could not open port 'COM16': FileNotFoundError(2, 'El sistema no puede encontrar el archivo especificado.', None, 2)")
OPEN FAILED: SerialException("could not open port 'COM16': FileNotFoundError(2, 'El sistema no puede encontrar el archivo especificado.', None, 2)")
OPEN FAILED: SerialException("could not open port 'COM16': FileNotFoundError(2, 'El sistema no puede encontrar el archivo especificado.', None, 2)")
OPEN FAILED: SerialException("could not open port 'COM16': FileNotFoundError(2, 'El sistema no puede encontrar el archivo especificado.', None, 2)")
OPEN FAILED: SerialException("could not open port 'COM16': FileNotFoundError(2, 'El sistema no puede encontrar el archivo especificado.', None, 2)")
OPEN FAILED: SerialException("could not open port 'COM16': FileNotFoundError(2, 'El sistema no puede encontrar el archivo especificado.', None, 2)")
OPEN FAILED: SerialException("could not open port 'COM16': FileNotFoundError(2, 'El sistema no puede encontrar el archivo especificado.', None, 2)")
OPEN FAILED: SerialException("could not open port 'COM16': FileNotFoundError(2, 'El sistema no puede encontrar el archivo especificado.', None, 2)")
OPEN FAILED: SerialException("could not open port 'COM16': FileNotFoundError(2, 'El sistema no puede encontrar el archivo especificado.', None, 2)")
OPEN FAILED: SerialException("could not open port 'COM16': FileNotFoundError(2, 'El sistema no puede encontrar el archivo especificado.', None, 2)")
OPEN FAILED: SerialException("could not open port 'COM16': FileNotFoundError(2, 'El sistema no puede encontrar el archivo especificado.', None, 2)")
OPEN FAILED: SerialException("could not open port 'COM16': FileNotFoundError(2, 'El sistema no puede encontrar el archivo especificado.', None, 2)")
OPEN FAILED: SerialException("could not open port 'COM16': FileNotFoundError(2, 'El sistema no puede encontrar el archivo especificado.', None, 2)")
OPEN FAILED: SerialException("could not open port 'COM16': FileNotFoundError(2, 'El sistema no puede encontrar el archivo especificado.', None, 2)")
OPEN FAILED: SerialException("could not open port 'COM16': FileNotFoundError(2, 'El sistema no puede encontrar el archivo especificado.', None, 2)")
OPEN FAILED: SerialException("could not open port 'COM16': FileNotFoundError(2, 'El sistema no puede encontrar el archivo especificado.', None, 2)")
OPEN FAILED: SerialException("could not open port 'COM16': FileNotFoundError(2, 'El sistema no puede encontrar el archivo especificado.', None, 2)")
OPEN FAILED: SerialException("could not open port 'COM16': FileNotFoundError(2, 'El sistema no puede encontrar el archivo especificado.', None, 2)")
OPEN FAILED: SerialException("could not open port 'COM16': FileNotFoundError(2, 'El sistema no puede encontrar el archivo especificado.', None, 2)")
OPEN FAILED: SerialException("could not open port 'COM16': FileNotFoundError(2, 'El sistema no puede encontrar el archivo especificado.', None, 2)")
OPEN FAILED: SerialException("could not open port 'COM16': FileNotFoundError(2, 'El sistema no puede encontrar el archivo especificado.', None, 2)")
OPEN FAILED: SerialException("could not open port 'COM16': FileNotFoundError(2, 'El sistema no puede encontrar el archivo especificado.', None, 2)")
OPEN FAILED: SerialException("could not open port 'COM16': FileNotFoundError(2, 'El sistema no puede encontrar el archivo especificado.', None, 2)")
OPEN FAILED: SerialException("could not open port 'COM16': FileNotFoundError(2, 'El sistema no puede encontrar el archivo especificado.', None, 2)")
OPEN FAILED: SerialException("could not open port 'COM16': FileNotFoundError(2, 'El sistema no puede encontrar el archivo especificado.', None, 2)")
OPEN FAILED: SerialException("could not open port 'COM16': FileNotFoundError(2, 'El sistema no puede encontrar el archivo especificado.', None, 2)")
OPEN FAILED: SerialException("could not open port 'COM16': FileNotFoundError(2, 'El sistema no puede encontrar el archivo especificado.', None, 2)")
OPEN FAILED: SerialException("could not open port 'COM16': FileNotFoundError(2, 'El sistema no puede encontrar el archivo especificado.', None, 2)")
OPEN FAILED: SerialException("could not open port 'COM16': FileNotFoundError(2, 'El sistema no puede encontrar el archivo especificado.', None, 2)")
OPEN FAILED: SerialException("could not open port 'COM16': FileNotFoundError(2, 'El sistema no puede encontrar el archivo especificado.', None, 2)")
OPEN FAILED: SerialException("could not open port 'COM16': FileNotFoundError(2, 'El sistema no puede encontrar el archivo especificado.', None, 2)")
OPEN FAILED: SerialException("could not open port 'COM16': FileNotFoundError(2, 'El sistema no puede encontrar el archivo especificado.', None, 2)")
OPEN FAILED: SerialException("could not open port 'COM16': FileNotFoundError(2, 'El sistema no puede encontrar el archivo especificado.', None, 2)")
OPEN FAILED: SerialException("could not open port 'COM16': FileNotFoundError(2, 'El sistema no puede encontrar el archivo especificado.', None, 2)")
OPEN FAILED: SerialException("could not open port 'COM16': FileNotFoundError(2, 'El sistema no puede encontrar el archivo especificado.', None, 2)")
OPEN FAILED: SerialException("could not open port 'COM16': FileNotFoundError(2, 'El sistema no puede encontrar el archivo especificado.', None, 2)")
OPEN FAILED: SerialException("could not open port 'COM16': FileNotFoundError(2, 'El sistema no puede encontrar el archivo especificado.', None, 2)")
OPEN FAILED: SerialException("could not open port 'COM16': FileNotFoundError(2, 'El sistema no puede encontrar el archivo especificado.', None, 2)")
OPEN FAILED: SerialException("could not open port 'COM16': FileNotFoundError(2, 'El sistema no puede encontrar el archivo especificado.', None, 2)")
OPEN FAILED: SerialException("could not open port 'COM16': FileNotFoundError(2, 'El sistema no puede encontrar el archivo especificado.', None, 2)")
OPEN FAILED: SerialException("could not open port 'COM16': FileNotFoundError(2, 'El sistema no puede encontrar el archivo especificado.', None, 2)")
OPEN FAILED: SerialException("could not open port 'COM16': FileNotFoundError(2, 'El sistema no puede encontrar el archivo especificado.', None, 2)")
OPEN FAILED: SerialException("could not open port 'COM16': FileNotFoundError(2, 'El sistema no puede encontrar el archivo especificado.', None, 2)")
OPEN FAILED: SerialException("could not open port 'COM16': FileNotFoundError(2, 'El sistema no puede encontrar el archivo especificado.', None, 2)")
OPEN FAILED: SerialException("could not open port 'COM16': FileNotFoundError(2, 'El sistema no puede encontrar el archivo especificado.', None, 2)")
OPEN FAILED: SerialException("could not open port 'COM16': FileNotFoundError(2, 'El sistema no puede encontrar el archivo especificado.', None, 2)")
OPEN FAILED: SerialException("could not open port 'COM16': FileNotFoundError(2, 'El sistema no puede encontrar el archivo especificado.', None, 2)")
OPEN FAILED: SerialException("could not open port 'COM16': FileNotFoundError(2, 'El sistema no puede encontrar el archivo especificado.', None, 2)")
OPEN FAILED: SerialException("could not open port 'COM16': FileNotFoundError(2, 'El sistema no puede encontrar el archivo especificado.', None, 2)")
OPEN FAILED: SerialException("could not open port 'COM16': FileNotFoundError(2, 'El sistema no puede encontrar el archivo especificado.', None, 2)")
OPEN FAILED: SerialException("could not open port 'COM16': FileNotFoundError(2, 'El sistema no puede encontrar el archivo especificado.', None, 2)")
OPEN FAILED: SerialException("could not open port 'COM16': FileNotFoundError(2, 'El sistema no puede encontrar el archivo especificado.', None, 2)")
OPEN FAILED: SerialException("could not open port 'COM16': FileNotFoundError(2, 'El sistema no puede encontrar el archivo especificado.', None, 2)")
OPEN FAILED: SerialException("could not open port 'COM16': FileNotFoundError(2, 'El sistema no puede encontrar el archivo especificado.', None, 2)")
OPEN FAILED: SerialException("could not open port 'COM16': FileNotFoundError(2, 'El sistema no puede encontrar el archivo especificado.', None, 2)")
OPEN FAILED: SerialException("could not open port 'COM16': FileNotFoundError(2, 'El sistema no puede encontrar el archivo especificado.', None, 2)")
OPEN FAILED: SerialException("could not open port 'COM16': FileNotFoundError(2, 'El sistema no puede encontrar el archivo especificado.', None, 2)")
OPEN FAILED: SerialException("could not open port 'COM16': FileNotFoundError(2, 'El sistema no puede encontrar el archivo especificado.', None, 2)")
OPEN FAILED: SerialException("could not open port 'COM16': FileNotFoundError(2, 'El sistema no puede encontrar el archivo especificado.', None, 2)")
OPEN FAILED: SerialException("could not open port 'COM16': FileNotFoundError(2, 'El sistema no puede encontrar el archivo especificado.', None, 2)")
OPEN FAILED: SerialException("could not open port 'COM16': FileNotFoundError(2, 'El sistema no puede encontrar el archivo especificado.', None, 2)")
OPEN FAILED: SerialException("could not open port 'COM16': FileNotFoundError(2, 'El sistema no puede encontrar el archivo especificado.', None, 2)")
OPEN FAILED: SerialException("could not open port 'COM16': FileNotFoundError(2, 'El sistema no puede encontrar el archivo especificado.', None, 2)")
OPEN FAILED: SerialException("could not open port 'COM16': FileNotFoundError(2, 'El sistema no puede encontrar el archivo especificado.', None, 2)")
OPEN FAILED: SerialException("could not open port 'COM16': FileNotFoundError(2, 'El sistema no puede encontrar el archivo especificado.', None, 2)")
OPEN FAILED: SerialException("could not open port 'COM16': FileNotFoundError(2, 'El sistema no puede encontrar el archivo especificado.', None, 2)")
OPEN FAILED: SerialException("could not open port 'COM16': FileNotFoundError(2, 'El sistema no puede encontrar el archivo especificado.', None, 2)")
OPEN FAILED: SerialException("could not open port 'COM16': FileNotFoundError(2, 'El sistema no puede encontrar el archivo especificado.', None, 2)")
OPEN FAILED: SerialException("could not open port 'COM16': FileNotFoundError(2, 'El sistema no puede encontrar el archivo especificado.', None, 2)")
OPEN FAILED: SerialException("could not open port 'COM16': FileNotFoundError(2, 'El sistema no puede encontrar el archivo especificado.', None, 2)")
OPEN FAILED: SerialException("could not open port 'COM16': FileNotFoundError(2, 'El sistema no puede encontrar el archivo especificado.', None, 2)")
OPEN FAILED: SerialException("could not open port 'COM16': FileNotFoundError(2, 'El sistema no puede encontrar el archivo especificado.', None, 2)")
OPEN FAILED: SerialException("could not open port 'COM16': FileNotFoundError(2, 'El sistema no puede encontrar el archivo especificado.', None, 2)")
OPEN FAILED: SerialException("could not open port 'COM16': FileNotFoundError(2, 'El sistema no puede encontrar el archivo especificado.', None, 2)")
OPEN FAILED: SerialException("could not open port 'COM16': FileNotFoundError(2, 'El sistema no puede encontrar el archivo especificado.', None, 2)")
OPEN FAILED: SerialException("could not open port 'COM16': FileNotFoundError(2, 'El sistema no puede encontrar el archivo especificado.', None, 2)")
OPEN FAILED: SerialException("could not open port 'COM16': FileNotFoundError(2, 'El sistema no puede encontrar el archivo especificado.', None, 2)")
OPEN FAILED: SerialException("could not open port 'COM16': FileNotFoundError(2, 'El sistema no puede encontrar el archivo especificado.', None, 2)")
OPEN FAILED: SerialException("could not open port 'COM16': FileNotFoundError(2, 'El sistema no puede encontrar el archivo especificado.', None, 2)")
OPEN FAILED: SerialException("could not open port 'COM16': FileNotFoundError(2, 'El sistema no puede encontrar el archivo especificado.', None, 2)")
OPEN FAILED: SerialException("could not open port 'COM16': FileNotFoundError(2, 'El sistema no puede encontrar el archivo especificado.', None, 2)")
OPEN FAILED: SerialException("could not open port 'COM16': FileNotFoundError(2, 'El sistema no puede encontrar el archivo especificado.', None, 2)")
OPEN FAILED: SerialException("could not open port 'COM16': FileNotFoundError(2, 'El sistema no puede encontrar el archivo especificado.', None, 2)")
OPEN FAILED: SerialException("could not open port 'COM16': FileNotFoundError(2, 'El sistema no puede encontrar el archivo especificado.', None, 2)")
OPEN FAILED: SerialException("could not open port 'COM16': FileNotFoundError(2, 'El sistema no puede encontrar el archivo especificado.', None, 2)")
OPEN FAILED: SerialException("could not open port 'COM16': FileNotFoundError(2, 'El sistema no puede encontrar el archivo especificado.', None, 2)")
OPEN FAILED: SerialException("could not open port 'COM16': FileNotFoundError(2, 'El sistema no puede encontrar el archivo especificado.', None, 2)")
OPEN FAILED: SerialException("could not open port 'COM16': FileNotFoundError(2, 'El sistema no puede encontrar el archivo especificado.', None, 2)")
OPEN FAILED: SerialException("could not open port 'COM16': FileNotFoundError(2, 'El sistema no puede encontrar el archivo especificado.', None, 2)")
OPEN FAILED: SerialException("could not open port 'COM16': FileNotFoundError(2, 'El sistema no puede encontrar el archivo especificado.', None, 2)")
OPEN FAILED: SerialException("could not open port 'COM16': FileNotFoundError(2, 'El sistema no puede encontrar el archivo especificado.', None, 2)")
OPEN FAILED: SerialException("could not open port 'COM16': FileNotFoundError(2, 'El sistema no puede encontrar el archivo especificado.', None, 2)")
OPEN FAILED: SerialException("could not open port 'COM16': FileNotFoundError(2, 'El sistema no puede encontrar el archivo especificado.', None, 2)")
OPEN FAILED: SerialException("could not open port 'COM16': FileNotFoundError(2, 'El sistema no puede encontrar el archivo especificado.', None, 2)")
OPEN FAILED: SerialException("could not open port 'COM16': FileNotFoundError(2, 'El sistema no puede encontrar el archivo especificado.', None, 2)")
OPEN FAILED: SerialException("could not open port 'COM16': FileNotFoundError(2, 'El sistema no puede encontrar el archivo especificado.', None, 2)")
OPEN FAILED: SerialException("could not open port 'COM16': FileNotFoundError(2, 'El sistema no puede encontrar el archivo especificado.', None, 2)")
OPEN FAILED: SerialException("could not open port 'COM16': FileNotFoundError(2, 'El sistema no puede encontrar el archivo especificado.', None, 2)")
OPEN FAILED: SerialException("could not open port 'COM16': FileNotFoundError(2, 'El sistema no puede encontrar el archivo especificado.', None, 2)")
OPEN FAILED: SerialException("could not open port 'COM16': FileNotFoundError(2, 'El sistema no puede encontrar el archivo especificado.', None, 2)")
OPEN FAILED: SerialException("could not open port 'COM16': FileNotFoundError(2, 'El sistema no puede encontrar el archivo especificado.', None, 2)")
OPEN FAILED: SerialException("could not open port 'COM16': FileNotFoundError(2, 'El sistema no puede encontrar el archivo especificado.', None, 2)")
OPEN FAILED: SerialException("could not open port 'COM16': FileNotFoundError(2, 'El sistema no puede encontrar el archivo especificado.', None, 2)")
OPEN FAILED: SerialException("could not open port 'COM16': FileNotFoundError(2, 'El sistema no puede encontrar el archivo especificado.', None, 2)")
OPEN FAILED: SerialException("could not open port 'COM16': FileNotFoundError(2, 'El sistema no puede encontrar el archivo especificado.', None, 2)")
OPEN FAILED: SerialException("could not open port 'COM16': FileNotFoundError(2, 'El sistema no puede encontrar el archivo especificado.', None, 2)")
OPEN FAILED: SerialException("could not open port 'COM16': FileNotFoundError(2, 'El sistema no puede encontrar el archivo especificado.', None, 2)")
OPEN FAILED: SerialException("could not open port 'COM16': FileNotFoundError(2, 'El sistema no puede encontrar el archivo especificado.', None, 2)")
=== COM16 abierto, capturando 120s (el open resetea la placa) ===
READ FAILED after 0.3s: SerialException("ClearCommError failed (PermissionError(13, 'El dispositivo no reconoce el comando.', None, 22))")
=== fin ===
OPEN FAILED: SerialException("could not open port 'COM16': FileNotFoundError(2, 'El sistema no puede encontrar el archivo especificado.', None, 2)")
OPEN FAILED: SerialException("could not open port 'COM16': FileNotFoundError(2, 'El sistema no puede encontrar el archivo especificado.', None, 2)")
OPEN FAILED: SerialException("could not open port 'COM16': FileNotFoundError(2, 'El sistema no puede encontrar el archivo especificado.', None, 2)")
OPEN FAILED: SerialException("could not open port 'COM16': FileNotFoundError(2, 'El sistema no puede encontrar el archivo especificado.', None, 2)")
OPEN FAILED: SerialException("could not open port 'COM16': FileNotFoundError(2, 'El sistema no puede encontrar el archivo especificado.', None, 2)")
OPEN FAILED: SerialException("could not open port 'COM16': FileNotFoundError(2, 'El sistema no puede encontrar el archivo especificado.', None, 2)")
OPEN FAILED: SerialException("could not open port 'COM16': FileNotFoundError(2, 'El sistema no puede encontrar el archivo especificado.', None, 2)")
OPEN FAILED: SerialException("could not open port 'COM16': FileNotFoundError(2, 'El sistema no puede encontrar el archivo especificado.', None, 2)")
OPEN FAILED: SerialException("could not open port 'COM16': FileNotFoundError(2, 'El sistema no puede encontrar el archivo especificado.', None, 2)")
OPEN FAILED: SerialException("could not open port 'COM16': FileNotFoundError(2, 'El sistema no puede encontrar el archivo especificado.', None, 2)")
OPEN FAILED: SerialException("could not open port 'COM16': FileNotFoundError(2, 'El sistema no puede encontrar el archivo especificado.', None, 2)")
OPEN FAILED: SerialException("could not open port 'COM16': FileNotFoundError(2, 'El sistema no puede encontrar el archivo especificado.', None, 2)")
OPEN FAILED: SerialException("could not open port 'COM16': FileNotFoundError(2, 'El sistema no puede encontrar el archivo especificado.', None, 2)")
OPEN FAILED: SerialException("could not open port 'COM16': FileNotFoundError(2, 'El sistema no puede encontrar el archivo especificado.', None, 2)")
OPEN FAILED: SerialException("could not open port 'COM16': FileNotFoundError(2, 'El sistema no puede encontrar el archivo especificado.', None, 2)")
OPEN FAILED: SerialException("could not open port 'COM16': FileNotFoundError(2, 'El sistema no puede encontrar el archivo especificado.', None, 2)")
OPEN FAILED: SerialException("could not open port 'COM16': FileNotFoundError(2, 'El sistema no puede encontrar el archivo especificado.', None, 2)")
OPEN FAILED: SerialException("could not open port 'COM16': FileNotFoundError(2, 'El sistema no puede encontrar el archivo especificado.', None, 2)")
OPEN FAILED: SerialException("could not open port 'COM16': FileNotFoundError(2, 'El sistema no puede encontrar el archivo especificado.', None, 2)")
OPEN FAILED: SerialException("could not open port 'COM16': FileNotFoundError(2, 'El sistema no puede encontrar el archivo especificado.', None, 2)")
OPEN FAILED: SerialException("could not open port 'COM16': FileNotFoundError(2, 'El sistema no puede encontrar el archivo especificado.', None, 2)")
OPEN FAILED: SerialException("could not open port 'COM16': FileNotFoundError(2, 'El sistema no puede encontrar el archivo especificado.', None, 2)")
OPEN FAILED: SerialException("could not open port 'COM16': FileNotFoundError(2, 'El sistema no puede encontrar el archivo especificado.', None, 2)")
OPEN FAILED: SerialException("could not open port 'COM16': FileNotFoundError(2, 'El sistema no puede encontrar el archivo especificado.', None, 2)")
OPEN FAILED: SerialException("could not open port 'COM16': FileNotFoundError(2, 'El sistema no puede encontrar el archivo especificado.', None, 2)")
OPEN FAILED: SerialException("could not open port 'COM16': FileNotFoundError(2, 'El sistema no puede encontrar el archivo especificado.', None, 2)")
OPEN FAILED: SerialException("could not open port 'COM16': FileNotFoundError(2, 'El sistema no puede encontrar el archivo especificado.', None, 2)")
OPEN FAILED: SerialException("could not open port 'COM16': FileNotFoundError(2, 'El sistema no puede encontrar el archivo especificado.', None, 2)")
OPEN FAILED: SerialException("could not open port 'COM16': FileNotFoundError(2, 'El sistema no puede encontrar el archivo especificado.', None, 2)")
OPEN FAILED: SerialException("could not open port 'COM16': FileNotFoundError(2, 'El sistema no puede encontrar el archivo especificado.', None, 2)")
OPEN FAILED: SerialException("could not open port 'COM16': FileNotFoundError(2, 'El sistema no puede encontrar el archivo especificado.', None, 2)")
OPEN FAILED: SerialException("could not open port 'COM16': FileNotFoundError(2, 'El sistema no puede encontrar el archivo especificado.', None, 2)")
OPEN FAILED: SerialException("could not open port 'COM16': FileNotFoundError(2, 'El sistema no puede encontrar el archivo especificado.', None, 2)")
OPEN FAILED: SerialException("could not open port 'COM16': FileNotFoundError(2, 'El sistema no puede encontrar el archivo especificado.', None, 2)")
OPEN FAILED: SerialException("could not open port 'COM16': FileNotFoundError(2, 'El sistema no puede encontrar el archivo especificado.', None, 2)")
OPEN FAILED: SerialException("could not open port 'COM16': FileNotFoundError(2, 'El sistema no puede encontrar el archivo especificado.', None, 2)")
OPEN FAILED: SerialException("could not open port 'COM16': FileNotFoundError(2, 'El sistema no puede encontrar el archivo especificado.', None, 2)")
OPEN FAILED: SerialException("could not open port 'COM16': FileNotFoundError(2, 'El sistema no puede encontrar el archivo especificado.', None, 2)")
OPEN FAILED: SerialException("could not open port 'COM16': FileNotFoundError(2, 'El sistema no puede encontrar el archivo especificado.', None, 2)")
OPEN FAILED: SerialException("could not open port 'COM16': FileNotFoundError(2, 'El sistema no puede encontrar el archivo especificado.', None, 2)")
OPEN FAILED: SerialException("could not open port 'COM16': FileNotFoundError(2, 'El sistema no puede encontrar el archivo especificado.', None, 2)")
OPEN FAILED: SerialException("could not open port 'COM16': FileNotFoundError(2, 'El sistema no puede encontrar el archivo especificado.', None, 2)")
OPEN FAILED: SerialException("could not open port 'COM16': FileNotFoundError(2, 'El sistema no puede encontrar el archivo especificado.', None, 2)")
OPEN FAILED: SerialException("could not open port 'COM16': FileNotFoundError(2, 'El sistema no puede encontrar el archivo especificado.', None, 2)")
OPEN FAILED: SerialException("could not open port 'COM16': FileNotFoundError(2, 'El sistema no puede encontrar el archivo especificado.', None, 2)")
OPEN FAILED: SerialException("could not open port 'COM16': FileNotFoundError(2, 'El sistema no puede encontrar el archivo especificado.', None, 2)")
OPEN FAILED: SerialException("could not open port 'COM16': FileNotFoundError(2, 'El sistema no puede encontrar el archivo especificado.', None, 2)")
OPEN FAILED: SerialException("could not open port 'COM16': FileNotFoundError(2, 'El sistema no puede encontrar el archivo especificado.', None, 2)")
OPEN FAILED: SerialException("could not open port 'COM16': FileNotFoundError(2, 'El sistema no puede encontrar el archivo especificado.', None, 2)")
OPEN FAILED: SerialException("could not open port 'COM16': FileNotFoundError(2, 'El sistema no puede encontrar el archivo especificado.', None, 2)")
OPEN FAILED: SerialException("could not open port 'COM16': FileNotFoundError(2, 'El sistema no puede encontrar el archivo especificado.', None, 2)")
OPEN FAILED: SerialException("could not open port 'COM16': FileNotFoundError(2, 'El sistema no puede encontrar el archivo especificado.', None, 2)")
OPEN FAILED: SerialException("could not open port 'COM16': FileNotFoundError(2, 'El sistema no puede encontrar el archivo especificado.', None, 2)")
OPEN FAILED: SerialException("could not open port 'COM16': FileNotFoundError(2, 'El sistema no puede encontrar el archivo especificado.', None, 2)")
OPEN FAILED: SerialException("could not open port 'COM16': FileNotFoundError(2, 'El sistema no puede encontrar el archivo especificado.', None, 2)")
OPEN FAILED: SerialException("could not open port 'COM16': FileNotFoundError(2, 'El sistema no puede encontrar el archivo especificado.', None, 2)")
OPEN FAILED: SerialException("could not open port 'COM16': FileNotFoundError(2, 'El sistema no puede encontrar el archivo especificado.', None, 2)")
OPEN FAILED: SerialException("could not open port 'COM16': FileNotFoundError(2, 'El sistema no puede encontrar el archivo especificado.', None, 2)")
OPEN FAILED: SerialException("could not open port 'COM16': FileNotFoundError(2, 'El sistema no puede encontrar el archivo especificado.', None, 2)")
OPEN FAILED: SerialException("could not open port 'COM16': FileNotFoundError(2, 'El sistema no puede encontrar el archivo especificado.', None, 2)")
OPEN FAILED: SerialException("could not open port 'COM16': FileNotFoundError(2, 'El sistema no puede encontrar el archivo especificado.', None, 2)")
OPEN FAILED: SerialException("could not open port 'COM16': FileNotFoundError(2, 'El sistema no puede encontrar el archivo especificado.', None, 2)")
OPEN FAILED: SerialException("could not open port 'COM16': FileNotFoundError(2, 'El sistema no puede encontrar el archivo especificado.', None, 2)")
OPEN FAILED: SerialException("could not open port 'COM16': FileNotFoundError(2, 'El sistema no puede encontrar el archivo especificado.', None, 2)")
OPEN FAILED: SerialException("could not open port 'COM16': FileNotFoundError(2, 'El sistema no puede encontrar el archivo especificado.', None, 2)")
OPEN FAILED: SerialException("could not open port 'COM16': FileNotFoundError(2, 'El sistema no puede encontrar el archivo especificado.', None, 2)")
OPEN FAILED: SerialException("could not open port 'COM16': FileNotFoundError(2, 'El sistema no puede encontrar el archivo especificado.', None, 2)")
OPEN FAILED: SerialException("could not open port 'COM16': FileNotFoundError(2, 'El sistema no puede encontrar el archivo especificado.', None, 2)")
OPEN FAILED: SerialException("could not open port 'COM16': FileNotFoundError(2, 'El sistema no puede encontrar el archivo especificado.', None, 2)")
OPEN FAILED: SerialException("could not open port 'COM16': FileNotFoundError(2, 'El sistema no puede encontrar el archivo especificado.', None, 2)")
OPEN FAILED: SerialException("could not open port 'COM16': FileNotFoundError(2, 'El sistema no puede encontrar el archivo especificado.', None, 2)")
OPEN FAILED: SerialException("could not open port 'COM16': FileNotFoundError(2, 'El sistema no puede encontrar el archivo especificado.', None, 2)")
OPEN FAILED: SerialException("could not open port 'COM16': FileNotFoundError(2, 'El sistema no puede encontrar el archivo especificado.', None, 2)")
OPEN FAILED: SerialException("could not open port 'COM16': FileNotFoundError(2, 'El sistema no puede encontrar el archivo especificado.', None, 2)")
OPEN FAILED: SerialException("could not open port 'COM16': FileNotFoundError(2, 'El sistema no puede encontrar el archivo especificado.', None, 2)")
OPEN FAILED: SerialException("could not open port 'COM16': FileNotFoundError(2, 'El sistema no puede encontrar el archivo especificado.', None, 2)")
OPEN FAILED: SerialException("could not open port 'COM16': FileNotFoundError(2, 'El sistema no puede encontrar el archivo especificado.', None, 2)")
OPEN FAILED: SerialException("could not open port 'COM16': FileNotFoundError(2, 'El sistema no puede encontrar el archivo especificado.', None, 2)")
OPEN FAILED: SerialException("could not open port 'COM16': FileNotFoundError(2, 'El sistema no puede encontrar el archivo especificado.', None, 2)")
OPEN FAILED: SerialException("could not open port 'COM16': FileNotFoundError(2, 'El sistema no puede encontrar el archivo especificado.', None, 2)")
OPEN FAILED: SerialException("could not open port 'COM16': FileNotFoundError(2, 'El sistema no puede encontrar el archivo especificado.', None, 2)")
OPEN FAILED: SerialException("could not open port 'COM16': FileNotFoundError(2, 'El sistema no puede encontrar el archivo especificado.', None, 2)")
OPEN FAILED: SerialException("could not open port 'COM16': FileNotFoundError(2, 'El sistema no puede encontrar el archivo especificado.', None, 2)")
OPEN FAILED: SerialException("could not open port 'COM16': FileNotFoundError(2, 'El sistema no puede encontrar el archivo especificado.', None, 2)")
OPEN FAILED: SerialException("could not open port 'COM16': FileNotFoundError(2, 'El sistema no puede encontrar el archivo especificado.', None, 2)")
OPEN FAILED: SerialException("could not open port 'COM16': FileNotFoundError(2, 'El sistema no puede encontrar el archivo especificado.', None, 2)")
OPEN FAILED: SerialException("could not open port 'COM16': FileNotFoundError(2, 'El sistema no puede encontrar el archivo especificado.', None, 2)")
OPEN FAILED: SerialException("could not open port 'COM16': FileNotFoundError(2, 'El sistema no puede encontrar el archivo especificado.', None, 2)")
OPEN FAILED: SerialException("could not open port 'COM16': FileNotFoundError(2, 'El sistema no puede encontrar el archivo especificado.', None, 2)")
OPEN FAILED: SerialException("could not open port 'COM16': FileNotFoundError(2, 'El sistema no puede encontrar el archivo especificado.', None, 2)")
OPEN FAILED: SerialException("could not open port 'COM16': FileNotFoundError(2, 'El sistema no puede encontrar el archivo especificado.', None, 2)")
OPEN FAILED: SerialException("could not open port 'COM16': FileNotFoundError(2, 'El sistema no puede encontrar el archivo especificado.', None, 2)")
OPEN FAILED: SerialException("could not open port 'COM16': FileNotFoundError(2, 'El sistema no puede encontrar el archivo especificado.', None, 2)")
OPEN FAILED: SerialException("could not open port 'COM16': FileNotFoundError(2, 'El sistema no puede encontrar el archivo especificado.', None, 2)")
OPEN FAILED: SerialException("could not open port 'COM16': FileNotFoundError(2, 'El sistema no puede encontrar el archivo especificado.', None, 2)")
OPEN FAILED: SerialException("could not open port 'COM16': FileNotFoundError(2, 'El sistema no puede encontrar el archivo especificado.', None, 2)")
OPEN FAILED: SerialException("could not open port 'COM16': FileNotFoundError(2, 'El sistema no puede encontrar el archivo especificado.', None, 2)")
OPEN FAILED: SerialException("could not open port 'COM16': FileNotFoundError(2, 'El sistema no puede encontrar el archivo especificado.', None, 2)")
OPEN FAILED: SerialException("could not open port 'COM16': FileNotFoundError(2, 'El sistema no puede encontrar el archivo especificado.', None, 2)")
OPEN FAILED: SerialException("could not open port 'COM16': FileNotFoundError(2, 'El sistema no puede encontrar el archivo especificado.', None, 2)")
OPEN FAILED: SerialException("could not open port 'COM16': FileNotFoundError(2, 'El sistema no puede encontrar el archivo especificado.', None, 2)")
OPEN FAILED: SerialException("could not open port 'COM16': FileNotFoundError(2, 'El sistema no puede encontrar el archivo especificado.', None, 2)")
OPEN FAILED: SerialException("could not open port 'COM16': FileNotFoundError(2, 'El sistema no puede encontrar el archivo especificado.', None, 2)")
OPEN FAILED: SerialException("could not open port 'COM16': FileNotFoundError(2, 'El sistema no puede encontrar el archivo especificado.', None, 2)")
OPEN FAILED: SerialException("could not open port 'COM16': FileNotFoundError(2, 'El sistema no puede encontrar el archivo especificado.', None, 2)")
OPEN FAILED: SerialException("could not open port 'COM16': FileNotFoundError(2, 'El sistema no puede encontrar el archivo especificado.', None, 2)")
OPEN FAILED: SerialException("could not open port 'COM16': FileNotFoundError(2, 'El sistema no puede encontrar el archivo especificado.', None, 2)")
OPEN FAILED: SerialException("could not open port 'COM16': FileNotFoundError(2, 'El sistema no puede encontrar el archivo especificado.', None, 2)")
OPEN FAILED: SerialException("could not open port 'COM16': FileNotFoundError(2, 'El sistema no puede encontrar el archivo especificado.', None, 2)")
OPEN FAILED: SerialException("could not open port 'COM16': FileNotFoundError(2, 'El sistema no puede encontrar el archivo especificado.', None, 2)")
OPEN FAILED: SerialException("could not open port 'COM16': FileNotFoundError(2, 'El sistema no puede encontrar el archivo especificado.', None, 2)")
=== COM16 abierto, capturando 120s (el open resetea la placa) ===
[   0.3s] Deep-sleep wake #174 (cause=4)
[   0.3s] Last reset reason: 8 = DEEPSLEEP
[   0.3s] Node address: 4 (Module B sees this as +RCV addr=4)
[   0.3s] Tick: sensor_read 2/3, lora_trans 4/4
[   0.3s] Boot #90 since last power loss
[   2.5s] 3V3: about to assert
[   2.5s] 3V3: asserted
[   2.8s] 3V3: settled
[   2.8s] 5V: about to assert (plain write)
[   2.8s] 5V: asserted
[   3.4s] 5V: settled
[   3.4s] LoRa: about to assert
[   3.4s] LoRa: asserted
[   3.4s] BMV080 EN: GPIO15 -> LOW
[   4.0s] rails up
[   4.0s] [PowerManager] enable3V3Sensors (stub - bench has no gating FET yet)
[   4.0s] --- I2C scan (after rails, before sensor init) ---
[   4.0s]   ACK at 0x57
[   4.0s]   ACK at 0x74
[   4.0s]   ACK at 0x76
[   4.0s] [bme probe right after scan] 0x76 (addr-probe=0) chip ID = 0x61 (0x61 = BME69x, CORRECT)
[   4.0s] [  4087][E][Wire.cpp:499] requestFrom(): i2cWriteReadNonStop returned Error -1
[   4.0s] [bme probe right after scan] 0x77 accepted the register write but returned no data
[   4.0s] Waiting 5000ms for BMV080 startup...
[   9.0s] [bme probe after BMV080 wait, before begin] 0x76 (addr-probe=0) chip ID = 0x61 (0x61 = BME69x, CORRECT)
[   9.0s] [  9095][E][Wire.cpp:499] requestFrom(): i2cWriteReadNonStop returned Error -1
[   9.0s] [bme probe after BMV080 wait, before begin] 0x77 accepted the register write but returned no data
[   9.0s] [step] bme690.begin ...
[   9.0s] BME690: OK (bound to 0x76)
[   9.0s] SEN0466: SKIPPED (210s settle - excluded from the sleeping cycle)
[   9.0s] [step] cm1106.begin (SWAPPED: now before bmv080) ...
[  12.1s] [step] cm1106.begin returned ...
[  12.1s] [step] bmv080.begin (SWAPPED: now after cm1106) ...
[  12.7s] BMV080: OK
[  12.7s] [step] calypso.begin next ...
[  12.7s] [step] calypso.begin returned - radio next ...
[  12.7s] Configuring RYLR998 (link parameters must match pp1-lora-receiver):
[  12.7s]   -> AT
[  12.7s]   <- +OK
[  12.7s]   -> AT+ADDRESS=4
[  12.7s]   <- +OK
[  12.7s]   -> AT+NETWORKID=5
[  12.7s]   <- +OK
[  12.7s]   -> AT+BAND=868000000
[  12.7s]   <- +OK
[  12.7s]   -> AT+PARAMETER=7,7,1,12
[  12.7s]   <- +OK
[  12.7s]   -> AT+CRFOP=14
[  12.7s]   <- +OK
[  12.7s] LoRa TX power -> 14 dBm: OK
[  12.7s] Radio init OK
[  12.7s] Setup complete.
[  12.7s] 
[  12.7s] [sentinel] bme=OK(T25.1 H46.3) co=NotInit(0.00)  (40ms)
[  14.3s] [tx] sensor rails off for the transmit
[  14.9s] TX [0..0/1] 70 bytes: 25.15,46.35,944.44,7239.82,0.00,0.00,0.00,667.00,0.00,0.00,0.00,0.00,0  (sent)
[  14.9s] [downlink] from addr 2 (69 bytes, rssi -33, snr 13): CFG,temp_pre_off=48,temp_pre_on=50,temp_alarm_off=55,temp_alarm_on=60
[  15.2s] [cfg] applied, ACK sent: ACK,temp_pre_off=48,temp_pre_on=50,temp_alarm_off=55,temp_alarm_on=60 (ok)
[  15.2s] [stat] STAT,174,8,0,11100,86,3120,86,0  (cap 3.62V = 86% usable, flags from wake 88, 86 tick(s) ago) (sent)
[  15.2s] 
[  15.2s] [sleep] tick work done - sleeping 10s
READ FAILED after 15.2s: SerialException("ClearCommError failed (PermissionError(13, 'El dispositivo no reconoce el comando.', None, 22))")
=== fin ===
OPEN FAILED: SerialException("could not open port 'COM16': FileNotFoundError(2, 'El sistema no puede encontrar el archivo especificado.', None, 2)")
OPEN FAILED: SerialException("could not open port 'COM16': FileNotFoundError(2, 'El sistema no puede encontrar el archivo especificado.', None, 2)")
OPEN FAILED: SerialException("could not open port 'COM16': FileNotFoundError(2, 'El sistema no puede encontrar el archivo especificado.', None, 2)")
OPEN FAILED: SerialException("could not open port 'COM16': FileNotFoundError(2, 'El sistema no puede encontrar el archivo especificado.', None, 2)")
OPEN FAILED: SerialException("could not open port 'COM16': FileNotFoundError(2, 'El sistema no puede encontrar el archivo especificado.', None, 2)")
OPEN FAILED: SerialException("could not open port 'COM16': FileNotFoundError(2, 'El sistema no puede encontrar el archivo especificado.', None, 2)")
OPEN FAILED: SerialException("could not open port 'COM16': FileNotFoundError(2, 'El sistema no puede encontrar el archivo especificado.', None, 2)")
OPEN FAILED: SerialException("could not open port 'COM16': FileNotFoundError(2, 'El sistema no puede encontrar el archivo especificado.', None, 2)")
OPEN FAILED: SerialException("could not open port 'COM16': FileNotFoundError(2, 'El sistema no puede encontrar el archivo especificado.', None, 2)")
OPEN FAILED: SerialException("could not open port 'COM16': FileNotFoundError(2, 'El sistema no puede encontrar el archivo especificado.', None, 2)")
OPEN FAILED: SerialException("could not open port 'COM16': FileNotFoundError(2, 'El sistema no puede encontrar el archivo especificado.', None, 2)")
OPEN FAILED: SerialException("could not open port 'COM16': FileNotFoundError(2, 'El sistema no puede encontrar el archivo especificado.', None, 2)")
OPEN FAILED: SerialException("could not open port 'COM16': FileNotFoundError(2, 'El sistema no puede encontrar el archivo especificado.', None, 2)")
OPEN FAILED: SerialException("could not open port 'COM16': FileNotFoundError(2, 'El sistema no puede encontrar el archivo especificado.', None, 2)")
OPEN FAILED: SerialException("could not open port 'COM16': FileNotFoundError(2, 'El sistema no puede encontrar el archivo especificado.', None, 2)")
OPEN FAILED: SerialException("could not open port 'COM16': FileNotFoundError(2, 'El sistema no puede encontrar el archivo especificado.', None, 2)")
OPEN FAILED: SerialException("could not open port 'COM16': FileNotFoundError(2, 'El sistema no puede encontrar el archivo especificado.', None, 2)")
OPEN FAILED: SerialException("could not open port 'COM16': FileNotFoundError(2, 'El sistema no puede encontrar el archivo especificado.', None, 2)")
OPEN FAILED: SerialException("could not open port 'COM16': FileNotFoundError(2, 'El sistema no puede encontrar el archivo especificado.', None, 2)")
OPEN FAILED: SerialException("could not open port 'COM16': FileNotFoundError(2, 'El sistema no puede encontrar el archivo especificado.', None, 2)")
OPEN FAILED: SerialException("could not open port 'COM16': FileNotFoundError(2, 'El sistema no puede encontrar el archivo especificado.', None, 2)")
OPEN FAILED: SerialException("could not open port 'COM16': FileNotFoundError(2, 'El sistema no puede encontrar el archivo especificado.', None, 2)")
OPEN FAILED: SerialException("could not open port 'COM16': FileNotFoundError(2, 'El sistema no puede encontrar el archivo especificado.', None, 2)")
OPEN FAILED: SerialException("could not open port 'COM16': FileNotFoundError(2, 'El sistema no puede encontrar el archivo especificado.', None, 2)")
OPEN FAILED: SerialException("could not open port 'COM16': FileNotFoundError(2, 'El sistema no puede encontrar el archivo especificado.', None, 2)")
OPEN FAILED: SerialException("could not open port 'COM16': FileNotFoundError(2, 'El sistema no puede encontrar el archivo especificado.', None, 2)")
OPEN FAILED: SerialException("could not open port 'COM16': FileNotFoundError(2, 'El sistema no puede encontrar el archivo especificado.', None, 2)")
OPEN FAILED: SerialException("could not open port 'COM16': FileNotFoundError(2, 'El sistema no puede encontrar el archivo especificado.', None, 2)")
OPEN FAILED: SerialException("could not open port 'COM16': FileNotFoundError(2, 'El sistema no puede encontrar el archivo especificado.', None, 2)")
OPEN FAILED: SerialException("could not open port 'COM16': FileNotFoundError(2, 'El sistema no puede encontrar el archivo especificado.', None, 2)")
OPEN FAILED: SerialException("could not open port 'COM16': FileNotFoundError(2, 'El sistema no puede encontrar el archivo especificado.', None, 2)")
OPEN FAILED: SerialException("could not open port 'COM16': FileNotFoundError(2, 'El sistema no puede encontrar el archivo especificado.', None, 2)")
OPEN FAILED: SerialException("could not open port 'COM16': FileNotFoundError(2, 'El sistema no puede encontrar el archivo especificado.', None, 2)")
OPEN FAILED: SerialException("could not open port 'COM16': FileNotFoundError(2, 'El sistema no puede encontrar el archivo especificado.', None, 2)")
OPEN FAILED: SerialException("could not open port 'COM16': FileNotFoundError(2, 'El sistema no puede encontrar el archivo especificado.', None, 2)")
OPEN FAILED: SerialException("could not open port 'COM16': FileNotFoundError(2, 'El sistema no puede encontrar el archivo especificado.', None, 2)")
OPEN FAILED: SerialException("could not open port 'COM16': FileNotFoundError(2, 'El sistema no puede encontrar el archivo especificado.', None, 2)")
OPEN FAILED: SerialException("could not open port 'COM16': FileNotFoundError(2, 'El sistema no puede encontrar el archivo especificado.', None, 2)")
OPEN FAILED: SerialException("could not open port 'COM16': FileNotFoundError(2, 'El sistema no puede encontrar el archivo especificado.', None, 2)")
OPEN FAILED: SerialException("could not open port 'COM16': FileNotFoundError(2, 'El sistema no puede encontrar el archivo especificado.', None, 2)")
OPEN FAILED: SerialException("could not open port 'COM16': FileNotFoundError(2, 'El sistema no puede encontrar el archivo especificado.', None, 2)")
OPEN FAILED: SerialException("could not open port 'COM16': FileNotFoundError(2, 'El sistema no puede encontrar el archivo especificado.', None, 2)")
OPEN FAILED: SerialException("could not open port 'COM16': FileNotFoundError(2, 'El sistema no puede encontrar el archivo especificado.', None, 2)")
OPEN FAILED: SerialException("could not open port 'COM16': FileNotFoundError(2, 'El sistema no puede encontrar el archivo especificado.', None, 2)")
OPEN FAILED: SerialException("could not open port 'COM16': FileNotFoundError(2, 'El sistema no puede encontrar el archivo especificado.', None, 2)")
OPEN FAILED: SerialException("could not open port 'COM16': FileNotFoundError(2, 'El sistema no puede encontrar el archivo especificado.', None, 2)")
OPEN FAILED: SerialException("could not open port 'COM16': FileNotFoundError(2, 'El sistema no puede encontrar el archivo especificado.', None, 2)")
OPEN FAILED: SerialException("could not open port 'COM16': FileNotFoundError(2, 'El sistema no puede encontrar el archivo especificado.', None, 2)")
OPEN FAILED: SerialException("could not open port 'COM16': FileNotFoundError(2, 'El sistema no puede encontrar el archivo especificado.', None, 2)")
OPEN FAILED: SerialException("could not open port 'COM16': FileNotFoundError(2, 'El sistema no puede encontrar el archivo especificado.', None, 2)")
OPEN FAILED: SerialException("could not open port 'COM16': FileNotFoundError(2, 'El sistema no puede encontrar el archivo especificado.', None, 2)")
OPEN FAILED: SerialException("could not open port 'COM16': FileNotFoundError(2, 'El sistema no puede encontrar el archivo especificado.', None, 2)")
OPEN FAILED: SerialException("could not open port 'COM16': FileNotFoundError(2, 'El sistema no puede encontrar el archivo especificado.', None, 2)")
OPEN FAILED: SerialException("could not open port 'COM16': FileNotFoundError(2, 'El sistema no puede encontrar el archivo especificado.', None, 2)")
OPEN FAILED: SerialException("could not open port 'COM16': FileNotFoundError(2, 'El sistema no puede encontrar el archivo especificado.', None, 2)")
OPEN FAILED: SerialException("could not open port 'COM16': FileNotFoundError(2, 'El sistema no puede encontrar el archivo especificado.', None, 2)")
OPEN FAILED: SerialException("could not open port 'COM16': FileNotFoundError(2, 'El sistema no puede encontrar el archivo especificado.', None, 2)")
OPEN FAILED: SerialException("could not open port 'COM16': FileNotFoundError(2, 'El sistema no puede encontrar el archivo especificado.', None, 2)")
OPEN FAILED: SerialException("could not open port 'COM16': FileNotFoundError(2, 'El sistema no puede encontrar el archivo especificado.', None, 2)")
OPEN FAILED: SerialException("could not open port 'COM16': FileNotFoundError(2, 'El sistema no puede encontrar el archivo especificado.', None, 2)")
OPEN FAILED: SerialException("could not open port 'COM16': FileNotFoundError(2, 'El sistema no puede encontrar el archivo especificado.', None, 2)")
OPEN FAILED: SerialException("could not open port 'COM16': FileNotFoundError(2, 'El sistema no puede encontrar el archivo especificado.', None, 2)")
OPEN FAILED: SerialException("could not open port 'COM16': FileNotFoundError(2, 'El sistema no puede encontrar el archivo especificado.', None, 2)")
OPEN FAILED: SerialException("could not open port 'COM16': FileNotFoundError(2, 'El sistema no puede encontrar el archivo especificado.', None, 2)")
OPEN FAILED: SerialException("could not open port 'COM16': FileNotFoundError(2, 'El sistema no puede encontrar el archivo especificado.', None, 2)")
OPEN FAILED: SerialException("could not open port 'COM16': FileNotFoundError(2, 'El sistema no puede encontrar el archivo especificado.', None, 2)")
OPEN FAILED: SerialException("could not open port 'COM16': FileNotFoundError(2, 'El sistema no puede encontrar el archivo especificado.', None, 2)")
OPEN FAILED: SerialException("could not open port 'COM16': FileNotFoundError(2, 'El sistema no puede encontrar el archivo especificado.', None, 2)")
OPEN FAILED: SerialException("could not open port 'COM16': FileNotFoundError(2, 'El sistema no puede encontrar el archivo especificado.', None, 2)")
OPEN FAILED: SerialException("could not open port 'COM16': FileNotFoundError(2, 'El sistema no puede encontrar el archivo especificado.', None, 2)")
OPEN FAILED: SerialException("could not open port 'COM16': FileNotFoundError(2, 'El sistema no puede encontrar el archivo especificado.', None, 2)")
OPEN FAILED: SerialException("could not open port 'COM16': FileNotFoundError(2, 'El sistema no puede encontrar el archivo especificado.', None, 2)")
OPEN FAILED: SerialException("could not open port 'COM16': FileNotFoundError(2, 'El sistema no puede encontrar el archivo especificado.', None, 2)")
OPEN FAILED: SerialException("could not open port 'COM16': FileNotFoundError(2, 'El sistema no puede encontrar el archivo especificado.', None, 2)")
OPEN FAILED: SerialException("could not open port 'COM16': FileNotFoundError(2, 'El sistema no puede encontrar el archivo especificado.', None, 2)")
OPEN FAILED: SerialException("could not open port 'COM16': FileNotFoundError(2, 'El sistema no puede encontrar el archivo especificado.', None, 2)")
OPEN FAILED: SerialException("could not open port 'COM16': FileNotFoundError(2, 'El sistema no puede encontrar el archivo especificado.', None, 2)")
OPEN FAILED: SerialException("could not open port 'COM16': FileNotFoundError(2, 'El sistema no puede encontrar el archivo especificado.', None, 2)")
OPEN FAILED: SerialException("could not open port 'COM16': FileNotFoundError(2, 'El sistema no puede encontrar el archivo especificado.', None, 2)")
OPEN FAILED: SerialException("could not open port 'COM16': FileNotFoundError(2, 'El sistema no puede encontrar el archivo especificado.', None, 2)")
OPEN FAILED: SerialException("could not open port 'COM16': FileNotFoundError(2, 'El sistema no puede encontrar el archivo especificado.', None, 2)")
OPEN FAILED: SerialException("could not open port 'COM16': FileNotFoundError(2, 'El sistema no puede encontrar el archivo especificado.', None, 2)")
OPEN FAILED: SerialException("could not open port 'COM16': FileNotFoundError(2, 'El sistema no puede encontrar el archivo especificado.', None, 2)")
OPEN FAILED: SerialException("could not open port 'COM16': FileNotFoundError(2, 'El sistema no puede encontrar el archivo especificado.', None, 2)")
OPEN FAILED: SerialException("could not open port 'COM16': FileNotFoundError(2, 'El sistema no puede encontrar el archivo especificado.', None, 2)")
OPEN FAILED: SerialException("could not open port 'COM16': FileNotFoundError(2, 'El sistema no puede encontrar el archivo especificado.', None, 2)")
OPEN FAILED: SerialException("could not open port 'COM16': FileNotFoundError(2, 'El sistema no puede encontrar el archivo especificado.', None, 2)")
OPEN FAILED: SerialException("could not open port 'COM16': FileNotFoundError(2, 'El sistema no puede encontrar el archivo especificado.', None, 2)")
OPEN FAILED: SerialException("could not open port 'COM16': FileNotFoundError(2, 'El sistema no puede encontrar el archivo especificado.', None, 2)")
OPEN FAILED: SerialException("could not open port 'COM16': FileNotFoundError(2, 'El sistema no puede encontrar el archivo especificado.', None, 2)")
OPEN FAILED: SerialException("could not open port 'COM16': FileNotFoundError(2, 'El sistema no puede encontrar el archivo especificado.', None, 2)")
OPEN FAILED: SerialException("could not open port 'COM16': FileNotFoundError(2, 'El sistema no puede encontrar el archivo especificado.', None, 2)")
OPEN FAILED: SerialException("could not open port 'COM16': FileNotFoundError(2, 'El sistema no puede encontrar el archivo especificado.', None, 2)")
OPEN FAILED: SerialException("could not open port 'COM16': FileNotFoundError(2, 'El sistema no puede encontrar el archivo especificado.', None, 2)")
OPEN FAILED: SerialException("could not open port 'COM16': FileNotFoundError(2, 'El sistema no puede encontrar el archivo especificado.', None, 2)")
OPEN FAILED: SerialException("could not open port 'COM16': FileNotFoundError(2, 'El sistema no puede encontrar el archivo especificado.', None, 2)")
OPEN FAILED: SerialException("could not open port 'COM16': FileNotFoundError(2, 'El sistema no puede encontrar el archivo especificado.', None, 2)")
OPEN FAILED: SerialException("could not open port 'COM16': FileNotFoundError(2, 'El sistema no puede encontrar el archivo especificado.', None, 2)")
OPEN FAILED: SerialException("could not open port 'COM16': FileNotFoundError(2, 'El sistema no puede encontrar el archivo especificado.', None, 2)")
OPEN FAILED: SerialException("could not open port 'COM16': FileNotFoundError(2, 'El sistema no puede encontrar el archivo especificado.', None, 2)")
OPEN FAILED: SerialException("could not open port 'COM16': FileNotFoundError(2, 'El sistema no puede encontrar el archivo especificado.', None, 2)")
OPEN FAILED: SerialException("could not open port 'COM16': FileNotFoundError(2, 'El sistema no puede encontrar el archivo especificado.', None, 2)")
OPEN FAILED: SerialException("could not open port 'COM16': FileNotFoundError(2, 'El sistema no puede encontrar el archivo especificado.', None, 2)")
OPEN FAILED: SerialException("could not open port 'COM16': FileNotFoundError(2, 'El sistema no puede encontrar el archivo especificado.', None, 2)")
OPEN FAILED: SerialException("could not open port 'COM16': FileNotFoundError(2, 'El sistema no puede encontrar el archivo especificado.', None, 2)")
OPEN FAILED: SerialException("could not open port 'COM16': FileNotFoundError(2, 'El sistema no puede encontrar el archivo especificado.', None, 2)")
OPEN FAILED: SerialException("could not open port 'COM16': FileNotFoundError(2, 'El sistema no puede encontrar el archivo especificado.', None, 2)")
OPEN FAILED: SerialException("could not open port 'COM16': FileNotFoundError(2, 'El sistema no puede encontrar el archivo especificado.', None, 2)")
OPEN FAILED: SerialException("could not open port 'COM16': FileNotFoundError(2, 'El sistema no puede encontrar el archivo especificado.', None, 2)")
OPEN FAILED: SerialException("could not open port 'COM16': FileNotFoundError(2, 'El sistema no puede encontrar el archivo especificado.', None, 2)")
OPEN FAILED: SerialException("could not open port 'COM16': FileNotFoundError(2, 'El sistema no puede encontrar el archivo especificado.', None, 2)")
OPEN FAILED: SerialException("could not open port 'COM16': FileNotFoundError(2, 'El sistema no puede encontrar el archivo especificado.', None, 2)")
OPEN FAILED: SerialException("Cannot configure port, something went wrong. Original message: OSError(22, 'La operación de E/S se anuló por una salida de subproceso o por una solicitud de aplicación.', None, 995)")
OPEN FAILED: SerialException("could not open port 'COM16': FileNotFoundError(2, 'El sistema no puede encontrar el archivo especificado.', None, 2)")
OPEN FAILED: SerialException("could not open port 'COM16': FileNotFoundError(2, 'El sistema no puede encontrar el archivo especificado.', None, 2)")
OPEN FAILED: SerialException("could not open port 'COM16': FileNotFoundError(2, 'El sistema no puede encontrar el archivo especificado.', None, 2)")
OPEN FAILED: SerialException("could not open port 'COM16': FileNotFoundError(2, 'El sistema no puede encontrar el archivo especificado.', None, 2)")
OPEN FAILED: SerialException("could not open port 'COM16': FileNotFoundError(2, 'El sistema no puede encontrar el archivo especificado.', None, 2)")
OPEN FAILED: SerialException("could not open port 'COM16': FileNotFoundError(2, 'El sistema no puede encontrar el archivo especificado.', None, 2)")
OPEN FAILED: SerialException("could not open port 'COM16': FileNotFoundError(2, 'El sistema no puede encontrar el archivo especificado.', None, 2)")
OPEN FAILED: SerialException("could not open port 'COM16': FileNotFoundError(2, 'El sistema no puede encontrar el archivo especificado.', None, 2)")
OPEN FAILED: SerialException("could not open port 'COM16': FileNotFoundError(2, 'El sistema no puede encontrar el archivo especificado.', None, 2)")
OPEN FAILED: SerialException("could not open port 'COM16': FileNotFoundError(2, 'El sistema no puede encontrar el archivo especificado.', None, 2)")
OPEN FAILED: SerialException("could not open port 'COM16': FileNotFoundError(2, 'El sistema no puede encontrar el archivo especificado.', None, 2)")
OPEN FAILED: SerialException("could not open port 'COM16': FileNotFoundError(2, 'El sistema no puede encontrar el archivo especificado.', None, 2)")
OPEN FAILED: SerialException("could not open port 'COM16': FileNotFoundError(2, 'El sistema no puede encontrar el archivo especificado.', None, 2)")
OPEN FAILED: SerialException("could not open port 'COM16': FileNotFoundError(2, 'El sistema no puede encontrar el archivo especificado.', None, 2)")
OPEN FAILED: SerialException("could not open port 'COM16': FileNotFoundError(2, 'El sistema no puede encontrar el archivo especificado.', None, 2)")
OPEN FAILED: SerialException("could not open port 'COM16': FileNotFoundError(2, 'El sistema no puede encontrar el archivo especificado.', None, 2)")
OPEN FAILED: SerialException("could not open port 'COM16': FileNotFoundError(2, 'El sistema no puede encontrar el archivo especificado.', None, 2)")
OPEN FAILED: SerialException("could not open port 'COM16': FileNotFoundError(2, 'El sistema no puede encontrar el archivo especificado.', None, 2)")
OPEN FAILED: SerialException("could not open port 'COM16': FileNotFoundError(2, 'El sistema no puede encontrar el archivo especificado.', None, 2)")
OPEN FAILED: SerialException("could not open port 'COM16': FileNotFoundError(2, 'El sistema no puede encontrar el archivo especificado.', None, 2)")
OPEN FAILED: SerialException("could not open port 'COM16': FileNotFoundError(2, 'El sistema no puede encontrar el archivo especificado.', None, 2)")
OPEN FAILED: SerialException("could not open port 'COM16': FileNotFoundError(2, 'El sistema no puede encontrar el archivo especificado.', None, 2)")
OPEN FAILED: SerialException("could not open port 'COM16': FileNotFoundError(2, 'El sistema no puede encontrar el archivo especificado.', None, 2)")
OPEN FAILED: SerialException("could not open port 'COM16': FileNotFoundError(2, 'El sistema no puede encontrar el archivo especificado.', None, 2)")
OPEN FAILED: SerialException("could not open port 'COM16': FileNotFoundError(2, 'El sistema no puede encontrar el archivo especificado.', None, 2)")
OPEN FAILED: SerialException("could not open port 'COM16': FileNotFoundError(2, 'El sistema no puede encontrar el archivo especificado.', None, 2)")
OPEN FAILED: SerialException("could not open port 'COM16': FileNotFoundError(2, 'El sistema no puede encontrar el archivo especificado.', None, 2)")
OPEN FAILED: SerialException("could not open port 'COM16': FileNotFoundError(2, 'El sistema no puede encontrar el archivo especificado.', None, 2)")
OPEN FAILED: SerialException("could not open port 'COM16': FileNotFoundError(2, 'El sistema no puede encontrar el archivo especificado.', None, 2)")
OPEN FAILED: SerialException("could not open port 'COM16': FileNotFoundError(2, 'El sistema no puede encontrar el archivo especificado.', None, 2)")
OPEN FAILED: SerialException("could not open port 'COM16': FileNotFoundError(2, 'El sistema no puede encontrar el archivo especificado.', None, 2)")
OPEN FAILED: SerialException("could not open port 'COM16': FileNotFoundError(2, 'El sistema no puede encontrar el archivo especificado.', None, 2)")
OPEN FAILED: SerialException("could not open port 'COM16': FileNotFoundError(2, 'El sistema no puede encontrar el archivo especificado.', None, 2)")
OPEN FAILED: SerialException("could not open port 'COM16': FileNotFoundError(2, 'El sistema no puede encontrar el archivo especificado.', None, 2)")
OPEN FAILED: SerialException("could not open port 'COM16': FileNotFoundError(2, 'El sistema no puede encontrar el archivo especificado.', None, 2)")
OPEN FAILED: SerialException("could not open port 'COM16': FileNotFoundError(2, 'El sistema no puede encontrar el archivo especificado.', None, 2)")
OPEN FAILED: SerialException("could not open port 'COM16': FileNotFoundError(2, 'El sistema no puede encontrar el archivo especificado.', None, 2)")
OPEN FAILED: SerialException("could not open port 'COM16': FileNotFoundError(2, 'El sistema no puede encontrar el archivo especificado.', None, 2)")
OPEN FAILED: SerialException("could not open port 'COM16': FileNotFoundError(2, 'El sistema no puede encontrar el archivo especificado.', None, 2)")
OPEN FAILED: SerialException("could not open port 'COM16': FileNotFoundError(2, 'El sistema no puede encontrar el archivo especificado.', None, 2)")
OPEN FAILED: SerialException("could not open port 'COM16': FileNotFoundError(2, 'El sistema no puede encontrar el archivo especificado.', None, 2)")
OPEN FAILED: SerialException("could not open port 'COM16': FileNotFoundError(2, 'El sistema no puede encontrar el archivo especificado.', None, 2)")
OPEN FAILED: SerialException("could not open port 'COM16': FileNotFoundError(2, 'El sistema no puede encontrar el archivo especificado.', None, 2)")
OPEN FAILED: SerialException("could not open port 'COM16': FileNotFoundError(2, 'El sistema no puede encontrar el archivo especificado.', None, 2)")
OPEN FAILED: SerialException("could not open port 'COM16': FileNotFoundError(2, 'El sistema no puede encontrar el archivo especificado.', None, 2)")
OPEN FAILED: SerialException("could not open port 'COM16': FileNotFoundError(2, 'El sistema no puede encontrar el archivo especificado.', None, 2)")
OPEN FAILED: SerialException("could not open port 'COM16': FileNotFoundError(2, 'El sistema no puede encontrar el archivo especificado.', None, 2)")
OPEN FAILED: SerialException("could not open port 'COM16': FileNotFoundError(2, 'El sistema no puede encontrar el archivo especificado.', None, 2)")
OPEN FAILED: SerialException("could not open port 'COM16': FileNotFoundError(2, 'El sistema no puede encontrar el archivo especificado.', None, 2)")
OPEN FAILED: SerialException("could not open port 'COM16': FileNotFoundError(2, 'El sistema no puede encontrar el archivo especificado.', None, 2)")
OPEN FAILED: SerialException("could not open port 'COM16': FileNotFoundError(2, 'El sistema no puede encontrar el archivo especificado.', None, 2)")
OPEN FAILED: SerialException("could not open port 'COM16': FileNotFoundError(2, 'El sistema no puede encontrar el archivo especificado.', None, 2)")
OPEN FAILED: SerialException("could not open port 'COM16': FileNotFoundError(2, 'El sistema no puede encontrar el archivo especificado.', None, 2)")
OPEN FAILED: SerialException("could not open port 'COM16': FileNotFoundError(2, 'El sistema no puede encontrar el archivo especificado.', None, 2)")
OPEN FAILED: SerialException("could not open port 'COM16': FileNotFoundError(2, 'El sistema no puede encontrar el archivo especificado.', None, 2)")
OPEN FAILED: SerialException("could not open port 'COM16': FileNotFoundError(2, 'El sistema no puede encontrar el archivo especificado.', None, 2)")
OPEN FAILED: SerialException("could not open port 'COM16': FileNotFoundError(2, 'El sistema no puede encontrar el archivo especificado.', None, 2)")
OPEN FAILED: SerialException("could not open port 'COM16': FileNotFoundError(2, 'El sistema no puede encontrar el archivo especificado.', None, 2)")
OPEN FAILED: SerialException("could not open port 'COM16': FileNotFoundError(2, 'El sistema no puede encontrar el archivo especificado.', None, 2)")
OPEN FAILED: SerialException("could not open port 'COM16': FileNotFoundError(2, 'El sistema no puede encontrar el archivo especificado.', None, 2)")
OPEN FAILED: SerialException("could not open port 'COM16': FileNotFoundError(2, 'El sistema no puede encontrar el archivo especificado.', None, 2)")
OPEN FAILED: SerialException("could not open port 'COM16': FileNotFoundError(2, 'El sistema no puede encontrar el archivo especificado.', None, 2)")
OPEN FAILED: SerialException("could not open port 'COM16': FileNotFoundError(2, 'El sistema no puede encontrar el archivo especificado.', None, 2)")
OPEN FAILED: SerialException("could not open port 'COM16': FileNotFoundError(2, 'El sistema no puede encontrar el archivo especificado.', None, 2)")
OPEN FAILED: SerialException("could not open port 'COM16': FileNotFoundError(2, 'El sistema no puede encontrar el archivo especificado.', None, 2)")
OPEN FAILED: SerialException("could not open port 'COM16': FileNotFoundError(2, 'El sistema no puede encontrar el archivo especificado.', None, 2)")
OPEN FAILED: SerialException("could not open port 'COM16': FileNotFoundError(2, 'El sistema no puede encontrar el archivo especificado.', None, 2)")
OPEN FAILED: SerialException("could not open port 'COM16': FileNotFoundError(2, 'El sistema no puede encontrar el archivo especificado.', None, 2)")
OPEN FAILED: SerialException("could not open port 'COM16': FileNotFoundError(2, 'El sistema no puede encontrar el archivo especificado.', None, 2)")
OPEN FAILED: SerialException("could not open port 'COM16': FileNotFoundError(2, 'El sistema no puede encontrar el archivo especificado.', None, 2)")
OPEN FAILED: SerialException("could not open port 'COM16': FileNotFoundError(2, 'El sistema no puede encontrar el archivo especificado.', None, 2)")
OPEN FAILED: SerialException("could not open port 'COM16': FileNotFoundError(2, 'El sistema no puede encontrar el archivo especificado.', None, 2)")
OPEN FAILED: SerialException("could not open port 'COM16': FileNotFoundError(2, 'El sistema no puede encontrar el archivo especificado.', None, 2)")
OPEN FAILED: SerialException("could not open port 'COM16': FileNotFoundError(2, 'El sistema no puede encontrar el archivo especificado.', None, 2)")
OPEN FAILED: SerialException("could not open port 'COM16': FileNotFoundError(2, 'El sistema no puede encontrar el archivo especificado.', None, 2)")
OPEN FAILED: SerialException("could not open port 'COM16': FileNotFoundError(2, 'El sistema no puede encontrar el archivo especificado.', None, 2)")
OPEN FAILED: SerialException("could not open port 'COM16': FileNotFoundError(2, 'El sistema no puede encontrar el archivo especificado.', None, 2)")
OPEN FAILED: SerialException("could not open port 'COM16': FileNotFoundError(2, 'El sistema no puede encontrar el archivo especificado.', None, 2)")
OPEN FAILED: SerialException("could not open port 'COM16': FileNotFoundError(2, 'El sistema no puede encontrar el archivo especificado.', None, 2)")
OPEN FAILED: SerialException("could not open port 'COM16': FileNotFoundError(2, 'El sistema no puede encontrar el archivo especificado.', None, 2)")
OPEN FAILED: SerialException("could not open port 'COM16': FileNotFoundError(2, 'El sistema no puede encontrar el archivo especificado.', None, 2)")
OPEN FAILED: SerialException("could not open port 'COM16': FileNotFoundError(2, 'El sistema no puede encontrar el archivo especificado.', None, 2)")
OPEN FAILED: SerialException("could not open port 'COM16': FileNotFoundError(2, 'El sistema no puede encontrar el archivo especificado.', None, 2)")
OPEN FAILED: SerialException("could not open port 'COM16': FileNotFoundError(2, 'El sistema no puede encontrar el archivo especificado.', None, 2)")
OPEN FAILED: SerialException("could not open port 'COM16': FileNotFoundError(2, 'El sistema no puede encontrar el archivo especificado.', None, 2)")
OPEN FAILED: SerialException("could not open port 'COM16': FileNotFoundError(2, 'El sistema no puede encontrar el archivo especificado.', None, 2)")
OPEN FAILED: SerialException("could not open port 'COM16': FileNotFoundError(2, 'El sistema no puede encontrar el archivo especificado.', None, 2)")
OPEN FAILED: SerialException("could not open port 'COM16': FileNotFoundError(2, 'El sistema no puede encontrar el archivo especificado.', None, 2)")
OPEN FAILED: SerialException("could not open port 'COM16': FileNotFoundError(2, 'El sistema no puede encontrar el archivo especificado.', None, 2)")
OPEN FAILED: SerialException("could not open port 'COM16': FileNotFoundError(2, 'El sistema no puede encontrar el archivo especificado.', None, 2)")
OPEN FAILED: SerialException("could not open port 'COM16': FileNotFoundError(2, 'El sistema no puede encontrar el archivo especificado.', None, 2)")
OPEN FAILED: SerialException("could not open port 'COM16': FileNotFoundError(2, 'El sistema no puede encontrar el archivo especificado.', None, 2)")
OPEN FAILED: SerialException("could not open port 'COM16': FileNotFoundError(2, 'El sistema no puede encontrar el archivo especificado.', None, 2)")
OPEN FAILED: SerialException("could not open port 'COM16': FileNotFoundError(2, 'El sistema no puede encontrar el archivo especificado.', None, 2)")
OPEN FAILED: SerialException("could not open port 'COM16': FileNotFoundError(2, 'El sistema no puede encontrar el archivo especificado.', None, 2)")
OPEN FAILED: SerialException("could not open port 'COM16': FileNotFoundError(2, 'El sistema no puede encontrar el archivo especificado.', None, 2)")
OPEN FAILED: SerialException("could not open port 'COM16': FileNotFoundError(2, 'El sistema no puede encontrar el archivo especificado.', None, 2)")
OPEN FAILED: SerialException("could not open port 'COM16': FileNotFoundError(2, 'El sistema no puede encontrar el archivo especificado.', None, 2)")
OPEN FAILED: SerialException("could not open port 'COM16': FileNotFoundError(2, 'El sistema no puede encontrar el archivo especificado.', None, 2)")
OPEN FAILED: SerialException("could not open port 'COM16': FileNotFoundError(2, 'El sistema no puede encontrar el archivo especificado.', None, 2)")
OPEN FAILED: SerialException("could not open port 'COM16': FileNotFoundError(2, 'El sistema no puede encontrar el archivo especificado.', None, 2)")
OPEN FAILED: SerialException("could not open port 'COM16': FileNotFoundError(2, 'El sistema no puede encontrar el archivo especificado.', None, 2)")
OPEN FAILED: SerialException("could not open port 'COM16': FileNotFoundError(2, 'El sistema no puede encontrar el archivo especificado.', None, 2)")
OPEN FAILED: SerialException("could not open port 'COM16': FileNotFoundError(2, 'El sistema no puede encontrar el archivo especificado.', None, 2)")
OPEN FAILED: SerialException("could not open port 'COM16': FileNotFoundError(2, 'El sistema no puede encontrar el archivo especificado.', None, 2)")
OPEN FAILED: SerialException("could not open port 'COM16': FileNotFoundError(2, 'El sistema no puede encontrar el archivo especificado.', None, 2)")
OPEN FAILED: SerialException("could not open port 'COM16': FileNotFoundError(2, 'El sistema no puede encontrar el archivo especificado.', None, 2)")
OPEN FAILED: SerialException("could not open port 'COM16': FileNotFoundError(2, 'El sistema no puede encontrar el archivo especificado.', None, 2)")
OPEN FAILED: SerialException("could not open port 'COM16': FileNotFoundError(2, 'El sistema no puede encontrar el archivo especificado.', None, 2)")
OPEN FAILED: SerialException("could not open port 'COM16': FileNotFoundError(2, 'El sistema no puede encontrar el archivo especificado.', None, 2)")
OPEN FAILED: SerialException("could not open port 'COM16': FileNotFoundError(2, 'El sistema no puede encontrar el archivo especificado.', None, 2)")
=== COM16 abierto, capturando 120s (el open resetea la placa) ===
READ FAILED after 0.2s: SerialException("ClearCommError failed (PermissionError(13, 'El dispositivo no reconoce el comando.', None, 22))")
=== fin ===
OPEN FAILED: SerialException("could not open port 'COM16': FileNotFoundError(2, 'El sistema no puede encontrar el archivo especificado.', None, 2)")
OPEN FAILED: SerialException("could not open port 'COM16': FileNotFoundError(2, 'El sistema no puede encontrar el archivo especificado.', None, 2)")
OPEN FAILED: SerialException("could not open port 'COM16': FileNotFoundError(2, 'El sistema no puede encontrar el archivo especificado.', None, 2)")
OPEN FAILED: SerialException("could not open port 'COM16': FileNotFoundError(2, 'El sistema no puede encontrar el archivo especificado.', None, 2)")
OPEN FAILED: SerialException("could not open port 'COM16': FileNotFoundError(2, 'El sistema no puede encontrar el archivo especificado.', None, 2)")
OPEN FAILED: SerialException("could not open port 'COM16': FileNotFoundError(2, 'El sistema no puede encontrar el archivo especificado.', None, 2)")
OPEN FAILED: SerialException("could not open port 'COM16': FileNotFoundError(2, 'El sistema no puede encontrar el archivo especificado.', None, 2)")
OPEN FAILED: SerialException("could not open port 'COM16': FileNotFoundError(2, 'El sistema no puede encontrar el archivo especificado.', None, 2)")
OPEN FAILED: SerialException("could not open port 'COM16': FileNotFoundError(2, 'El sistema no puede encontrar el archivo especificado.', None, 2)")
OPEN FAILED: SerialException("could not open port 'COM16': FileNotFoundError(2, 'El sistema no puede encontrar el archivo especificado.', None, 2)")
OPEN FAILED: SerialException("could not open port 'COM16': FileNotFoundError(2, 'El sistema no puede encontrar el archivo especificado.', None, 2)")
OPEN FAILED: SerialException("could not open port 'COM16': FileNotFoundError(2, 'El sistema no puede encontrar el archivo especificado.', None, 2)")
OPEN FAILED: SerialException("could not open port 'COM16': FileNotFoundError(2, 'El sistema no puede encontrar el archivo especificado.', None, 2)")
OPEN FAILED: SerialException("could not open port 'COM16': FileNotFoundError(2, 'El sistema no puede encontrar el archivo especificado.', None, 2)")
OPEN FAILED: SerialException("could not open port 'COM16': FileNotFoundError(2, 'El sistema no puede encontrar el archivo especificado.', None, 2)")
OPEN FAILED: SerialException("could not open port 'COM16': FileNotFoundError(2, 'El sistema no puede encontrar el archivo especificado.', None, 2)")
OPEN FAILED: SerialException("could not open port 'COM16': FileNotFoundError(2, 'El sistema no puede encontrar el archivo especificado.', None, 2)")
OPEN FAILED: SerialException("could not open port 'COM16': FileNotFoundError(2, 'El sistema no puede encontrar el archivo especificado.', None, 2)")
OPEN FAILED: SerialException("could not open port 'COM16': FileNotFoundError(2, 'El sistema no puede encontrar el archivo especificado.', None, 2)")
OPEN FAILED: SerialException("could not open port 'COM16': FileNotFoundError(2, 'El sistema no puede encontrar el archivo especificado.', None, 2)")
OPEN FAILED: SerialException("could not open port 'COM16': FileNotFoundError(2, 'El sistema no puede encontrar el archivo especificado.', None, 2)")
OPEN FAILED: SerialException("could not open port 'COM16': FileNotFoundError(2, 'El sistema no puede encontrar el archivo especificado.', None, 2)")
OPEN FAILED: SerialException("could not open port 'COM16': FileNotFoundError(2, 'El sistema no puede encontrar el archivo especificado.', None, 2)")
OPEN FAILED: SerialException("could not open port 'COM16': FileNotFoundError(2, 'El sistema no puede encontrar el archivo especificado.', None, 2)")
OPEN FAILED: SerialException("could not open port 'COM16': FileNotFoundError(2, 'El sistema no puede encontrar el archivo especificado.', None, 2)")
OPEN FAILED: SerialException("could not open port 'COM16': FileNotFoundError(2, 'El sistema no puede encontrar el archivo especificado.', None, 2)")
OPEN FAILED: SerialException("could not open port 'COM16': FileNotFoundError(2, 'El sistema no puede encontrar el archivo especificado.', None, 2)")
OPEN FAILED: SerialException("could not open port 'COM16': FileNotFoundError(2, 'El sistema no puede encontrar el archivo especificado.', None, 2)")
OPEN FAILED: SerialException("could not open port 'COM16': FileNotFoundError(2, 'El sistema no puede encontrar el archivo especificado.', None, 2)")
OPEN FAILED: SerialException("could not open port 'COM16': FileNotFoundError(2, 'El sistema no puede encontrar el archivo especificado.', None, 2)")
OPEN FAILED: SerialException("could not open port 'COM16': FileNotFoundError(2, 'El sistema no puede encontrar el archivo especificado.', None, 2)")
OPEN FAILED: SerialException("could not open port 'COM16': FileNotFoundError(2, 'El sistema no puede encontrar el archivo especificado.', None, 2)")
OPEN FAILED: SerialException("could not open port 'COM16': FileNotFoundError(2, 'El sistema no puede encontrar el archivo especificado.', None, 2)")
OPEN FAILED: SerialException("could not open port 'COM16': FileNotFoundError(2, 'El sistema no puede encontrar el archivo especificado.', None, 2)")
OPEN FAILED: SerialException("could not open port 'COM16': FileNotFoundError(2, 'El sistema no puede encontrar el archivo especificado.', None, 2)")
OPEN FAILED: SerialException("could not open port 'COM16': FileNotFoundError(2, 'El sistema no puede encontrar el archivo especificado.', None, 2)")
OPEN FAILED: SerialException("could not open port 'COM16': FileNotFoundError(2, 'El sistema no puede encontrar el archivo especificado.', None, 2)")
OPEN FAILED: SerialException("could not open port 'COM16': FileNotFoundError(2, 'El sistema no puede encontrar el archivo especificado.', None, 2)")
OPEN FAILED: SerialException("could not open port 'COM16': FileNotFoundError(2, 'El sistema no puede encontrar el archivo especificado.', None, 2)")
OPEN FAILED: SerialException("could not open port 'COM16': FileNotFoundError(2, 'El sistema no puede encontrar el archivo especificado.', None, 2)")
OPEN FAILED: SerialException("could not open port 'COM16': FileNotFoundError(2, 'El sistema no puede encontrar el archivo especificado.', None, 2)")
OPEN FAILED: SerialException("could not open port 'COM16': FileNotFoundError(2, 'El sistema no puede encontrar el archivo especificado.', None, 2)")
OPEN FAILED: SerialException("could not open port 'COM16': FileNotFoundError(2, 'El sistema no puede encontrar el archivo especificado.', None, 2)")
OPEN FAILED: SerialException("could not open port 'COM16': FileNotFoundError(2, 'El sistema no puede encontrar el archivo especificado.', None, 2)")
OPEN FAILED: SerialException("could not open port 'COM16': FileNotFoundError(2, 'El sistema no puede encontrar el archivo especificado.', None, 2)")
OPEN FAILED: SerialException("could not open port 'COM16': FileNotFoundError(2, 'El sistema no puede encontrar el archivo especificado.', None, 2)")
OPEN FAILED: SerialException("could not open port 'COM16': FileNotFoundError(2, 'El sistema no puede encontrar el archivo especificado.', None, 2)")
OPEN FAILED: SerialException("could not open port 'COM16': FileNotFoundError(2, 'El sistema no puede encontrar el archivo especificado.', None, 2)")
OPEN FAILED: SerialException("could not open port 'COM16': FileNotFoundError(2, 'El sistema no puede encontrar el archivo especificado.', None, 2)")
OPEN FAILED: SerialException("could not open port 'COM16': FileNotFoundError(2, 'El sistema no puede encontrar el archivo especificado.', None, 2)")
OPEN FAILED: SerialException("could not open port 'COM16': FileNotFoundError(2, 'El sistema no puede encontrar el archivo especificado.', None, 2)")
OPEN FAILED: SerialException("could not open port 'COM16': FileNotFoundError(2, 'El sistema no puede encontrar el archivo especificado.', None, 2)")
OPEN FAILED: SerialException("could not open port 'COM16': FileNotFoundError(2, 'El sistema no puede encontrar el archivo especificado.', None, 2)")
OPEN FAILED: SerialException("could not open port 'COM16': FileNotFoundError(2, 'El sistema no puede encontrar el archivo especificado.', None, 2)")
OPEN FAILED: SerialException("could not open port 'COM16': FileNotFoundError(2, 'El sistema no puede encontrar el archivo especificado.', None, 2)")
OPEN FAILED: SerialException("could not open port 'COM16': FileNotFoundError(2, 'El sistema no puede encontrar el archivo especificado.', None, 2)")
OPEN FAILED: SerialException("could not open port 'COM16': FileNotFoundError(2, 'El sistema no puede encontrar el archivo especificado.', None, 2)")
OPEN FAILED: SerialException("could not open port 'COM16': FileNotFoundError(2, 'El sistema no puede encontrar el archivo especificado.', None, 2)")
OPEN FAILED: SerialException("could not open port 'COM16': FileNotFoundError(2, 'El sistema no puede encontrar el archivo especificado.', None, 2)")
OPEN FAILED: SerialException("could not open port 'COM16': FileNotFoundError(2, 'El sistema no puede encontrar el archivo especificado.', None, 2)")
OPEN FAILED: SerialException("could not open port 'COM16': FileNotFoundError(2, 'El sistema no puede encontrar el archivo especificado.', None, 2)")
OPEN FAILED: SerialException("could not open port 'COM16': FileNotFoundError(2, 'El sistema no puede encontrar el archivo especificado.', None, 2)")
OPEN FAILED: SerialException("could not open port 'COM16': FileNotFoundError(2, 'El sistema no puede encontrar el archivo especificado.', None, 2)")
OPEN FAILED: SerialException("could not open port 'COM16': FileNotFoundError(2, 'El sistema no puede encontrar el archivo especificado.', None, 2)")
OPEN FAILED: SerialException("could not open port 'COM16': FileNotFoundError(2, 'El sistema no puede encontrar el archivo especificado.', None, 2)")
OPEN FAILED: SerialException("could not open port 'COM16': FileNotFoundError(2, 'El sistema no puede encontrar el archivo especificado.', None, 2)")
OPEN FAILED: SerialException("could not open port 'COM16': FileNotFoundError(2, 'El sistema no puede encontrar el archivo especificado.', None, 2)")
OPEN FAILED: SerialException("could not open port 'COM16': FileNotFoundError(2, 'El sistema no puede encontrar el archivo especificado.', None, 2)")
OPEN FAILED: SerialException("could not open port 'COM16': FileNotFoundError(2, 'El sistema no puede encontrar el archivo especificado.', None, 2)")
OPEN FAILED: SerialException("could not open port 'COM16': FileNotFoundError(2, 'El sistema no puede encontrar el archivo especificado.', None, 2)")
OPEN FAILED: SerialException("could not open port 'COM16': FileNotFoundError(2, 'El sistema no puede encontrar el archivo especificado.', None, 2)")
OPEN FAILED: SerialException("could not open port 'COM16': FileNotFoundError(2, 'El sistema no puede encontrar el archivo especificado.', None, 2)")
OPEN FAILED: SerialException("could not open port 'COM16': FileNotFoundError(2, 'El sistema no puede encontrar el archivo especificado.', None, 2)")
OPEN FAILED: SerialException("could not open port 'COM16': FileNotFoundError(2, 'El sistema no puede encontrar el archivo especificado.', None, 2)")
OPEN FAILED: SerialException("could not open port 'COM16': FileNotFoundError(2, 'El sistema no puede encontrar el archivo especificado.', None, 2)")
OPEN FAILED: SerialException("could not open port 'COM16': FileNotFoundError(2, 'El sistema no puede encontrar el archivo especificado.', None, 2)")
OPEN FAILED: SerialException("could not open port 'COM16': FileNotFoundError(2, 'El sistema no puede encontrar el archivo especificado.', None, 2)")
OPEN FAILED: SerialException("could not open port 'COM16': FileNotFoundError(2, 'El sistema no puede encontrar el archivo especificado.', None, 2)")
OPEN FAILED: SerialException("could not open port 'COM16': FileNotFoundError(2, 'El sistema no puede encontrar el archivo especificado.', None, 2)")
OPEN FAILED: SerialException("could not open port 'COM16': FileNotFoundError(2, 'El sistema no puede encontrar el archivo especificado.', None, 2)")
OPEN FAILED: SerialException("could not open port 'COM16': FileNotFoundError(2, 'El sistema no puede encontrar el archivo especificado.', None, 2)")
OPEN FAILED: SerialException("could not open port 'COM16': FileNotFoundError(2, 'El sistema no puede encontrar el archivo especificado.', None, 2)")
OPEN FAILED: SerialException("could not open port 'COM16': FileNotFoundError(2, 'El sistema no puede encontrar el archivo especificado.', None, 2)")
OPEN FAILED: SerialException("could not open port 'COM16': FileNotFoundError(2, 'El sistema no puede encontrar el archivo especificado.', None, 2)")
OPEN FAILED: SerialException("could not open port 'COM16': FileNotFoundError(2, 'El sistema no puede encontrar el archivo especificado.', None, 2)")
OPEN FAILED: SerialException("could not open port 'COM16': FileNotFoundError(2, 'El sistema no puede encontrar el archivo especificado.', None, 2)")
OPEN FAILED: SerialException("could not open port 'COM16': FileNotFoundError(2, 'El sistema no puede encontrar el archivo especificado.', None, 2)")
OPEN FAILED: SerialException("could not open port 'COM16': FileNotFoundError(2, 'El sistema no puede encontrar el archivo especificado.', None, 2)")
OPEN FAILED: SerialException("could not open port 'COM16': FileNotFoundError(2, 'El sistema no puede encontrar el archivo especificado.', None, 2)")
OPEN FAILED: SerialException("could not open port 'COM16': FileNotFoundError(2, 'El sistema no puede encontrar el archivo especificado.', None, 2)")
OPEN FAILED: SerialException("could not open port 'COM16': FileNotFoundError(2, 'El sistema no puede encontrar el archivo especificado.', None, 2)")
OPEN FAILED: SerialException("could not open port 'COM16': FileNotFoundError(2, 'El sistema no puede encontrar el archivo especificado.', None, 2)")
OPEN FAILED: SerialException("could not open port 'COM16': FileNotFoundError(2, 'El sistema no puede encontrar el archivo especificado.', None, 2)")
OPEN FAILED: SerialException("could not open port 'COM16': FileNotFoundError(2, 'El sistema no puede encontrar el archivo especificado.', None, 2)")
OPEN FAILED: SerialException("could not open port 'COM16': FileNotFoundError(2, 'El sistema no puede encontrar el archivo especificado.', None, 2)")
OPEN FAILED: SerialException("could not open port 'COM16': FileNotFoundError(2, 'El sistema no puede encontrar el archivo especificado.', None, 2)")
OPEN FAILED: SerialException("could not open port 'COM16': FileNotFoundError(2, 'El sistema no puede encontrar el archivo especificado.', None, 2)")
OPEN FAILED: SerialException("could not open port 'COM16': FileNotFoundError(2, 'El sistema no puede encontrar el archivo especificado.', None, 2)")
OPEN FAILED: SerialException("could not open port 'COM16': FileNotFoundError(2, 'El sistema no puede encontrar el archivo especificado.', None, 2)")
OPEN FAILED: SerialException("could not open port 'COM16': FileNotFoundError(2, 'El sistema no puede encontrar el archivo especificado.', None, 2)")
OPEN FAILED: SerialException("could not open port 'COM16': FileNotFoundError(2, 'El sistema no puede encontrar el archivo especificado.', None, 2)")
OPEN FAILED: SerialException("could not open port 'COM16': FileNotFoundError(2, 'El sistema no puede encontrar el archivo especificado.', None, 2)")
OPEN FAILED: SerialException("could not open port 'COM16': FileNotFoundError(2, 'El sistema no puede encontrar el archivo especificado.', None, 2)")
OPEN FAILED: SerialException("could not open port 'COM16': FileNotFoundError(2, 'El sistema no puede encontrar el archivo especificado.', None, 2)")
OPEN FAILED: SerialException("could not open port 'COM16': FileNotFoundError(2, 'El sistema no puede encontrar el archivo especificado.', None, 2)")
OPEN FAILED: SerialException("could not open port 'COM16': FileNotFoundError(2, 'El sistema no puede encontrar el archivo especificado.', None, 2)")
OPEN FAILED: SerialException("could not open port 'COM16': FileNotFoundError(2, 'El sistema no puede encontrar el archivo especificado.', None, 2)")
OPEN FAILED: SerialException("could not open port 'COM16': FileNotFoundError(2, 'El sistema no puede encontrar el archivo especificado.', None, 2)")
OPEN FAILED: SerialException("could not open port 'COM16': FileNotFoundError(2, 'El sistema no puede encontrar el archivo especificado.', None, 2)")
OPEN FAILED: SerialException("could not open port 'COM16': FileNotFoundError(2, 'El sistema no puede encontrar el archivo especificado.', None, 2)")
OPEN FAILED: SerialException("could not open port 'COM16': FileNotFoundError(2, 'El sistema no puede encontrar el archivo especificado.', None, 2)")
OPEN FAILED: SerialException("could not open port 'COM16': FileNotFoundError(2, 'El sistema no puede encontrar el archivo especificado.', None, 2)")
OPEN FAILED: SerialException("could not open port 'COM16': FileNotFoundError(2, 'El sistema no puede encontrar el archivo especificado.', None, 2)")
OPEN FAILED: SerialException("could not open port 'COM16': FileNotFoundError(2, 'El sistema no puede encontrar el archivo especificado.', None, 2)")
OPEN FAILED: SerialException("could not open port 'COM16': FileNotFoundError(2, 'El sistema no puede encontrar el archivo especificado.', None, 2)")
OPEN FAILED: SerialException("could not open port 'COM16': FileNotFoundError(2, 'El sistema no puede encontrar el archivo especificado.', None, 2)")
=== COM16 abierto, capturando 120s (el open resetea la placa) ===
READ FAILED after 0.3s: SerialException("ClearCommError failed (PermissionError(13, 'El dispositivo no reconoce el comando.', None, 22))")
=== fin ===
OPEN FAILED: SerialException("could not open port 'COM16': FileNotFoundError(2, 'El sistema no puede encontrar el archivo especificado.', None, 2)")
OPEN FAILED: SerialException("could not open port 'COM16': FileNotFoundError(2, 'El sistema no puede encontrar el archivo especificado.', None, 2)")
OPEN FAILED: SerialException("could not open port 'COM16': FileNotFoundError(2, 'El sistema no puede encontrar el archivo especificado.', None, 2)")
OPEN FAILED: SerialException("could not open port 'COM16': FileNotFoundError(2, 'El sistema no puede encontrar el archivo especificado.', None, 2)")
OPEN FAILED: SerialException("could not open port 'COM16': FileNotFoundError(2, 'El sistema no puede encontrar el archivo especificado.', None, 2)")
OPEN FAILED: SerialException("could not open port 'COM16': FileNotFoundError(2, 'El sistema no puede encontrar el archivo especificado.', None, 2)")
OPEN FAILED: SerialException("could not open port 'COM16': FileNotFoundError(2, 'El sistema no puede encontrar el archivo especificado.', None, 2)")
OPEN FAILED: SerialException("could not open port 'COM16': FileNotFoundError(2, 'El sistema no puede encontrar el archivo especificado.', None, 2)")
OPEN FAILED: SerialException("could not open port 'COM16': FileNotFoundError(2, 'El sistema no puede encontrar el archivo especificado.', None, 2)")
OPEN FAILED: SerialException("could not open port 'COM16': FileNotFoundError(2, 'El sistema no puede encontrar el archivo especificado.', None, 2)")
OPEN FAILED: SerialException("could not open port 'COM16': FileNotFoundError(2, 'El sistema no puede encontrar el archivo especificado.', None, 2)")
OPEN FAILED: SerialException("could not open port 'COM16': FileNotFoundError(2, 'El sistema no puede encontrar el archivo especificado.', None, 2)")
OPEN FAILED: SerialException("could not open port 'COM16': FileNotFoundError(2, 'El sistema no puede encontrar el archivo especificado.', None, 2)")
OPEN FAILED: SerialException("could not open port 'COM16': FileNotFoundError(2, 'El sistema no puede encontrar el archivo especificado.', None, 2)")
OPEN FAILED: SerialException("could not open port 'COM16': FileNotFoundError(2, 'El sistema no puede encontrar el archivo especificado.', None, 2)")
OPEN FAILED: SerialException("could not open port 'COM16': FileNotFoundError(2, 'El sistema no puede encontrar el archivo especificado.', None, 2)")
OPEN FAILED: SerialException("could not open port 'COM16': FileNotFoundError(2, 'El sistema no puede encontrar el archivo especificado.', None, 2)")
OPEN FAILED: SerialException("could not open port 'COM16': FileNotFoundError(2, 'El sistema no puede encontrar el archivo especificado.', None, 2)")
OPEN FAILED: SerialException("could not open port 'COM16': FileNotFoundError(2, 'El sistema no puede encontrar el archivo especificado.', None, 2)")
OPEN FAILED: SerialException("could not open port 'COM16': FileNotFoundError(2, 'El sistema no puede encontrar el archivo especificado.', None, 2)")
OPEN FAILED: SerialException("could not open port 'COM16': FileNotFoundError(2, 'El sistema no puede encontrar el archivo especificado.', None, 2)")
OPEN FAILED: SerialException("could not open port 'COM16': FileNotFoundError(2, 'El sistema no puede encontrar el archivo especificado.', None, 2)")
OPEN FAILED: SerialException("could not open port 'COM16': FileNotFoundError(2, 'El sistema no puede encontrar el archivo especificado.', None, 2)")
OPEN FAILED: SerialException("could not open port 'COM16': FileNotFoundError(2, 'El sistema no puede encontrar el archivo especificado.', None, 2)")
OPEN FAILED: SerialException("could not open port 'COM16': FileNotFoundError(2, 'El sistema no puede encontrar el archivo especificado.', None, 2)")
OPEN FAILED: SerialException("could not open port 'COM16': FileNotFoundError(2, 'El sistema no puede encontrar el archivo especificado.', None, 2)")
OPEN FAILED: SerialException("could not open port 'COM16': FileNotFoundError(2, 'El sistema no puede encontrar el archivo especificado.', None, 2)")
OPEN FAILED: SerialException("could not open port 'COM16': FileNotFoundError(2, 'El sistema no puede encontrar el archivo especificado.', None, 2)")
OPEN FAILED: SerialException("could not open port 'COM16': FileNotFoundError(2, 'El sistema no puede encontrar el archivo especificado.', None, 2)")
OPEN FAILED: SerialException("could not open port 'COM16': FileNotFoundError(2, 'El sistema no puede encontrar el archivo especificado.', None, 2)")
OPEN FAILED: SerialException("could not open port 'COM16': FileNotFoundError(2, 'El sistema no puede encontrar el archivo especificado.', None, 2)")
OPEN FAILED: SerialException("could not open port 'COM16': FileNotFoundError(2, 'El sistema no puede encontrar el archivo especificado.', None, 2)")
OPEN FAILED: SerialException("could not open port 'COM16': FileNotFoundError(2, 'El sistema no puede encontrar el archivo especificado.', None, 2)")
OPEN FAILED: SerialException("could not open port 'COM16': FileNotFoundError(2, 'El sistema no puede encontrar el archivo especificado.', None, 2)")
OPEN FAILED: SerialException("could not open port 'COM16': FileNotFoundError(2, 'El sistema no puede encontrar el archivo especificado.', None, 2)")
OPEN FAILED: SerialException("could not open port 'COM16': FileNotFoundError(2, 'El sistema no puede encontrar el archivo especificado.', None, 2)")
OPEN FAILED: SerialException("could not open port 'COM16': FileNotFoundError(2, 'El sistema no puede encontrar el archivo especificado.', None, 2)")
OPEN FAILED: SerialException("could not open port 'COM16': FileNotFoundError(2, 'El sistema no puede encontrar el archivo especificado.', None, 2)")
OPEN FAILED: SerialException("could not open port 'COM16': FileNotFoundError(2, 'El sistema no puede encontrar el archivo especificado.', None, 2)")
OPEN FAILED: SerialException("could not open port 'COM16': FileNotFoundError(2, 'El sistema no puede encontrar el archivo especificado.', None, 2)")
OPEN FAILED: SerialException("could not open port 'COM16': FileNotFoundError(2, 'El sistema no puede encontrar el archivo especificado.', None, 2)")
OPEN FAILED: SerialException("could not open port 'COM16': FileNotFoundError(2, 'El sistema no puede encontrar el archivo especificado.', None, 2)")
OPEN FAILED: SerialException("could not open port 'COM16': FileNotFoundError(2, 'El sistema no puede encontrar el archivo especificado.', None, 2)")
OPEN FAILED: SerialException("could not open port 'COM16': FileNotFoundError(2, 'El sistema no puede encontrar el archivo especificado.', None, 2)")
OPEN FAILED: SerialException("could not open port 'COM16': FileNotFoundError(2, 'El sistema no puede encontrar el archivo especificado.', None, 2)")
OPEN FAILED: SerialException("could not open port 'COM16': FileNotFoundError(2, 'El sistema no puede encontrar el archivo especificado.', None, 2)")
OPEN FAILED: SerialException("could not open port 'COM16': FileNotFoundError(2, 'El sistema no puede encontrar el archivo especificado.', None, 2)")
OPEN FAILED: SerialException("could not open port 'COM16': FileNotFoundError(2, 'El sistema no puede encontrar el archivo especificado.', None, 2)")
OPEN FAILED: SerialException("could not open port 'COM16': FileNotFoundError(2, 'El sistema no puede encontrar el archivo especificado.', None, 2)")
OPEN FAILED: SerialException("could not open port 'COM16': FileNotFoundError(2, 'El sistema no puede encontrar el archivo especificado.', None, 2)")
OPEN FAILED: SerialException("could not open port 'COM16': FileNotFoundError(2, 'El sistema no puede encontrar el archivo especificado.', None, 2)")
OPEN FAILED: SerialException("could not open port 'COM16': FileNotFoundError(2, 'El sistema no puede encontrar el archivo especificado.', None, 2)")
OPEN FAILED: SerialException("could not open port 'COM16': FileNotFoundError(2, 'El sistema no puede encontrar el archivo especificado.', None, 2)")
OPEN FAILED: SerialException("could not open port 'COM16': FileNotFoundError(2, 'El sistema no puede encontrar el archivo especificado.', None, 2)")
OPEN FAILED: SerialException("could not open port 'COM16': FileNotFoundError(2, 'El sistema no puede encontrar el archivo especificado.', None, 2)")
OPEN FAILED: SerialException("could not open port 'COM16': FileNotFoundError(2, 'El sistema no puede encontrar el archivo especificado.', None, 2)")
OPEN FAILED: SerialException("could not open port 'COM16': FileNotFoundError(2, 'El sistema no puede encontrar el archivo especificado.', None, 2)")
OPEN FAILED: SerialException("could not open port 'COM16': FileNotFoundError(2, 'El sistema no puede encontrar el archivo especificado.', None, 2)")
OPEN FAILED: SerialException("could not open port 'COM16': FileNotFoundError(2, 'El sistema no puede encontrar el archivo especificado.', None, 2)")
OPEN FAILED: SerialException("could not open port 'COM16': FileNotFoundError(2, 'El sistema no puede encontrar el archivo especificado.', None, 2)")
OPEN FAILED: SerialException("could not open port 'COM16': FileNotFoundError(2, 'El sistema no puede encontrar el archivo especificado.', None, 2)")
OPEN FAILED: SerialException("could not open port 'COM16': FileNotFoundError(2, 'El sistema no puede encontrar el archivo especificado.', None, 2)")
OPEN FAILED: SerialException("could not open port 'COM16': FileNotFoundError(2, 'El sistema no puede encontrar el archivo especificado.', None, 2)")
OPEN FAILED: SerialException("could not open port 'COM16': FileNotFoundError(2, 'El sistema no puede encontrar el archivo especificado.', None, 2)")
OPEN FAILED: SerialException("could not open port 'COM16': FileNotFoundError(2, 'El sistema no puede encontrar el archivo especificado.', None, 2)")
OPEN FAILED: SerialException("could not open port 'COM16': FileNotFoundError(2, 'El sistema no puede encontrar el archivo especificado.', None, 2)")
OPEN FAILED: SerialException("could not open port 'COM16': FileNotFoundError(2, 'El sistema no puede encontrar el archivo especificado.', None, 2)")
OPEN FAILED: SerialException("could not open port 'COM16': FileNotFoundError(2, 'El sistema no puede encontrar el archivo especificado.', None, 2)")
OPEN FAILED: SerialException("could not open port 'COM16': FileNotFoundError(2, 'El sistema no puede encontrar el archivo especificado.', None, 2)")
OPEN FAILED: SerialException("could not open port 'COM16': FileNotFoundError(2, 'El sistema no puede encontrar el archivo especificado.', None, 2)")
OPEN FAILED: SerialException("could not open port 'COM16': FileNotFoundError(2, 'El sistema no puede encontrar el archivo especificado.', None, 2)")
OPEN FAILED: SerialException("could not open port 'COM16': FileNotFoundError(2, 'El sistema no puede encontrar el archivo especificado.', None, 2)")
OPEN FAILED: SerialException("could not open port 'COM16': FileNotFoundError(2, 'El sistema no puede encontrar el archivo especificado.', None, 2)")
OPEN FAILED: SerialException("could not open port 'COM16': FileNotFoundError(2, 'El sistema no puede encontrar el archivo especificado.', None, 2)")
OPEN FAILED: SerialException("could not open port 'COM16': FileNotFoundError(2, 'El sistema no puede encontrar el archivo especificado.', None, 2)")
OPEN FAILED: SerialException("could not open port 'COM16': FileNotFoundError(2, 'El sistema no puede encontrar el archivo especificado.', None, 2)")
OPEN FAILED: SerialException("could not open port 'COM16': FileNotFoundError(2, 'El sistema no puede encontrar el archivo especificado.', None, 2)")
OPEN FAILED: SerialException("could not open port 'COM16': FileNotFoundError(2, 'El sistema no puede encontrar el archivo especificado.', None, 2)")
OPEN FAILED: SerialException("could not open port 'COM16': FileNotFoundError(2, 'El sistema no puede encontrar el archivo especificado.', None, 2)")
OPEN FAILED: SerialException("could not open port 'COM16': FileNotFoundError(2, 'El sistema no puede encontrar el archivo especificado.', None, 2)")
OPEN FAILED: SerialException("could not open port 'COM16': FileNotFoundError(2, 'El sistema no puede encontrar el archivo especificado.', None, 2)")
OPEN FAILED: SerialException("could not open port 'COM16': FileNotFoundError(2, 'El sistema no puede encontrar el archivo especificado.', None, 2)")
OPEN FAILED: SerialException("could not open port 'COM16': FileNotFoundError(2, 'El sistema no puede encontrar el archivo especificado.', None, 2)")
OPEN FAILED: SerialException("could not open port 'COM16': FileNotFoundError(2, 'El sistema no puede encontrar el archivo especificado.', None, 2)")
OPEN FAILED: SerialException("could not open port 'COM16': FileNotFoundError(2, 'El sistema no puede encontrar el archivo especificado.', None, 2)")
OPEN FAILED: SerialException("could not open port 'COM16': FileNotFoundError(2, 'El sistema no puede encontrar el archivo especificado.', None, 2)")
OPEN FAILED: SerialException("could not open port 'COM16': FileNotFoundError(2, 'El sistema no puede encontrar el archivo especificado.', None, 2)")
OPEN FAILED: SerialException("could not open port 'COM16': FileNotFoundError(2, 'El sistema no puede encontrar el archivo especificado.', None, 2)")
OPEN FAILED: SerialException("could not open port 'COM16': FileNotFoundError(2, 'El sistema no puede encontrar el archivo especificado.', None, 2)")
OPEN FAILED: SerialException("could not open port 'COM16': FileNotFoundError(2, 'El sistema no puede encontrar el archivo especificado.', None, 2)")
OPEN FAILED: SerialException("could not open port 'COM16': FileNotFoundError(2, 'El sistema no puede encontrar el archivo especificado.', None, 2)")
OPEN FAILED: SerialException("could not open port 'COM16': FileNotFoundError(2, 'El sistema no puede encontrar el archivo especificado.', None, 2)")
OPEN FAILED: SerialException("could not open port 'COM16': FileNotFoundError(2, 'El sistema no puede encontrar el archivo especificado.', None, 2)")
OPEN FAILED: SerialException("could not open port 'COM16': FileNotFoundError(2, 'El sistema no puede encontrar el archivo especificado.', None, 2)")
OPEN FAILED: SerialException("could not open port 'COM16': FileNotFoundError(2, 'El sistema no puede encontrar el archivo especificado.', None, 2)")
OPEN FAILED: SerialException("could not open port 'COM16': FileNotFoundError(2, 'El sistema no puede encontrar el archivo especificado.', None, 2)")
OPEN FAILED: SerialException("could not open port 'COM16': FileNotFoundError(2, 'El sistema no puede encontrar el archivo especificado.', None, 2)")
OPEN FAILED: SerialException("could not open port 'COM16': FileNotFoundError(2, 'El sistema no puede encontrar el archivo especificado.', None, 2)")
OPEN FAILED: SerialException("could not open port 'COM16': FileNotFoundError(2, 'El sistema no puede encontrar el archivo especificado.', None, 2)")
OPEN FAILED: SerialException("could not open port 'COM16': FileNotFoundError(2, 'El sistema no puede encontrar el archivo especificado.', None, 2)")
OPEN FAILED: SerialException("could not open port 'COM16': FileNotFoundError(2, 'El sistema no puede encontrar el archivo especificado.', None, 2)")
OPEN FAILED: SerialException("could not open port 'COM16': FileNotFoundError(2, 'El sistema no puede encontrar el archivo especificado.', None, 2)")
OPEN FAILED: SerialException("could not open port 'COM16': FileNotFoundError(2, 'El sistema no puede encontrar el archivo especificado.', None, 2)")
OPEN FAILED: SerialException("could not open port 'COM16': FileNotFoundError(2, 'El sistema no puede encontrar el archivo especificado.', None, 2)")
OPEN FAILED: SerialException("could not open port 'COM16': FileNotFoundError(2, 'El sistema no puede encontrar el archivo especificado.', None, 2)")
OPEN FAILED: SerialException("could not open port 'COM16': FileNotFoundError(2, 'El sistema no puede encontrar el archivo especificado.', None, 2)")
OPEN FAILED: SerialException("could not open port 'COM16': FileNotFoundError(2, 'El sistema no puede encontrar el archivo especificado.', None, 2)")
OPEN FAILED: SerialException("could not open port 'COM16': FileNotFoundError(2, 'El sistema no puede encontrar el archivo especificado.', None, 2)")
OPEN FAILED: SerialException("could not open port 'COM16': FileNotFoundError(2, 'El sistema no puede encontrar el archivo especificado.', None, 2)")
OPEN FAILED: SerialException("could not open port 'COM16': FileNotFoundError(2, 'El sistema no puede encontrar el archivo especificado.', None, 2)")
OPEN FAILED: SerialException("could not open port 'COM16': FileNotFoundError(2, 'El sistema no puede encontrar el archivo especificado.', None, 2)")
OPEN FAILED: SerialException("could not open port 'COM16': FileNotFoundError(2, 'El sistema no puede encontrar el archivo especificado.', None, 2)")
OPEN FAILED: SerialException("could not open port 'COM16': FileNotFoundError(2, 'El sistema no puede encontrar el archivo especificado.', None, 2)")
=== COM16 abierto, capturando 120s (el open resetea la placa) ===
[   2.2s] 3V3: about to assert
[   2.2s] 3V3: asserted
[   2.8s] 3V3: settled
[   2.8s] 5V: about to assert (plain write)
[   2.8s] 5V: asserted
[   3.4s] 5V: settled
[   3.4s] LoRa: about to assert
[   3.4s] LoRa: asserted
[   3.4s] BMV080 EN: GPIO15 -> LOW
[   3.7s] rails up
[   3.7s] [PowerManager] enable3V3Sensors (stub - bench has no gating FET yet)
[   3.7s] --- I2C scan (after rails, before sensor init) ---
[   3.7s]   ACK at 0x57
[   3.7s]   ACK at 0x74
[   3.7s]   ACK at 0x76
[   3.7s] [bme probe right after scan] 0x76 (addr-probe=0) chip ID = 0x61 (0x61 = BME69x, CORRECT)
[   3.7s] [  4088][E][Wire.cpp:499] requestFrom(): i2cWriteReadNonStop returned Error -1
[   3.7s] [bme probe right after scan] 0x77 accepted the register write but returned no data
[   3.7s] Waiting 5000ms for BMV080 startup...
[   9.0s] [bme probe after BMV080 wait, before begin] 0x76 (addr-probe=0) chip ID = 0x61 (0x61 = BME69x, CORRECT)
[   9.0s] [  9096][E][Wire.cpp:499] requestFrom(): i2cWriteReadNonStop returned Error -1
[   9.0s] [bme probe after BMV080 wait, before begin] 0x77 accepted the register write but returned no data
[   9.0s] [step] bme690.begin ...
[   9.0s] BME690: OK (bound to 0x76)
[   9.0s] SEN0466: SKIPPED (210s settle - excluded from the sleeping cycle)
[   9.0s] [step] cm1106.begin (SWAPPED: now before bmv080) ...
[  11.8s] [step] cm1106.begin returned ...
[  12.1s] [step] bmv080.begin (SWAPPED: now after cm1106) ...
[  12.7s] BMV080: OK
[  12.7s] [step] calypso.begin next ...
[  12.7s] [step] calypso.begin returned - radio next ...
[  12.7s] Configuring RYLR998 (link parameters must match pp1-lora-receiver):
[  12.7s]   -> AT
[  12.7s]   <- +OK
[  12.7s]   -> AT+ADDRESS=4
[  12.7s]   <- +OK
[  12.7s]   -> AT+NETWORKID=5
[  12.7s]   <- +OK
[  12.7s]   -> AT+BAND=868000000
[  12.7s]   <- +OK
[  12.7s]   -> AT+PARAMETER=7,7,1,12
[  12.7s]   <- +OK
[  12.7s]   -> AT+CRFOP=14
[  12.7s]   <- +OK
[  12.7s] LoRa TX power -> 14 dBm: OK
[  12.7s] Radio init OK
[  12.7s] Setup complete.
[  12.7s] 
[  12.7s] [sentinel] bme=OK(T25.1 H46.3) co=NotInit(0.00)  (40ms)
[  13.0s] [read] rail recovery after the BME690 heater
[  21.0s] [bmv080] laser off after 2054ms (pm2.5=0.0, frame)
[  26.2s] [cm1106 raw] 16 05 01 02 EA 00 03 F5 | status=OK frozenValueRun=0
[  32.1s] [read] bme=OK(T25.2 H46.3 gas5685) bmv=OK(pm2.5=0.0) co2=OK(746) co=NotInit(0.00) wind=silent(rx=0)  (all sensors, 19434ms)
[  32.1s] [store] reading 2/4 kept (tick 178)
[  33.6s] [tx] sensor rails off for the transmit
[  34.3s] TX [0..1/2] 114 bytes: B,2,25.1,46.4,944.4,7240,0.0,0.0,0.0,667,0.0,0.0,0,0.0,0,3;25.2,46.3,944.4,5685,0.0,0.0,0.0,746,0.0,0.0,0,0.0,0,0;  (sent)
[  34.6s] [downlink] from addr 2 (69 bytes, rssi -35, snr 13): CFG,temp_pre_off=48,temp_pre_on=50,temp_alarm_off=55,temp_alarm_on=60
[  34.6s] [cfg] applied, ACK sent: ACK,temp_pre_off=48,temp_pre_on=50,temp_alarm_off=55,temp_alarm_on=60 (ok)
[  34.6s] [stat] STAT,178,8,0,11100,0,3120,86,0  (cap 3.62V = 86% usable, flags from wake 178, 0 tick(s) ago) (sent)
READ FAILED after 34.7s: SerialException("ClearCommError failed (PermissionError(13, 'El dispositivo no reconoce el comando.', None, 22))")
=== fin ===
OPEN FAILED: SerialException("could not open port 'COM16': FileNotFoundError(2, 'El sistema no puede encontrar el archivo especificado.', None, 2)")
OPEN FAILED: SerialException("could not open port 'COM16': FileNotFoundError(2, 'El sistema no puede encontrar el archivo especificado.', None, 2)")
OPEN FAILED: SerialException("could not open port 'COM16': FileNotFoundError(2, 'El sistema no puede encontrar el archivo especificado.', None, 2)")
OPEN FAILED: SerialException("could not open port 'COM16': FileNotFoundError(2, 'El sistema no puede encontrar el archivo especificado.', None, 2)")
OPEN FAILED: SerialException("could not open port 'COM16': FileNotFoundError(2, 'El sistema no puede encontrar el archivo especificado.', None, 2)")
OPEN FAILED: SerialException("could not open port 'COM16': FileNotFoundError(2, 'El sistema no puede encontrar el archivo especificado.', None, 2)")
OPEN FAILED: SerialException("could not open port 'COM16': FileNotFoundError(2, 'El sistema no puede encontrar el archivo especificado.', None, 2)")
OPEN FAILED: SerialException("could not open port 'COM16': FileNotFoundError(2, 'El sistema no puede encontrar el archivo especificado.', None, 2)")
OPEN FAILED: SerialException("could not open port 'COM16': FileNotFoundError(2, 'El sistema no puede encontrar el archivo especificado.', None, 2)")
OPEN FAILED: SerialException("could not open port 'COM16': FileNotFoundError(2, 'El sistema no puede encontrar el archivo especificado.', None, 2)")
OPEN FAILED: SerialException("could not open port 'COM16': FileNotFoundError(2, 'El sistema no puede encontrar el archivo especificado.', None, 2)")
OPEN FAILED: SerialException("could not open port 'COM16': FileNotFoundError(2, 'El sistema no puede encontrar el archivo especificado.', None, 2)")
OPEN FAILED: SerialException("could not open port 'COM16': FileNotFoundError(2, 'El sistema no puede encontrar el archivo especificado.', None, 2)")
OPEN FAILED: SerialException("could not open port 'COM16': FileNotFoundError(2, 'El sistema no puede encontrar el archivo especificado.', None, 2)")
OPEN FAILED: SerialException("could not open port 'COM16': FileNotFoundError(2, 'El sistema no puede encontrar el archivo especificado.', None, 2)")
OPEN FAILED: SerialException("could not open port 'COM16': FileNotFoundError(2, 'El sistema no puede encontrar el archivo especificado.', None, 2)")
OPEN FAILED: SerialException("could not open port 'COM16': FileNotFoundError(2, 'El sistema no puede encontrar el archivo especificado.', None, 2)")
OPEN FAILED: SerialException("could not open port 'COM16': FileNotFoundError(2, 'El sistema no puede encontrar el archivo especificado.', None, 2)")
OPEN FAILED: SerialException("could not open port 'COM16': FileNotFoundError(2, 'El sistema no puede encontrar el archivo especificado.', None, 2)")
OPEN FAILED: SerialException("could not open port 'COM16': FileNotFoundError(2, 'El sistema no puede encontrar el archivo especificado.', None, 2)")
OPEN FAILED: SerialException("could not open port 'COM16': FileNotFoundError(2, 'El sistema no puede encontrar el archivo especificado.', None, 2)")
OPEN FAILED: SerialException("could not open port 'COM16': FileNotFoundError(2, 'El sistema no puede encontrar el archivo especificado.', None, 2)")
OPEN FAILED: SerialException("could not open port 'COM16': FileNotFoundError(2, 'El sistema no puede encontrar el archivo especificado.', None, 2)")
OPEN FAILED: SerialException("could not open port 'COM16': FileNotFoundError(2, 'El sistema no puede encontrar el archivo especificado.', None, 2)")
OPEN FAILED: SerialException("could not open port 'COM16': FileNotFoundError(2, 'El sistema no puede encontrar el archivo especificado.', None, 2)")
OPEN FAILED: SerialException("could not open port 'COM16': FileNotFoundError(2, 'El sistema no puede encontrar el archivo especificado.', None, 2)")
OPEN FAILED: SerialException("could not open port 'COM16': FileNotFoundError(2, 'El sistema no puede encontrar el archivo especificado.', None, 2)")
OPEN FAILED: SerialException("could not open port 'COM16': FileNotFoundError(2, 'El sistema no puede encontrar el archivo especificado.', None, 2)")
OPEN FAILED: SerialException("could not open port 'COM16': FileNotFoundError(2, 'El sistema no puede encontrar el archivo especificado.', None, 2)")
OPEN FAILED: SerialException("could not open port 'COM16': FileNotFoundError(2, 'El sistema no puede encontrar el archivo especificado.', None, 2)")
OPEN FAILED: SerialException("could not open port 'COM16': FileNotFoundError(2, 'El sistema no puede encontrar el archivo especificado.', None, 2)")
OPEN FAILED: SerialException("could not open port 'COM16': FileNotFoundError(2, 'El sistema no puede encontrar el archivo especificado.', None, 2)")
OPEN FAILED: SerialException("could not open port 'COM16': FileNotFoundError(2, 'El sistema no puede encontrar el archivo especificado.', None, 2)")
OPEN FAILED: SerialException("could not open port 'COM16': FileNotFoundError(2, 'El sistema no puede encontrar el archivo especificado.', None, 2)")
OPEN FAILED: SerialException("could not open port 'COM16': FileNotFoundError(2, 'El sistema no puede encontrar el archivo especificado.', None, 2)")
OPEN FAILED: SerialException("could not open port 'COM16': FileNotFoundError(2, 'El sistema no puede encontrar el archivo especificado.', None, 2)")
OPEN FAILED: SerialException("could not open port 'COM16': FileNotFoundError(2, 'El sistema no puede encontrar el archivo especificado.', None, 2)")
OPEN FAILED: SerialException("could not open port 'COM16': FileNotFoundError(2, 'El sistema no puede encontrar el archivo especificado.', None, 2)")
OPEN FAILED: SerialException("could not open port 'COM16': FileNotFoundError(2, 'El sistema no puede encontrar el archivo especificado.', None, 2)")
OPEN FAILED: SerialException("could not open port 'COM16': FileNotFoundError(2, 'El sistema no puede encontrar el archivo especificado.', None, 2)")
OPEN FAILED: SerialException("could not open port 'COM16': FileNotFoundError(2, 'El sistema no puede encontrar el archivo especificado.', None, 2)")
OPEN FAILED: SerialException("could not open port 'COM16': FileNotFoundError(2, 'El sistema no puede encontrar el archivo especificado.', None, 2)")
OPEN FAILED: SerialException("could not open port 'COM16': FileNotFoundError(2, 'El sistema no puede encontrar el archivo especificado.', None, 2)")
OPEN FAILED: SerialException("could not open port 'COM16': FileNotFoundError(2, 'El sistema no puede encontrar el archivo especificado.', None, 2)")
OPEN FAILED: SerialException("could not open port 'COM16': FileNotFoundError(2, 'El sistema no puede encontrar el archivo especificado.', None, 2)")
OPEN FAILED: SerialException("could not open port 'COM16': FileNotFoundError(2, 'El sistema no puede encontrar el archivo especificado.', None, 2)")
OPEN FAILED: SerialException("could not open port 'COM16': FileNotFoundError(2, 'El sistema no puede encontrar el archivo especificado.', None, 2)")
OPEN FAILED: SerialException("could not open port 'COM16': FileNotFoundError(2, 'El sistema no puede encontrar el archivo especificado.', None, 2)")
OPEN FAILED: SerialException("could not open port 'COM16': FileNotFoundError(2, 'El sistema no puede encontrar el archivo especificado.', None, 2)")
OPEN FAILED: SerialException("could not open port 'COM16': FileNotFoundError(2, 'El sistema no puede encontrar el archivo especificado.', None, 2)")
OPEN FAILED: SerialException("could not open port 'COM16': FileNotFoundError(2, 'El sistema no puede encontrar el archivo especificado.', None, 2)")
OPEN FAILED: SerialException("could not open port 'COM16': FileNotFoundError(2, 'El sistema no puede encontrar el archivo especificado.', None, 2)")
OPEN FAILED: SerialException("could not open port 'COM16': FileNotFoundError(2, 'El sistema no puede encontrar el archivo especificado.', None, 2)")
OPEN FAILED: SerialException("could not open port 'COM16': FileNotFoundError(2, 'El sistema no puede encontrar el archivo especificado.', None, 2)")
OPEN FAILED: SerialException("could not open port 'COM16': FileNotFoundError(2, 'El sistema no puede encontrar el archivo especificado.', None, 2)")
OPEN FAILED: SerialException("could not open port 'COM16': FileNotFoundError(2, 'El sistema no puede encontrar el archivo especificado.', None, 2)")
OPEN FAILED: SerialException("could not open port 'COM16': FileNotFoundError(2, 'El sistema no puede encontrar el archivo especificado.', None, 2)")
OPEN FAILED: SerialException("could not open port 'COM16': FileNotFoundError(2, 'El sistema no puede encontrar el archivo especificado.', None, 2)")
OPEN FAILED: SerialException("could not open port 'COM16': FileNotFoundError(2, 'El sistema no puede encontrar el archivo especificado.', None, 2)")
OPEN FAILED: SerialException("could not open port 'COM16': FileNotFoundError(2, 'El sistema no puede encontrar el archivo especificado.', None, 2)")
OPEN FAILED: SerialException("could not open port 'COM16': FileNotFoundError(2, 'El sistema no puede encontrar el archivo especificado.', None, 2)")
OPEN FAILED: SerialException("could not open port 'COM16': FileNotFoundError(2, 'El sistema no puede encontrar el archivo especificado.', None, 2)")
OPEN FAILED: SerialException("could not open port 'COM16': FileNotFoundError(2, 'El sistema no puede encontrar el archivo especificado.', None, 2)")
OPEN FAILED: SerialException("could not open port 'COM16': FileNotFoundError(2, 'El sistema no puede encontrar el archivo especificado.', None, 2)")
OPEN FAILED: SerialException("could not open port 'COM16': FileNotFoundError(2, 'El sistema no puede encontrar el archivo especificado.', None, 2)")
OPEN FAILED: SerialException("could not open port 'COM16': FileNotFoundError(2, 'El sistema no puede encontrar el archivo especificado.', None, 2)")
OPEN FAILED: SerialException("could not open port 'COM16': FileNotFoundError(2, 'El sistema no puede encontrar el archivo especificado.', None, 2)")
OPEN FAILED: SerialException("could not open port 'COM16': FileNotFoundError(2, 'El sistema no puede encontrar el archivo especificado.', None, 2)")
OPEN FAILED: SerialException("could not open port 'COM16': FileNotFoundError(2, 'El sistema no puede encontrar el archivo especificado.', None, 2)")
OPEN FAILED: SerialException("could not open port 'COM16': FileNotFoundError(2, 'El sistema no puede encontrar el archivo especificado.', None, 2)")
OPEN FAILED: SerialException("could not open port 'COM16': FileNotFoundError(2, 'El sistema no puede encontrar el archivo especificado.', None, 2)")
OPEN FAILED: SerialException("could not open port 'COM16': FileNotFoundError(2, 'El sistema no puede encontrar el archivo especificado.', None, 2)")
OPEN FAILED: SerialException("could not open port 'COM16': FileNotFoundError(2, 'El sistema no puede encontrar el archivo especificado.', None, 2)")
OPEN FAILED: SerialException("could not open port 'COM16': FileNotFoundError(2, 'El sistema no puede encontrar el archivo especificado.', None, 2)")
OPEN FAILED: SerialException("could not open port 'COM16': FileNotFoundError(2, 'El sistema no puede encontrar el archivo especificado.', None, 2)")
OPEN FAILED: SerialException("could not open port 'COM16': FileNotFoundError(2, 'El sistema no puede encontrar el archivo especificado.', None, 2)")
OPEN FAILED: SerialException("could not open port 'COM16': FileNotFoundError(2, 'El sistema no puede encontrar el archivo especificado.', None, 2)")
OPEN FAILED: SerialException("could not open port 'COM16': FileNotFoundError(2, 'El sistema no puede encontrar el archivo especificado.', None, 2)")
OPEN FAILED: SerialException("could not open port 'COM16': FileNotFoundError(2, 'El sistema no puede encontrar el archivo especificado.', None, 2)")
OPEN FAILED: SerialException("could not open port 'COM16': FileNotFoundError(2, 'El sistema no puede encontrar el archivo especificado.', None, 2)")
OPEN FAILED: SerialException("could not open port 'COM16': FileNotFoundError(2, 'El sistema no puede encontrar el archivo especificado.', None, 2)")
OPEN FAILED: SerialException("could not open port 'COM16': FileNotFoundError(2, 'El sistema no puede encontrar el archivo especificado.', None, 2)")
OPEN FAILED: SerialException("could not open port 'COM16': FileNotFoundError(2, 'El sistema no puede encontrar el archivo especificado.', None, 2)")
OPEN FAILED: SerialException("could not open port 'COM16': FileNotFoundError(2, 'El sistema no puede encontrar el archivo especificado.', None, 2)")
OPEN FAILED: SerialException("could not open port 'COM16': FileNotFoundError(2, 'El sistema no puede encontrar el archivo especificado.', None, 2)")
OPEN FAILED: SerialException("could not open port 'COM16': FileNotFoundError(2, 'El sistema no puede encontrar el archivo especificado.', None, 2)")
OPEN FAILED: SerialException("could not open port 'COM16': FileNotFoundError(2, 'El sistema no puede encontrar el archivo especificado.', None, 2)")
OPEN FAILED: SerialException("could not open port 'COM16': FileNotFoundError(2, 'El sistema no puede encontrar el archivo especificado.', None, 2)")
OPEN FAILED: SerialException("could not open port 'COM16': FileNotFoundError(2, 'El sistema no puede encontrar el archivo especificado.', None, 2)")
OPEN FAILED: SerialException("could not open port 'COM16': FileNotFoundError(2, 'El sistema no puede encontrar el archivo especificado.', None, 2)")
OPEN FAILED: SerialException("could not open port 'COM16': FileNotFoundError(2, 'El sistema no puede encontrar el archivo especificado.', None, 2)")
OPEN FAILED: SerialException("could not open port 'COM16': FileNotFoundError(2, 'El sistema no puede encontrar el archivo especificado.', None, 2)")
OPEN FAILED: SerialException("could not open port 'COM16': FileNotFoundError(2, 'El sistema no puede encontrar el archivo especificado.', None, 2)")
OPEN FAILED: SerialException("could not open port 'COM16': FileNotFoundError(2, 'El sistema no puede encontrar el archivo especificado.', None, 2)")
OPEN FAILED: SerialException("could not open port 'COM16': FileNotFoundError(2, 'El sistema no puede encontrar el archivo especificado.', None, 2)")
OPEN FAILED: SerialException("could not open port 'COM16': FileNotFoundError(2, 'El sistema no puede encontrar el archivo especificado.', None, 2)")
OPEN FAILED: SerialException("could not open port 'COM16': FileNotFoundError(2, 'El sistema no puede encontrar el archivo especificado.', None, 2)")
OPEN FAILED: SerialException("could not open port 'COM16': FileNotFoundError(2, 'El sistema no puede encontrar el archivo especificado.', None, 2)")
OPEN FAILED: SerialException("could not open port 'COM16': FileNotFoundError(2, 'El sistema no puede encontrar el archivo especificado.', None, 2)")
OPEN FAILED: SerialException("could not open port 'COM16': FileNotFoundError(2, 'El sistema no puede encontrar el archivo especificado.', None, 2)")
OPEN FAILED: SerialException("could not open port 'COM16': FileNotFoundError(2, 'El sistema no puede encontrar el archivo especificado.', None, 2)")
OPEN FAILED: SerialException("could not open port 'COM16': FileNotFoundError(2, 'El sistema no puede encontrar el archivo especificado.', None, 2)")
OPEN FAILED: SerialException("could not open port 'COM16': FileNotFoundError(2, 'El sistema no puede encontrar el archivo especificado.', None, 2)")
OPEN FAILED: SerialException("could not open port 'COM16': FileNotFoundError(2, 'El sistema no puede encontrar el archivo especificado.', None, 2)")
OPEN FAILED: SerialException("could not open port 'COM16': FileNotFoundError(2, 'El sistema no puede encontrar el archivo especificado.', None, 2)")
OPEN FAILED: SerialException("could not open port 'COM16': FileNotFoundError(2, 'El sistema no puede encontrar el archivo especificado.', None, 2)")
OPEN FAILED: SerialException("could not open port 'COM16': FileNotFoundError(2, 'El sistema no puede encontrar el archivo especificado.', None, 2)")
OPEN FAILED: SerialException("could not open port 'COM16': FileNotFoundError(2, 'El sistema no puede encontrar el archivo especificado.', None, 2)")
OPEN FAILED: SerialException("could not open port 'COM16': FileNotFoundError(2, 'El sistema no puede encontrar el archivo especificado.', None, 2)")
OPEN FAILED: SerialException("could not open port 'COM16': FileNotFoundError(2, 'El sistema no puede encontrar el archivo especificado.', None, 2)")
=== COM16 abierto, capturando 120s (el open resetea la placa) ===
READ FAILED after 0.2s: SerialException("ClearCommError failed (PermissionError(13, 'El dispositivo no reconoce el comando.', None, 22))")
=== fin ===
OPEN FAILED: SerialException("could not open port 'COM16': FileNotFoundError(2, 'El sistema no puede encontrar el archivo especificado.', None, 2)")
OPEN FAILED: SerialException("could not open port 'COM16': FileNotFoundError(2, 'El sistema no puede encontrar el archivo especificado.', None, 2)")
OPEN FAILED: SerialException("could not open port 'COM16': FileNotFoundError(2, 'El sistema no puede encontrar el archivo especificado.', None, 2)")
OPEN FAILED: SerialException("could not open port 'COM16': FileNotFoundError(2, 'El sistema no puede encontrar el archivo especificado.', None, 2)")
OPEN FAILED: SerialException("could not open port 'COM16': FileNotFoundError(2, 'El sistema no puede encontrar el archivo especificado.', None, 2)")
OPEN FAILED: SerialException("could not open port 'COM16': FileNotFoundError(2, 'El sistema no puede encontrar el archivo especificado.', None, 2)")
OPEN FAILED: SerialException("could not open port 'COM16': FileNotFoundError(2, 'El sistema no puede encontrar el archivo especificado.', None, 2)")
OPEN FAILED: SerialException("could not open port 'COM16': FileNotFoundError(2, 'El sistema no puede encontrar el archivo especificado.', None, 2)")
OPEN FAILED: SerialException("could not open port 'COM16': FileNotFoundError(2, 'El sistema no puede encontrar el archivo especificado.', None, 2)")
